,Anch2018_CatBoost_YetiRank_Depth6_Base,Anch2018_CatBoost_YetiRank_Depth6_Meta_Recursive,Anch2018_CatBoost_YetiRank_Depth10_Base,Anch2018_CatBoost_YetiRank_Depth10_Meta_Recursive,Anch2019_CatBoost_YetiRank_Depth6_Base,Anch2019_CatBoost_YetiRank_Depth6_Meta_Recursive,Anch2019_CatBoost_YetiRank_Depth10_Base,Anch2019_CatBoost_YetiRank_Depth10_Meta_Recursive,Anch2020_CatBoost_YetiRank_Depth6_Base,Anch2020_CatBoost_YetiRank_Depth6_Meta_Recursive,Anch2020_CatBoost_YetiRank_Depth10_Base,Anch2020_CatBoost_YetiRank_Depth10_Meta_Recursive,Anch2021_CatBoost_YetiRank_Depth6_Base,Anch2021_CatBoost_YetiRank_Depth6_Meta_Recursive,Anch2021_CatBoost_YetiRank_Depth10_Base,Anch2021_CatBoost_YetiRank_Depth10_Meta_Recursive,Anch2022_CatBoost_YetiRank_Depth6_Base,Anch2022_CatBoost_YetiRank_Depth6_Meta_Recursive,Anch2022_CatBoost_YetiRank_Depth10_Base,Anch2022_CatBoost_YetiRank_Depth10_Meta_Recursive,Anch2023_CatBoost_YetiRank_Depth6_Base,Anch2023_CatBoost_YetiRank_Depth6_Meta_Recursive,Anch2023_CatBoost_YetiRank_Depth10_Base,Anch2023_CatBoost_YetiRank_Depth10_Meta_Recursive
gross_site_area_acres,25.445463506209553,13.275845537324166,20.25559609956958,14.678974814050791,23.53491319987046,14.106486459858186,25.362806127465802,16.099064619737337,21.89188057086642,15.14067043377473,24.45873646811971,13.002683259065165,18.340399853534457,15.382528146176485,25.64699011643269,16.61887418701245,16.304039020121046,9.72321061801056,19.751064101305694,13.334338019691513,18.48883933227611,7.037735637619019,18.310831172104546,10.192004746755075
delta_max_height_ft,1.1936885222368454,1.6643564379782185,0.8814591911311154,1.4533169307907081,1.5273381145392455,1.6546315668567864,0.8868291081078424,1.4236930700533919,0.46709121361276035,1.672432009407242,1.1871555697108092,1.6539409431595395,1.4567125176527878,1.5267076956617218,0.9412398014666881,1.5932468649531466,0.9550711352530047,1.4915197251609467,1.7738763487720415,0.8458723612736694,1.132309377431241,0.5450606438461023,1.6442958725744472,1.5194392816957345
delta_max_far,3.6666697419205434,4.186960980423588,3.5719530685604353,3.8597026128849796,3.9368659473135996,5.16409302075411,3.1436997008872667,4.432501156868933,2.2986209911158313,3.2291827162801607,2.4406819444657417,2.740201079567889,3.190775414441128,2.787271265307777,2.9770119519134544,2.4806172459645963,1.6420260892438605,3.2841308842261863,2.08387965148999,3.2845537001669873,1.8983354468320248,3.8685059810358515,2.317785534443026,2.432029535566996
delta_max_bldg_cov_pct,7.558380449773974,3.5177882065814696,4.825517950595228,2.0585097769355127,8.995136648804698,4.39567706932314,5.217992090920744,3.4784884083212884,8.970857404123556,4.494496016533591,5.074965534776018,3.271343180396803,6.878746808469568,4.527756677878008,3.774719861967398,3.3995214044381257,7.718509953972494,4.784670557566238,5.267109273676266,4.580435680316298,8.111645976431598,6.0590587941007765,7.252974482904379,4.591222513833651
delta_min_lot_sqft,1.813173837608287,1.163572371279058,0.2820325906142449,0.5011289277492158,1.3066140445960348,0.723242066993402,0.33773275802806074,0.6451671274927321,1.0912246523441242,0.6046376087075126,0.21715359730127445,0.3110478449462115,1.1322680819565576,0.3768695487793804,0.39979624141209846,0.6743667124497046,0.6179003478539614,0.5489172429308965,0.18754484525769463,0.7989655927823023,0.6205001727789534,1.2642488976020407,0.30900560100835295,0.8922810000442881
latitude,5.087317045790747,7.22560814081098,15.291657392192038,13.278889933163432,5.598006429481442,9.052190722188442,13.61197007835146,13.69952427461523,5.1197016236279165,7.248016653538383,11.616646684783833,13.937669478960684,6.467561156224007,8.387491012699215,8.83960985501124,8.419937989954205,6.512520973482766,6.461606476159831,8.164867506304022,9.782200275517553,4.013591238999813,6.217707261584588,7.281806891290063,7.950151617304319
longitude,4.627581286217749,7.790809658130121,13.569759327362377,13.257230502907769,3.7083974736595846,6.4885876939483955,10.440523134212002,10.87394427378891,4.119066287295572,6.726719579306763,11.76589476892422,11.503514588220057,4.740861945788547,7.343927291345334,10.215008608743997,10.476575675498696,5.261866697813737,7.679277137325223,9.90555600868015,9.526902698614455,4.6494750953193105,5.891657563594532,10.214633923025344,8.967669970615203
lui_land_use,0.29342964918751796,0.4191045236602551,0.21775563254987423,0.22207107190619413,0.039002428243972334,0.5052103149164788,0.1145156376281318,0.40999091350635997,0.11350295021153119,0.42845185224025856,0.14321243701724576,0.3081534282355692,0.018294720670646202,0.45022183473203625,0.0,0.39087313310455074,0.0,0.4359794808915089,0.11599318233502447,0.3212129684048854,0.0,0.4569131056096084,0.08608771042591278,0.3733585426190302
lui_shape_area,0.08494424260480342,0.3579805408185965,0.08210504206348712,0.1911426132831607,0.8922238878354241,0.460461450981143,0.16806229877704842,0.40247998886800496,0.32943598383339734,0.2371773647567106,0.18044486486664982,0.21030108069898262,0.3962347330713639,0.24824514862047414,0.33598037891313953,0.27937532773504753,0.8026360088079039,0.3528104719541096,0.5513892953613811,0.502531885090029,1.000204804143636,0.2550343112989744,0.9703515710232103,0.3290548860166446
nearby_GEOID,0.16525963978389677,0.7870234670445589,0.0,0.2348808205362565,0.0,0.2811418959678177,0.0,0.23363474832914,0.4516784345551925,0.5026508822820095,0.04484461019576838,0.25252701753697737,0.0,0.29228300667794443,0.05554875636999692,0.15060216929571876,0.0,0.28960822601944936,0.0,0.1712056933877363,0.0,0.4305141475427651,0.0,0.25295702202827847
acs_owner_occupied_units,1.2542725367036054,0.9514479503355511,0.010913536029285178,0.21925155554311115,0.9176913853990257,0.2674712142808855,0.030262263846099664,0.1707424871902363,0.6112819575461069,0.5483003409193077,0.04026699992841645,0.2510025117583649,0.9143350028301038,0.2348985451286274,0.12586892962524995,0.1341666940110671,0.3272480592151615,0.19641983738670526,0.054469786991418356,0.10743107895360068,0.21715938634366827,0.13160015969132952,0.0,0.05258090036346937
acs_renter_occupied_units,0.14742303688100789,0.4551076962543466,0.06492841349202387,0.01880866635774682,0.0,0.08866815479488063,0.0,0.06079892744644389,0.0,0.039939544356407716,0.0,0.02063483219447842,0.0,0.031206683438516146,0.05841379309124902,0.018180805529864143,0.6362823472814926,0.025807862188490297,0.21615141398498477,0.014335162671370881,0.09881086276162378,0.096191793951594,0.05166634116899866,0.04710614147360437
acs_vintage,0.2249855172499437,0.22797607939338732,0.0,0.0472809778752312,0.11115001262560552,0.07699240914518757,0.0,0.05152697427200848,0.0908164693567196,0.13884172880224951,0.005352836702674997,0.0623218491950401,0.5063651838030673,0.02193568141201921,0.0,0.009201407069357452,0.0,0.11612974061963176,0.0,0.038666208983690636,0.0,0.03789644391771418,0.0,0.03248687817270121
ldb_ilr,0.060509020855505344,0.4789234690750402,0.04341066760327988,0.03612506692087976,0.12175872335611083,0.1550848807125578,0.0,0.09431322718219548,0.556227817385949,0.5329993839348477,0.0,0.1138693603738875,0.2490683529839335,0.18639125832357945,0.018692396437441947,0.08366995943402651,1.0598874768323818,0.8083976349153442,0.16189786986875093,0.2029431956324541,0.3007520656676111,0.38078251053294354,0.00837265710061969,0.2095604385983736
ldb_imprv_sqft,0.0,0.2795001175891529,0.0,0.1418349828643722,0.0630378502729354,0.5480849241077075,0.059188379439616745,0.3391026324058126,0.12849164873960814,0.5564403009721078,0.0,0.2793489398150955,0.0,0.4665518851946585,0.1533391644102716,0.28551515481217,1.1532716314175997,0.4246827072804239,0.02681137959363818,0.31390741891546825,1.6916015671164737,0.5987390791852595,0.13128211142114085,0.3051364347027328
spatial_contagion_1yr,1.4588373158963337,0.8645188801770669,1.6213383463203612,0.9313823325259988,2.366901184597575,2.3039577436743572,2.011919182222393,2.241020668955262,3.459414373774085,1.1437607320917536,1.477225140549447,1.637536222581367,3.4949899132821525,1.0010859377846812,1.8751194206941495,1.216592900680137,4.051988146721492,1.1402894909447732,2.2373852359084023,0.6894904452268616,3.5816441060501596,0.9660685927974743,2.564887262906297,1.1568360137642861
spatial_contagion_3yr,1.6469056853916955,2.625671568207492,3.065141205468554,4.201913360926299,1.8800973881858942,1.7030739925367016,2.7941377659308877,2.535782158353093,1.5655965447042504,2.505926653522301,3.154089289262306,2.8193289314404417,3.027031382650485,2.07841603980776,1.9804112443139312,3.3216686805413604,2.794397979689587,1.8711325469728657,3.622952307940837,3.869976031294653,1.4348703124890603,2.6774629894459325,2.745275825243152,3.294558194961593
median_appraised_value,10.639350068562088,3.44209545190117,4.9319735916565035,4.484604822823068,6.572433592612755,2.4537331408245255,3.628911751814233,2.4314571915273078,3.406262462660295,1.8705266729183692,2.4131006212244266,1.584787261036153,4.249564270659304,3.7187463353925656,1.7820417714462597,2.744462585741599,3.048002141017521,2.6490425334063796,2.726033929462908,2.9891479230322258,2.900127833954537,1.8581500045227315,2.354036068519693,1.8916539789634983
mean_appraised_value,0.7507019930995357,0.8670233178307402,0.2829406970606548,1.0179518945591597,1.80726805318052,1.9931251809589643,0.15213955146858557,0.8005231096223225,7.054931050184998,1.9819096552587931,1.2350675816057652,1.1617727108634772,2.6819573646503545,1.7325508870046635,2.24430365419885,1.7997714216357652,5.338514317953176,1.7893619467099058,3.923854282936738,1.5635349982614777,11.545265060841137,3.1052849934382976,4.673331117466638,1.2853878214804342
std_appraised_value,0.4491971519283939,0.590128437102633,0.3265310140765823,0.21303376170983632,0.9813021077795272,0.9555360018905578,0.1255579085434693,0.4456884945076568,0.4139613595214411,0.6205688254538207,0.19489917023974426,0.4423802732533267,0.1387143946434604,0.6641836671042167,0.45910517625129066,0.9244780683925818,1.4427847234027795,2.5360110157921465,0.957174449887982,1.5858261246376466,1.169070920932763,1.4648091137354575,1.252081157093048,1.013300275661037
median_sqft,1.7506142143392776,1.5077446221136765,1.3532859960633479,1.0193601032044852,2.4226084534377113,0.8601803729844207,3.848730321108257,0.5328649409577546,1.6541493097295565,0.8665196375502969,2.070403216378253,1.2640904486900273,1.0019617802064764,1.105328167275678,1.105715666977813,1.0880413274260214,0.4206817453172736,2.058665577921653,0.874094670067469,0.5032136370839568,0.283986492485678,0.8141232799532888,0.617125382780081,0.9039990542390799
median_structure_age,2.377479595775456,0.7230619339392094,0.6109663334312277,0.663883337394571,1.5421819838608304,1.5620767621043596,1.774417744669387,0.8868856817069513,2.2400354288513267,1.5426694005101158,1.5571296104778156,2.0685515526479166,4.714147235551561,2.3424725926269874,2.060357456520163,1.4312808752374946,1.5094448651696906,4.017105751871345,2.7144403575616285,2.050500098617971,1.7939892103872788,2.6397593920161864,1.3970513497546597,1.7892153063572287
median_neighbor_far,2.3936754144516548,6.929646950657537,1.615904643849441,4.565939421535949,2.219860471603403,5.744528557654751,1.1989314671012614,4.6830882780630825,1.3706561631558627,2.2998863782111725,0.7864231543025657,2.0956156517531936,1.454503945105148,2.4238871070497656,0.6225716104868029,2.936821502789306,2.207454532148386,1.9342507680785954,1.822599356097206,2.061291169767242,1.5120127291790177,5.995045530426046,2.8933885735995983,6.891594972258189
owner_occupancy_share,1.6708042532729914,0.8133602601602282,0.12438921945715263,0.3678506407862755,6.038773499855712,0.7197448595395571,1.238491713344234,0.5938666607069458,3.6138055640366735,1.9309539703049452,1.2134806302088366,0.7094520536688228,4.873947857042248,1.807708246444205,2.986819590537746,0.7398286029497224,4.959039482177227,1.7577099855939509,2.868493822567834,1.2708953633010207,7.795429508038762,2.939866040833397,3.2597364840721497,1.209861375878873
median_household_income,2.3369533752165377,3.399894756143609,0.8634621914246335,0.5504335517864458,1.793318264869974,2.7540049213912834,1.2634564139480493,0.5514402015189058,7.957198121674551,1.706853097251421,2.7996795627351125,1.0683328822535867,8.539504897009593,1.5707343681809285,4.106872322425497,0.9487556738045214,6.554329122650968,1.5507733197050944,2.245842576743306,1.1496063298194426,6.223222500634432,1.2149741127941736,2.122653828307908,0.9883625974418591
renter_share,2.9637520043698813,0.4332065138871265,1.0921577042483983,0.46138040811270087,2.400503695349815,0.795245514135603,0.3096463831358879,0.20784522182464338,0.630540876785256,0.702318748454222,0.14084928203928093,0.44614339565861555,1.0933162252953263,0.3562699908128439,0.6744254092933166,0.27397696691877527,2.2695333209016866,1.1786544025681416,0.7656926118868322,0.5814774315429305,0.07969066116323933,0.9576365667219036,0.19601366409870924,0.731155502730285
district_protest_rate_lag_1yr,0.0,0.9557041069034704,0.1738585985185842,0.6390359604937704,0.0,0.9361345960997931,0.45465002146710365,1.085686572006604,0.25895014363619767,0.9321761202853779,0.34573622216504235,0.8644162319789898,0.17238283731687182,1.216336173392887,0.40662421812754873,1.1274029964069228,0.0,1.0457452363267281,0.33084019632246425,1.0665530124788463,0.36347424669581885,0.9970229814080208,0.0683824152105952,0.8288203158938177
district_delta_max_height_ft_lag_1yr,0.47360354190263676,1.0465307562791812,0.3321634388214882,0.5687559082622128,0.2659528882184895,0.6649932734326252,0.6701079303028669,0.44791452675354054,1.2155736574592557,0.8202361359558825,0.9881089872879972,0.7325453281615887,0.44346567099959555,0.7576722272488087,0.8359296120797938,0.8731958291377092,1.4220150042861595,1.2012896164765923,1.5193928093867735,0.7366856698638831,0.8271325202740829,0.8332246454027674,1.232002758736976,0.7547080225277818
district_delta_max_far_lag_1yr,0.6124088685508703,1.0205062556586757,0.7425859911258502,0.8425093974873517,0.23525526628860272,0.5666455187537462,0.2958323260135157,0.32534633832670135,0.16220788133590425,0.3214097077416165,0.782881882283863,0.6244213552956954,0.04007876541306196,0.9383686450966078,0.44841657337125396,0.47128047681135726,0.3186872240024812,0.5204170679952783,0.8829995748590173,0.7316864979356124,0.24522869993878968,0.7773151474763371,0.5557824738339466,1.396660691582804
district_delta_max_bldg_cov_pct_lag_1yr,0.27288254410494894,0.9343763540161667,0.6480273218939159,0.650072685568316,0.259335227960342,0.8942010662649892,0.6631906771439937,1.0509070544571668,0.4366196276643897,1.4675590922485227,0.5120474002727017,1.3023224823478456,0.43462572311914405,1.2297811746705776,0.6604335773307768,1.4615839592621607,0.38894840420713084,1.5072471255154647,0.8090586339474053,2.4741055416905753,0.13505968820094552,1.1937477017737894,0.38942638072989655,1.0293155789429373
district_delta_min_lot_sqft_lag_1yr,0.06914051777258788,1.6670902635691505,0.2602573981486661,1.1306013945574556,0.3179740361370854,1.2715811118923168,0.37221426333444607,0.9492790739509668,0.324096747141187,1.1152807921062995,0.5330184138396438,0.6694911825411163,0.6644989915627662,0.9388311119351062,0.4309904377179415,0.774433624553445,0.03410935270126468,0.9810820328711167,0.4825506078069277,0.48637099873922807,0.8732478999314914,0.9754423502094242,0.15230504176891738,0.7556888537561491
district_council_district_y_lag_1yr,0.0,0.7091198734192024,0.017029674594245665,0.36544002286784383,0.0,0.47236863943170115,0.0,0.43295199013772284,0.0,0.3216631263774809,0.0,0.6269685696024795,0.0,0.47464116345250185,0.08681502956241259,0.667613392664949,0.0,0.296603689265786,0.17322342289042908,0.15787797466673859,0.0,0.5166186445229478,0.06715876978312169,0.4232319229294617
district_acs_race_white_lag_1yr,0.0,0.07098847863808447,0.0,0.036292641067241616,0.0,0.022442054304265824,0.0,0.01301455152115559,0.0,0.17760084158559578,0.0,0.09535128588489349,0.6600804576437298,0.05219503301696553,0.15892036683138805,0.12567081146766326,0.0,0.04890156368497973,0.0,0.02567674087411652,0.0,0.20794813653053196,0.0,0.04019653103077744
district_acs_owner_occupied_units_lag_1yr,0.6308936566562213,0.004759762147841792,0.0,0.05365096797138023,0.35454585924217485,0.03740342384044304,0.0,0.14171990115273064,0.0,0.07145585441432484,0.0,0.12243833139033025,0.39186477770800654,0.0775616935710008,0.0,0.14621198467293695,0.0,0.30694986802872104,0.0,0.23839829988286632,0.0,0.23338937704603055,0.0,0.08744493818673511
district_ldb_far_lag_1yr,0.0,0.13721719512832714,0.0,0.5767312131254895,0.17896019570480015,0.49865493612514533,0.0,0.4261134420595762,0.19569285620279064,0.14698168885504972,0.38439871074500015,0.11018243884893056,0.0,0.04890026815175366,0.06657597522815951,0.2900720429469328,0.0,0.035684204218267596,0.0,0.319571194850116,0.0,0.06794236001675336,0.13752225264181783,0.04756554310041166
district_ldb_imprv_sqft_lag_1yr,0.0,0.21539295351507592,0.2101940359537621,0.2203329386709683,0.0,0.1369573683432599,0.18343660777831972,0.12200855666271718,0.0,0.04618615151885306,0.015648026549968257,0.0488598483524434,0.0,0.08134877524449294,0.0,0.06975684452556495,0.0,0.032656615153799744,0.0,0.1463712431700111,0.15965526913404718,0.05578027500400181,0.6547285499317841,0.03385059132985168
district_ldb_appraised_val_lag_1yr,0.41646866279857225,0.4732518892026377,0.14958005186928647,0.23673505978364667,0.4042515461740574,0.4736297398638875,0.09308395790369857,0.5076407336030043,0.17576832153312857,0.4643214165702662,0.10053319783685964,0.3114722356470508,0.023114227956701323,0.35039266614537223,0.13459954785758854,0.3695844696051549,0.0,0.24198038363475016,0.09195318790303068,0.23557513970998692,0.09723419683522953,0.23207651398510076,0.2402890562004602,0.2610677345971125
district_spatial_contagion_1yr_lag_1yr,0.22413200168711198,0.3478449738369974,0.18728545825613574,0.13768538301193292,0.16966718285238888,0.4792131473472857,0.16507266062377823,0.2042567869259879,0.5872564541940157,0.2686936748146277,0.2473779200919131,0.21230482339196174,0.1627934735173729,0.2622565361828286,0.224223795574942,0.17873067340032442,0.023168226887478664,0.4224105000151671,0.28452282123678,0.18225833678038134,0.0,0.33857991708144897,0.08625667325834288,0.2653697842714748
district_spatial_contagion_3yr_lag_1yr,1.3707353600470211,3.134912930713603,0.5977992514091132,1.805196578132498,0.6174227046674726,3.8930595340062593,0.016695429063048984,2.7871470027079144,0.0,1.4943322743944123,0.12263437452573309,1.319131001094319,0.0,1.1346730407039802,0.3512938087523472,0.5120832486882266,1.197837975409809,0.7591600142759711,1.4834733477987674,0.7411557803898229,0.0,2.807095914337323,0.5572074078841902,2.2505914027454748
district_median_appraised_value_lag_1yr,0.7044580601469632,0.5093927405540604,0.4303280821414261,0.1470059291176254,0.41719627419098315,0.3794957027215052,0.3972785124111334,0.38369149213022624,0.30874463635999305,0.5279493086856076,0.7602839030720814,0.8725098932766282,1.3979559073765522,0.23423725426081637,0.809132906781135,0.8119120243973771,0.10754747206282848,0.7779284433109016,0.22618400331323446,0.2603653838998539,0.09886862094408583,0.3321665749941328,0.33965516158530146,0.3688953059735827
district_mean_appraised_value_lag_1yr,0.35293469945680506,0.5382797341196485,1.1804744500620463,0.2490321757802131,0.6028372701939132,0.3169170712450824,0.91205146789681,0.2891191022739527,0.3554207134426873,0.4909288559898613,0.5272199929776502,0.5420645082724076,0.0374995129298866,0.42380817789716313,0.28149293164298245,0.20463537859443456,0.3431289297339664,0.38237990066534316,0.11063505355205566,0.6261528280537534,0.14517111564089144,0.2512044919915196,0.32041873131181753,0.28272385367016883
district_std_appraised_value_lag_1yr,0.12876971841345577,0.7542714313644401,0.012306650788714959,0.23049677058473855,0.025688309726312124,0.4107251796588517,0.16328754559583664,0.3505515320934254,0.29039578429655283,0.15687337273346963,0.18542256614973135,0.1215732082956973,0.17772190672547322,0.3959302408426306,0.26203360056933644,0.3366125558347934,0.10663706964987119,0.28518936339967116,0.09237495493516314,0.4792160202698548,0.18801786269528453,0.5091120468652068,0.4340553299578344,0.5059756919298639
district_median_sqft_lag_1yr,0.0,0.2540962631414788,0.319159909166879,0.14238331473512383,0.0,0.09614883956296924,0.0971218922987872,0.1812213870918141,0.04866319416637871,0.16542350118792343,0.076482992289777,0.14031266258458464,0.3532639643829061,0.12482673375406458,0.21887209995280033,0.263864619050185,0.0,0.44357991130550467,0.2626504911144775,0.7004794454951844,0.0,0.2972316532056486,0.09532858976520996,0.3013463596739379
district_median_structure_age_lag_1yr,0.0,0.273970140455005,0.262058575866876,0.1896361178661922,0.19867711249030867,0.3141741968796577,0.2835557972469089,0.2078302998879778,0.018465092974352417,0.20894092320777433,0.0,0.09584497613062104,0.0,0.07925853225051346,0.0,0.05869910290656965,0.7013281430561017,0.12584500378654384,0.18523270643148512,0.06785828393481493,0.427628236305333,0.18306887750125478,0.3012733312766033,0.11939948260008997
district_median_neighbor_far_lag_1yr,0.0,0.08521677088416703,0.1655262944086192,0.35425258803368903,0.0,0.08483978138733707,0.6102756552525191,0.05295158432511985,0.0,0.1908953561911547,0.05045369572985516,0.38857287563825615,0.0,0.29974490720153807,0.06472491617381099,0.2286792962985607,0.19334450156767743,0.12409113602235652,0.0,0.18843194354594145,0.0,0.28847669213208904,0.22100356586731673,0.1281026867995867
district_owner_occupancy_share_lag_1yr,0.5302582439043811,0.19583455899294996,0.3426508868723125,0.19935742701144882,0.0,0.2020997493496119,0.5136188416782184,0.36698910703203497,0.22178642120425732,0.16464812457927613,0.5789577603684426,0.44402416964712127,0.0,0.2464196688766586,0.1590084524197923,0.22101321281496217,0.3863484258317509,0.39066297340241296,0.252262541638087,0.5236956449027098,0.7068774725888536,0.25139891760594385,0.2596390585433045,0.35512287892073435
district_median_household_income_lag_1yr,0.0,0.5174995124782821,0.0,0.5084502045714401,0.0,0.13300951388235288,0.08811876931244847,0.14215268102484893,0.0,0.07281251442312485,0.1758769901572319,0.0695188798661854,0.0,0.7803890121878952,0.0,0.08548578865464122,0.10390704441785426,0.833315736333168,0.525426715011563,0.5806773973412206,0.3743945099091715,0.3128609210404081,0.11429070030313962,1.2651130831091462
district_renter_share_lag_1yr,0.17866965937736887,0.22242047829757994,0.24490489348736733,0.21014205862843308,0.0,0.29337014429871733,0.3663873544409998,0.20186112815050433,0.34141746511060544,0.6013299295367869,0.67995443412676,1.1906001602706726,0.0,0.13658138308900775,0.519163155001589,0.3182472700767386,0.1876294605750642,0.23167291408148777,0.2939085973446402,0.08367605434965247,0.7320189218417003,0.3860564447347114,0.34346922556672177,0.14915893445849024
district_protest_rate_lag_2yr,0.2236112032210281,0.4799865015441722,0.0,0.4952404493130513,1.0208158089934054,0.2966460150250543,0.3726297123764119,0.356596136502907,0.7320697367281591,0.6183651367717147,0.4443316677562925,0.6179525137804202,0.8545227744859609,0.3471222102079924,0.6811154066261663,0.6679710173814618,0.4687896567548623,0.3503067175898335,0.19559142739248295,0.2755313510136344,0.4366283722784297,1.71017801208905,0.21709247688980957,1.0794038652020848
district_delta_max_height_ft_lag_2yr,0.5759399180325758,0.7776194405064395,0.37879976986078234,0.3923657643224031,0.09198971196971724,0.4661498966651506,0.2956898413863272,0.25629373444494363,0.4986987894925181,0.5639352910091447,0.4005440435732802,0.41487721745089484,0.4421230342854349,0.7912668884753229,0.26362496585420186,0.5627992655332186,0.03649034892736886,1.8631696612587525,0.7386461614322971,1.0084114505940112,0.0,0.3564133391888185,0.23020093779257214,0.4884404451884492
district_delta_max_far_lag_2yr,0.40951923199585066,0.6137788222924239,0.35332111939189004,0.5614548653656184,0.1641309562534292,0.8274248288716699,0.21980600079790089,0.5703717356428559,0.16764550080628626,1.3713034304654965,1.0008515607061408,1.7532141845317404,0.08366864328339722,2.574211765074994,0.29201534373300997,1.5272379625955803,0.28733833948737986,0.9112757699896936,0.8178452756286443,1.169621826561316,1.2186596318610334,2.9483865436295824,0.39036778878129014,1.0139452230127453
district_delta_max_bldg_cov_pct_lag_2yr,0.18393602996287725,0.7099852232319305,0.819145965348011,0.8271545166570745,0.26759402314650405,0.5923108206973151,0.23929711284936708,0.4157188978622928,0.033837954427009174,0.4414969371637122,0.38819027971270836,0.8668591404257098,0.28361694098196094,0.33060883843815525,1.2010462416634264,0.9288462312441237,0.702418018064563,0.4145625806528234,0.7288025885186136,0.4440788650169193,0.13063558423295776,0.6286333616284622,0.4469061276183116,1.071379219526539
district_delta_min_lot_sqft_lag_2yr,0.45321744273563846,0.5814088238458351,0.22181309286277395,0.1430000511275838,0.31087770655567964,0.6613188515995813,0.25957134253749226,0.28621540176174387,0.35548636323269484,1.1014648349538385,0.3992514523889644,0.4442754551991568,0.308426931508868,0.9965778314324217,0.16029774906767644,0.5499785116334558,0.16965868988537425,1.0579661667055014,0.13530548063921494,0.7996693506287095,0.8215812918267127,1.3965874279122314,0.146897326694305,0.7132211475298051
district_ldb_units_lag_2yr,0.1554083703327343,0.37432281927891686,0.3021373966512309,0.4647582459318733,0.18294213323655178,0.08553773006145506,0.4138331482753977,1.2107443113224874,0.25540157148242415,0.5544398199390853,0.6023217208445953,0.3236096949143665,0.2738454012837215,0.7722213434159939,0.5679588662988759,0.6241317369948315,0.0,0.012903931094245149,0.1638235522879817,0.20765866829091745,0.0,0.24031494430295455,0.2292464954770802,0.4219765897268345
district_ldb_imprv_sqft_lag_2yr,0.0,0.3308886114639994,0.0,0.28361782771450683,0.0,0.24649590987286313,0.02127275277294808,0.1460736405199853,0.0,0.1790346917945217,0.20682572219245615,0.3377074095187323,0.0,0.1791493115480003,0.0,0.146414744353148,0.21336129079282698,0.6458748435900746,0.0,0.6267097410504149,0.3137249180334753,0.3485862234971623,0.0,0.28093136677925007
district_spatial_contagion_3yr_lag_2yr,0.10987554404876627,0.0906258268032715,0.06315859246582776,0.04478326720244623,0.0671999889368128,0.12417430973541037,0.0,0.10551848819862293,0.6256863465857962,0.392024472858329,0.19619014780026842,0.19948729347501518,0.1748777379184013,0.09910397066855324,0.2501549639437944,0.3182110300873476,0.7221196637764452,0.3420350316152037,0.18455464803335894,0.2268269483543818,0.47449107800285234,0.6575761191386641,0.7086149945844169,0.5162990349041375
district_median_appraised_value_lag_2yr,2.55241304701645,0.6547597822194791,1.0291405428974318,0.4596772882246167,1.8292755095529565,0.8497754392174517,0.7699171650095543,0.28644884082752525,0.3267834773361246,0.43096717863677186,1.2247781053877749,0.36284808818049474,0.4131922384240347,0.5304494196135149,1.1306166962349609,0.5310012417426081,0.7444899656285728,0.5442655709714311,0.9365124046206452,0.6607814007387933,0.3683912316857272,0.5098190091508926,0.9951097879275943,0.6490741218264444
district_mean_appraised_value_lag_2yr,0.0,0.25828516471363605,0.0,0.612531861137049,0.0,0.2924655175235137,0.41821046804240175,0.2710094520347913,0.0,0.3716956948966956,0.28783790835035056,0.40678489755927094,0.0,0.24756322451414972,0.05715726819791739,0.13438870261991784,0.1959508666348001,0.2035820187244817,0.04517177459514436,0.15109379144105195,0.0,0.3078694018205291,0.15401932165590104,0.3143052353791251
district_std_appraised_value_lag_2yr,0.261855320565382,0.6302343604477901,0.20389670420787762,0.7906989328342778,0.24481790051737212,0.6478371592736318,0.3965301042221464,0.7467198983633837,0.12513654766909604,0.3175342349955793,0.0,0.2328215419848071,0.23983907331189586,0.2035686402684657,0.06307009097490801,0.37440971187532535,0.366308132284143,0.25558610385894104,0.36144388924644977,0.2910788033492987,0.24100637129807434,0.19879692999050413,0.1485010894002173,0.16532645459573364
district_median_sqft_lag_2yr,0.30781777422819634,0.11584925966048185,0.7566714484205561,0.21490052177364805,0.0,0.12680495358344546,0.4429241652179595,0.24905782658257797,0.0,0.3339294905086069,0.24499314026201757,0.3278975285122192,0.0,0.03753902313127728,0.464467215426921,0.4223748515656992,0.3192087517462461,0.23958467457759403,0.3095163472763083,0.504983242407404,0.0,0.17894106261906348,0.37693670115531624,0.4038452897728795
district_median_structure_age_lag_2yr,0.20796914010389472,0.2134753778886814,0.6677520214750744,0.4358536689636981,0.0,0.24137684861607464,0.14465071477571503,0.2807097498068823,0.2649296999688502,0.5692580943741108,0.19937118522861708,0.4161104118123678,0.3193249530105985,0.11555573172756763,0.37381838312747445,0.5025533481023668,0.5015637150655305,0.4157954180866721,0.5411217834363016,0.2384888490349405,1.0028627606076583,0.3871880868571034,0.6064720006355981,0.05719225774213832
district_median_neighbor_far_lag_2yr,0.057853448142814554,0.24198553511182655,0.0,0.5112267275574494,0.0,0.21473973343020428,0.22330823684046397,0.14328877409481375,0.5987300337735607,0.6781697174346266,0.4139170537130575,0.21003584479894194,0.0,0.9709499755694745,0.1577475088627084,0.41930699387276726,0.0,0.42767970473455186,0.7994558438373535,0.34435025826957044,0.01606303011954079,0.33399005401023085,0.6600182489530904,0.2575461614396415
district_owner_occupancy_share_lag_2yr,0.3709880349538267,0.38312460247834723,1.2502005918070014,0.6784542922906424,0.06908121805235963,0.09322990315054598,0.0,0.47053626322802555,0.0,0.13149188026686862,0.11171899732699694,0.23815962892726697,0.31889282922327244,0.09107479229627942,0.61658873218025,0.35536033818328944,0.0,0.547232653413597,0.5900489740568843,0.1054809937017405,0.0,0.25281694659072,0.5903705277634085,0.3334632172399189
district_median_household_income_lag_2yr,0.0,0.023696822344323357,0.11250584453243329,0.34587505554279474,0.010823379721982144,0.1742413111303395,0.21101669123983574,0.45641086382289053,0.0583705933675903,0.1632914645704761,0.5539279019572376,0.19577797237106612,0.0,0.09486187396977153,0.2574641624895194,0.40006037788070736,0.08104802112956666,0.05543688827782221,0.0,0.054816220898755506,0.0,0.29193978676136995,0.11782090926419668,0.15333490287039925
district_renter_share_lag_2yr,0.05513151144684677,0.23514838353976783,0.4314172492932618,0.3212746405409467,0.0,0.11412000041894983,0.3008818497603777,0.27536658399908953,0.0,0.053636431798642574,0.0,0.24685524199734152,0.0,0.20112241768981223,0.35266474211427323,0.3964295305453968,0.37406984482267586,0.06865424774453434,0.27158999122201516,0.13914288218987445,0.0,0.0450553757226091,0.6629188449526401,0.47103648430668393
district_protest_rate_lag_3yr,0.0,0.39852409657529275,0.0,0.29757262223353487,0.45852953936044344,0.10289614938293608,0.3435071353981059,0.14829183600068005,0.0,0.3765856420503409,0.09172317059220887,0.4678041392932805,0.0680898942383819,0.2424727084756117,0.2538660335245121,0.4565258904799422,0.052984115500749475,0.500222124218915,0.09314247197144289,0.1774590024036266,0.0,0.19738674111104468,0.0,0.23121473431345152
district_delta_max_height_ft_lag_3yr,0.6215343217908498,0.2460287999619319,0.6315305215601117,0.5487273428299047,0.0,0.46056159940402713,0.2027467230535132,0.4640164956220378,0.0,0.29258335421310044,0.5695647838783898,0.35676711828880053,0.0,0.17677446348267825,0.7299904072061179,0.24884156381499295,0.0,0.29252567791429374,0.3467985217217221,0.23910211707313397,0.16146271258072128,0.2899585738823421,0.2078222491761369,0.28328694133695237
district_delta_max_far_lag_3yr,0.0933773799189894,0.4271227089387435,0.3352568291312136,0.41122050948453404,0.18782614444734438,0.13641943289899064,0.2756495039368758,0.15332915740408404,0.0,0.26637838628474814,0.0,0.14376763821957966,0.29563866964352703,0.13827822176852037,0.1795420829974513,0.24297736443398193,0.0,0.2789183013428857,0.13385556516244257,0.7030068563306476,0.06715868426471275,0.20147964933361004,0.4613930025881722,0.23950347731354904
district_delta_max_bldg_cov_pct_lag_3yr,0.0,0.26167017443763596,0.18768599768713112,0.12290436233167244,0.0,0.4290509975469134,0.28559886657511735,0.4742891130600362,0.07086889241847498,0.16518481746083097,0.033673395741362334,0.2754607672370403,0.0,0.21195327570053898,0.300586688422422,0.45745175751888195,0.10057501083016444,0.5555476530540613,0.10147151471899443,0.0848954963835487,0.04370753029162884,0.3883293020082555,0.4460244413771387,0.33156763512295007
district_delta_min_lot_sqft_lag_3yr,0.13615307254467035,0.09696319366144311,0.2060090245089605,0.2938740014495028,0.0,0.4005987346408949,0.23902431937312035,0.6269408807899969,0.409337599686251,0.3491393120188239,0.3072903318906809,0.32444261659986073,0.02955250357070519,0.5016471203203736,0.21823015364779863,0.23506670515115166,0.5418542890099449,0.5141711029665069,0.10871552600382643,0.7152834883293766,0.06882128276020068,0.2878027952853038,0.055366123160661564,0.3468306420719151
district_std_appraised_value_lag_3yr,0.0,1.2726062543737569,0.39269868918452794,0.7765923023375767,0.6168774678758822,0.4976845088356313,0.1773696609518378,0.5741808621227923,1.1796107501955095,0.7759862723075762,0.12776835098812456,0.5618484270628354,0.6551578660208689,0.5519278776964096,0.4067500071437631,0.7657321601128028,0.8265535453811997,0.8441417677941172,0.311588430623732,0.6506995179962851,0.14038523198621622,0.456296680228672,0.175041105635269,0.2929603526497992
district_median_structure_age_lag_3yr,0.0,0.4254719240515217,0.0,0.21926401372070634,0.06162623671690299,0.4054091639929645,0.0,0.3051460270878656,0.0,0.7949989315833477,0.028672687221236934,0.40954324642616324,0.0,0.514393650999404,0.046568701148737554,0.38087256612466325,0.046458135984809336,0.3211378301539958,0.09841932670310174,0.22157399488489152,0.0,0.39507878495113014,0.10146169427034453,0.29372571045019824
district_median_neighbor_acreage_lag_3yr,0.2161729625222541,0.03884189358887111,0.0,0.0,0.0,0.0,0.0,0.0,0.0,0.1832797432421378,0.13317719410904957,0.0,0.0,0.004635501013248466,0.0,0.004489699230253347,0.0,0.004301310364748382,0.0745285372324865,0.5315540201460139,0.0,0.0,0.0,0.13349894896531062
district_median_neighbor_far_lag_3yr,0.031283425280265606,0.05453328791040939,0.0,0.02746686663931329,0.07651978222178468,0.2995880672469031,0.0,0.15746452211746206,0.1742946724770187,0.42647900091600816,0.12210144512633656,0.48939790570308744,0.16782790510762458,0.7047119505935162,0.0,0.41680067676720095,0.0,0.4570608049654389,0.10472984398300907,0.24660550096007658,0.21120237832568267,0.20880323640621742,0.0,0.2851529886793506
district_protest_rate_lag_4yr,0.0,0.030785471368643236,0.0,0.015648609860835834,0.0,0.10235339986187668,0.01389486224822758,0.06685951408677294,0.0,0.3846053024681514,0.0740926026379232,0.13349492704676644,0.0,0.6962745677171132,0.07759974488555148,0.12466212368575075,0.0,0.17395299263514982,0.09598828912602685,0.1671611704539268,0.0,0.26329072302132916,0.23838815956473844,0.11023507192778866
district_delta_max_height_ft_lag_4yr,0.0,0.07817911605728994,0.0,0.21192426217396695,0.0,0.24612922239880225,0.10378474315838314,0.29538163362493847,0.15044263720186823,0.5827916343063521,0.06889587817764004,0.36856445229491286,0.0,0.1547299828275348,0.0,0.11071915911997193,0.0,0.5476139895891552,0.07284419724730157,0.3685475414932666,0.17094080522727736,0.24666588514680585,0.2199898463608075,0.11163859760746539
district_delta_max_far_lag_4yr,0.07798860960945408,0.09711617625377153,0.33913475041548424,0.1358789329674558,0.0,0.1505231323568925,0.0900772330364842,0.0922930316354191,0.0,0.5676231679182032,0.010477782249883183,0.22308383450889108,0.0,0.1560334171925807,0.0,0.35482384624097224,0.6109616101426126,1.7072663258553507,0.21990431192389415,0.5151486461816875,0.12092317976508105,0.3195946293637897,0.5646068743518747,1.0586426290415483
district_delta_max_bldg_cov_pct_lag_4yr,0.03321224216031857,0.06400181800865017,0.0,0.03229471383852137,0.1245876016355164,0.25035082814705173,0.0,0.08017185835476101,0.23860153409490217,0.19099121323785756,0.14845374263110944,0.13402518025915117,0.0,0.19984316930579632,0.21885897627859904,0.14236906234059615,0.0,0.3848052371272261,0.11004320974981024,0.282656018504486,0.0,0.5339735063428602,0.32763794933147855,0.469581017666834
district_delta_min_lot_sqft_lag_4yr,0.0,0.03787412039296313,0.10205780460187928,0.5258432479641978,1.1218411734049667,0.4255907550956656,0.0959126002457486,0.2163802965274813,0.0,0.2652645329338315,0.15073723619196266,0.18245442686642724,0.0,0.08584053692857795,0.14238686443493226,0.03153889891619881,0.0,0.024053994424302987,0.07607710848253973,0.33692430191097356,0.0,0.18340117708219508,0.22867354418012587,0.3727071380733277
district_spatial_contagion_3yr_lag_4yr,0.058507209845127216,0.014177298048639774,0.07854612624880991,0.007325557871993062,0.11374846215505953,0.025360990716689093,0.03887828005497702,0.015332539814764432,0.0,0.19020110172043833,0.035947756440178655,0.08662244087648013,0.13321554367469224,0.25937948455991555,0.03826024312492668,0.13680005869168257,0.42651280285777704,0.3896570647818924,0.1132783434305721,0.2970724514739552,0.0,0.6042887160104199,0.1166250351893208,0.18842456589441747
district_delta_max_height_ft_lag_5yr,0.3651737445508648,0.20685217389968488,0.1433850367207824,0.205551487242844,0.41670513153010014,0.9736741733032761,0.13282169118296128,0.6981852576664742,0.22284351560222246,0.611485607116952,0.566001110625232,0.5421881007377631,0.1003249297469258,0.8537824993370899,0.3423359221648796,0.8878719357243409,0.08770244429832792,0.616506555312408,0.3599046807885867,0.1914584781660217,0.0,0.28066896446436074,0.7634932004602765,0.7921747586847029
district_delta_max_far_lag_5yr,0.18758488692078565,0.7005120668598688,0.2587517456993664,0.7650386826474614,0.7050968879268699,0.6236339108935077,0.3905695082096756,0.6142833935375619,0.0,0.4444993574684689,0.6447899772839186,0.23757310510748772,0.4121068188707987,0.6250521635889148,0.6079982523662231,0.7863836222837591,0.3803188894205634,0.3766090545913813,0.6050017244782389,0.39816523945061394,0.36775756847720836,0.08723637998250051,0.7176329780604875,0.5161277498769569
district_delta_max_bldg_cov_pct_lag_5yr,0.38790346104007845,1.0680163318568838,0.807716025350723,0.5700275193724884,0.44675177647904624,0.7341448770672012,0.8776132431648572,0.39149496163952396,0.9121254942469853,0.05460938581734365,1.4345698892857044,0.6750851714580769,1.0100775998397415,0.4485284176408466,0.8028400824394823,0.6104253395716128,0.6318268551588686,0.15743417867213663,0.5682006570191936,0.7991106668736866,0.3679420707494563,0.5113984463097924,0.6092610477578482,0.3284043792839607
district_delta_min_lot_sqft_lag_5yr,0.0,0.36560020097169144,0.3310090196534514,0.26233252486426567,0.2268617680323144,0.4827538991753223,0.005100344480932095,0.16426902106341545,0.0,0.9776884488030737,0.0024000620701600858,0.38327594532533626,0.08829848918599258,0.4274694442551804,0.016174641608621844,0.09932840458770052,0.2098826170470762,0.517263024389151,0.10543455812007284,0.43640017786255697,0.09132021341190406,0.48004799604702186,0.10477381286899741,0.4910897076044059
district_lui_shape_area_lag_5yr,0.0,0.0,0.0,0.0,0.0,0.0,0.0,0.0,0.6167279276859503,0.11509020164843062,0.2893052521184836,0.07996446531166344,0.9045822937123535,0.010967840706009604,0.07831911409476498,0.029356540450231946,0.0,0.0055750316650289185,0.06880636162726678,0.009727374510296972,0.2840178758905676,0.016087348922089056,0.0,0.01510037603497084
district_nearby_GEOID_lag_5yr,0.0,0.002379881073920896,0.0,0.00116506826321156,0.0,0.0,0.0,0.0,0.7902038318448616,0.0,0.7024480524879412,0.0,1.5662285635333673,0.5477688800024803,0.2602885912985655,0.06354145536435041,0.0,0.0,0.0,0.11546132042423811,0.0,0.005362449640696352,0.0,0.16699633873989012
district_median_structure_age_lag_5yr,0.2642385867320459,0.04734265049120391,0.048723113508962,0.032879768080477156,0.26720471471598684,0.11020077210402617,0.0,0.0682841241398843,0.17106634427562892,1.024257869612311,0.019466234757303972,0.22998644759265083,0.18959399254114162,0.13064244771071337,0.0,0.12352223098417975,0.26906234969618953,0.1331835055678692,0.07963297258994814,0.056184844828128966,0.26502880240910914,0.14622332603016036,0.2055685407645379,0.12491405401248125
district_delta_max_height_ft_lag_6yr,0.0,0.1607100406828793,0.1996854209494833,0.08291127311834681,0.16509553340165428,0.6587714719900775,0.05795133720826899,0.1414376639327676,0.1826279884315532,0.19983452905947469,0.0,0.43933161959823697,0.0,0.25626676029901807,0.10620746526101146,0.32476501662021146,0.13753648418890935,0.049381710148886496,0.06201443729735813,0.02650068582753076,0.0,0.10760828924676676,0.12870870316806343,0.43735233030173964
district_delta_max_far_lag_6yr,0.054918027358991726,0.3745735692859677,0.3182358872166356,0.3186995460688841,0.0,0.05947879067064798,0.0008170086844789204,0.22344519927164655,0.14861392087039757,0.562816728679835,0.12311903014796881,0.48961723365558385,0.4443555251821487,0.6981911707198173,0.13671067431876507,0.24174255471833742,0.0,0.19242753168168847,0.4330360792956784,0.4405738055134377,0.27909519655642784,0.33753811779779136,0.15917002379657977,0.21703507967510233
district_delta_max_bldg_cov_pct_lag_6yr,0.1862118659743897,0.049620543170239194,0.4661657991064904,0.02563945255197572,0.0491140491586731,0.609098045726342,0.35861790613210276,0.24183809068272663,0.1161211819109897,0.3192881180032114,0.4994352895093897,0.18455960517238576,0.0,0.32639949448365746,0.30874216760139384,0.09669503990708501,0.06960905475552069,0.05320287404972811,0.3727162159863328,0.09315091482262844,0.1309730489199161,0.2846365796586273,0.43408500852678805,0.3824606623157164
