CASE_NUMBER,neighbor_tcad_id
C14-2007-0144,0107000302
C14-2007-0144,0107000303
C14-2007-0144,0107000409
C14-2007-0144,0107000410
C14-2007-0144,0107000411
C14-2007-0144,0208000508
C14-2007-0144,0208001001
C14-2007-0144,0208001002
C14-2007-0144,0208001003
C14-2008-0052,0430190106
C14-2008-0052,0430190108
C14-2008-0052,0430190109
C14-2008-0052,0430190115
C14-2008-0057.SH,0220200111
C14-2008-0057.SH,0220200112
C14-2008-0057.SH,0220200118
C14-2008-0057.SH,0220200137
C14-2008-0057.SH,0220200138
C14-2008-0057.SH,0220210103
C14-2008-0057.SH,0220210104
C14-2008-0057.SH,0220210105
C14-2008-0057.SH,0220210106
C14-2008-0057.SH,0220210201
C14-2008-0057.SH,0220210202
C14-2008-0057.SH,0220210203
C14-2008-0057.SH,0220210205
C14-2008-0057.SH,0220210206
C14-2008-0057.SH,0220211448
C14-2008-0057.SH,0221220112
C14-2008-0057.SH,0222210108
C14-2008-0057.SH,0222210109
C14-2008-0057.SH,0222210110
C14-2008-0057.SH,0222210111
C14-2008-0057.SH,0222210112
C14-2008-0057.SH,0222210113
C14-2008-0057.SH,0222210114
C14-2008-0057.SH,0222210115
C14-2008-0057.SH,0222210119
C14-2008-0066,0414300107
C14-2008-0066,0414300402
C14-2008-0066,0414300403
C14-2008-0066,0414300404
C14-2008-0066,0416300127
C14-2008-0066,0416300128
C14-2008-0066,0416300133
C14-2008-0066,0416300134
C14-2008-0066,0416300135
C14-2008-0066,0416300136
C14-2008-0066,0416300137
C14-2008-0066,0416301102
C14-2008-0066,0416301105
C14-2008-0066,0416301234
C14-2008-0112,0406090102
C14-2008-0112,0406090130
C14-2008-0112,0406090136
C14-2008-0112,0406100226
C14-2008-0112,0406100227
C14-2008-0113,0202100502
C14-2008-0113,0202100504
C14-2008-0113,0202100603
C14-2008-0113,0202100610
C14-2008-0113,0202100611
C14-2008-0113,0202100613
C14-2008-0113,0202100614
C14-2008-0113,0203090807
C14-2008-0115,0410280819
C14-2008-0115,0410280820
C14-2008-0115,0410280822
C14-2008-0115,0410280908
C14-2008-0115,0410280909
C14-2008-0115,0410280910
C14-2008-0115,0410280911
C14-2008-0115,0410280912
C14-2008-0115,0410280913
C14-2008-0115,0410280914
C14-2008-0115,0410280915
C14-2008-0115,0410280942
C14-2008-0115,0412280201
C14-2008-0115,0412280261
C14-2008-0115,0412280614
C14-2008-0115,0412280706
C14-2008-0131,0248180117
C14-2008-0131,0250160201
C14-2008-0131,0250181401
C14-2008-0131,0250181402
C14-2008-0131,0250181403
C14-2008-0131,0250181507
C14-2008-0131,0250181802
C14-2008-0131,0250181811
C14-2008-0131,0250181812
C14-2008-0131,0250182201
C14-2008-0131,0252161928
C14-2008-0131,0252161929
C14-2008-0131,0252161930
C14-2008-0131,0252161936
C14-2008-0131,0252161937
C14-2008-0131,0252161938
C14-2008-0131,0252161939
C14-2008-0131,0252161940
C14-2008-0131,0252161941
C14-2008-0131,0252161942
C14-2008-0131,0252162001
C14-2008-0131,0252162002
C14-2008-0131,0252162003
C14-2008-0131,0252162005
C14-2008-0131,0252162007
C14-2008-0131,0252181411
C14-2008-0131,0252181412
C14-2008-0131,0252181413
C14-2008-0131,0252181414
C14-2008-0131,0252181415
C14-2008-0131,0252181416
C14-2008-0131,0252181801
C14-2008-0131,0252181802
C14-2008-0131,0252181803
C14-2008-0131,0250181801
C14-2008-0131,0252162006
C14-2008-0131,0248180202
C14-2008-0151,0164010946
C14-2008-0151,0164010947
C14-2008-0151,0164010948
C14-2008-0151,0164010950
C14-2008-0166,0209060502
C14-2008-0166,0209060503
C14-2008-0166,0209060504
C14-2008-0166,0209060506
C14-2008-0166,0209060507
C14-2008-0166,0209060509
C14-2008-0166,0209060606
C14-2008-0166,0209060607
C14-2008-0166,0209061001
C14-2008-0166,0209061010
C14-2008-0166,0209061011
C14-2008-0166,0209061013
C14-2008-0175,0222140234
C14-2008-0184,0114050627
C14-2008-0184,0114050630
C14-2008-0184,0114050631
C14-2008-0184,0114050632
C14-2008-0184,0114050801
C14-2008-0184,0114050804
C14-2008-0184,0114050805
C14-2008-0184,0115060809
C14-2008-0184,0115060810
C14-2008-0184,0115061107
C14-2008-0223,0218031504
C14-2008-0223,0218031505
C14-2008-0223,0218031509
C14-2008-0223,0218031512
C14-2008-0223,0218031521
C14-2008-0247,0202081004
C14-2008-0247,0202081005
C14-2008-0247,0202081503
C14-2008-0247,0202081509
C14-2008-0247,0202081511
C14-2009-0028,0409050605
C14-2009-0028,0409050610
C14-2009-0028,0409050618
C14-2009-0028,0409050704
C14-2009-0028,0409050705
C14-2009-0028,0409050706
C14-2009-0028,0409050707
C14-2009-0028,0409050710
C14-2009-0028,0409050711
C14-2009-0028,0409050713
C14-2009-0028,0411050102
C14-2009-0031,0415080309
C14-2009-0031,0415080310
C14-2009-0031,0416090102
C14-2009-0031,0416090210
C14-2009-0077,0129040504
C14-2009-0168,0151370436
C14-2010-0077,0409120422
C14-2010-0077,0409120423
C14-2010-0077,0410111804
C14-2010-0077,0410111819
C14-2010-0077,0410111821
C14-2010-0077,0410111822
C14-2010-0077,0410111823
C14-2010-0077,0410111824
C14-2010-0077,0410112120
C14-2010-0122,0401070613
C14-2010-0122,0401070614
C14-2010-0122,0401070615
C14-2010-0199,0424070206
C14-2010-0199,0424070211
C14-2010-0199,0424070229
C14-2010-0199,0424070225
C14-2010-0206,0211010709
C14-2010-0206,0211010710
C14-2010-0206,0211010712
C14H-2010-0006,0108010625
C14H-2010-0006,0108010405
C14H-2010-0006,0109010401
C14H-2010-0006,0108010509
C14H-2010-0006,0108010650
C14H-2010-0006,0108010626
C14H-2010-0006,0109010425
C14H-2010-0006,0108010511
C14H-2010-0006,0108031707
C14H-2010-0006,0108010510
C14H-2010-0006,0108010605
C14H-2010-0006,0108010506
C14H-2010-0006,0108031538
C14H-2010-0006,0108031535
C14H-2010-0006,0108010401
C14H-2010-0006,0108010507
C14H-2010-0006,0108010604
C14H-2010-0006,0108010603
C14H-2010-0006,0109010402
C14H-2010-0006,0108031705
C14H-2010-0006,0109010426
C14H-2010-0006,0108031525
C14H-2010-0006,0108031524
C14H-2010-0006,0108010501
C14H-2010-0006,0108031527
C14H-2010-0006,0108031706
C14H-2010-0006,0108010623
C14H-2010-0006,0108010503
C14H-2010-0006,0108031526
C14H-2010-0006,0109010110
C14H-2010-0006,0109010108
C14H-2010-0006,0109010403
C14H-2010-0006,0108010601
C14H-2010-0006,0108010502
C14H-2010-0006,0108031521
C14H-2010-0006,0109010107
C14H-2010-0006,0109010111
C14H-2010-0006,0108010405
C14H-2010-0006,0108010507
C14H-2010-0006,0108010601
C14H-2010-0006,0108010604
C14H-2010-0006,0108010605
C14H-2010-0006,0108010625
C14H-2010-0006,0108010650
C14H-2010-0006,0108010651
C14H-2010-0006,0108010652
C14H-2010-0006,0108010904
C14H-2010-0006,0109010104
C14H-2010-0006,0109010105
C14H-2010-0006,0109010106
C14H-2010-0006,0109010107
C14H-2010-0006,0109010108
C14H-2010-0006,0109010206
C14H-2010-0006,0109010209
C14H-2010-0006,0109010212
C14H-2010-0006,0109010314
C14H-2010-0006,0109010315
C14H-2010-0006,0109010316
C14H-2010-0006,0109010405
C14H-2010-0006,0109010407
C14H-2010-0006,0109010409
C14H-2010-0006,0109010410
C14H-2010-0006,0109010411
C14H-2010-0006,0109010413
C14H-2010-0006,0109010415
C14H-2010-0006,0109010416
C14H-2010-0006,0109010418
C14H-2010-0006,0109010419
C14H-2010-0006,0109010421
C14H-2010-0006,0109010422
C14H-2010-0006,0109010423
C14H-2010-0006,0109010424
C14H-2010-0006,0109010501
C14H-2010-0006,0109010510
C14H-2010-0006,0109010517
C14H-2010-0006,0109010518
C14H-2010-0006,0109010519
C14H-2010-0006,0109010601
C14H-2010-0006,0109010604
C14H-2010-0006,0109010606
C14H-2010-0006,0109010611
C14H-2010-0006,0109010616
C14H-2010-0006,0109010617
C14H-2010-0006,0109010704
C14H-2010-0006,0109010706
C14H-2010-0006,0109010707
C14H-2010-0006,0109010708
C14H-2010-0006,0109010719
C14H-2010-0006,0109010726
C14H-2010-0006,0109010803
C14H-2010-0006,0109010804
C14H-2010-0006,0109010805
C14H-2010-0006,0109010806
C14H-2010-0006,0109010807
C14H-2010-0006,0110011302
C14H-2010-0006,0110011303
C14H-2010-0006,0109010210
C14H-2010-0006,0109010503
C14H-2010-0006,0109010618
C14H-2010-0019,0220060908
C14H-2010-0019,0220060505
C14H-2010-0019,0220061510
C14H-2010-0019,0220060408
C14H-2010-0019,0218060104
C14H-2010-0019,0219050511
C14H-2010-0019,0220061113
C14H-2010-0019,0221051018
C14H-2010-0019,0220060709
C14H-2010-0019,0218060610
C14H-2010-0019,0221050911
C14H-2010-0019,0219051110
C14H-2010-0019,0220060403
C14H-2010-0019,0219050303
C14H-2010-0019,0221050114
C14H-2010-0019,0221050115
C14H-2010-0019,0218060612
C14H-2010-0019,0219050813
C14H-2010-0019,0221051305
C14H-2010-0019,0220060108
C14H-2010-0019,0220060706
C14H-2010-0019,0219051011
C14H-2010-0019,0218060303
C14H-2010-0019,0220061301
C14H-2010-0019,0220061302
C14H-2010-0019,0218061101
C14H-2010-0019,0221050503
C14H-2010-0019,0220061118
C14H-2010-0019,0218060210
C14H-2010-0019,0220061410
C14H-2010-0019,0219060904
C14H-2010-0019,0221051011
C14H-2010-0019,0219060407
C14H-2010-0019,0220061506
C14H-2010-0019,0219060411
C14H-2010-0019,0220060201
C14H-2010-0019,0221051310
C14H-2010-0019,0221051517
C14H-2010-0019,0218060215
C14H-2010-0019,0218060308
C14H-2010-0019,0218060103
C14H-2010-0019,0220061006
C14H-2010-0019,0220061010
C14H-2010-0019,0220061012
C14H-2010-0019,0221050513
C14H-2010-0019,0220060111
C14H-2010-0019,0218060207
C14H-2010-0019,0219060402
C14H-2010-0019,0219050904
C14H-2010-0019,0221051611
C14H-2010-0019,0219050815
C14H-2010-0019,0220060515
C14H-2010-0019,0220061201
C14H-2010-0019,0220060810
C14H-2010-0019,0220060811
C14H-2010-0019,0220060701
C14H-2010-0019,0220061601
C14H-2010-0019,0221051512
C14H-2010-0019,0219050514
C14H-2010-0019,0220060112
C14H-2010-0019,0220060711
C14H-2010-0019,0221051308
C14H-2010-0019,0220060409
C14H-2010-0019,0221050510
C14H-2010-0019,0220080211
C14H-2010-0019,0218060606
C14H-2010-0019,0220080105
C14H-2010-0019,0220060712
C14H-2010-0019,0220061114
C14H-2010-0019,0220080315
C14H-2010-0019,0220061013
C14H-2010-0019,0220061110
C14H-2010-0019,0221051301
C14H-2010-0019,0219060821
C14H-2010-0019,0219060822
C14H-2010-0019,0220061306
C14H-2010-0019,0221051410
C14H-2010-0019,0219051105
C14H-2010-0019,0219050906
C14H-2010-0019,0220060415
C14H-2010-0019,0221051608
C14H-2010-0019,0220060513
C14H-2010-0019,0220080104
C14H-2010-0019,0221051504
C14H-2010-0019,0218060202
C14H-2010-0019,0218060203
C14H-2010-0019,0221051311
C14H-2010-0019,0221051313
C14H-2010-0019,0220060611
C14H-2010-0019,0219050518
C14H-2010-0019,0219061012
C14H-2010-0019,0221050904
C14H-2010-0019,0219051012
C14H-2010-0019,0220061312
C14H-2010-0019,0220060412
C14H-2010-0019,0220061109
C14H-2010-0019,0218060411
C14H-2010-0019,0219061003
C14H-2010-0019,0219061007
C14H-2010-0019,0221051409
C14H-2010-0019,0218060113
C14H-2010-0019,0220061305
C14H-2010-0019,0219051013
C14H-2010-0019,0220080107
C14H-2010-0019,0219050905
C14H-2010-0019,0218060304
C14H-2010-0019,0219050519
C14H-2010-0019,0220080101
C14H-2010-0019,0221050514
C14H-2010-0019,0220061102
C14H-2010-0019,0219050805
C14H-2010-0019,0220060404
C14H-2010-0019,0219060807
C14H-2010-0019,0218060105
C14H-2010-0019,0219060512
C14H-2010-0019,0220060411
C14H-2010-0019,0218060208
C14H-2010-0019,0220061308
C14H-2010-0019,0221050914
C14H-2010-0019,0220061307
C14H-2010-0019,0219061011
C14H-2010-0019,0220060710
C14H-2010-0019,0221051412
C14H-2010-0019,0219060710
C14H-2010-0019,0219060708
C14H-2010-0019,0219050814
C14H-2010-0019,0219061001
C14H-2010-0019,0219060502
C14H-2010-0019,0219051015
C14H-2010-0019,0219060711
C14H-2010-0019,0219061013
C14H-2010-0019,0219060306
C14H-2010-0019,0219060308
C14H-2010-0019,0219060302
C14H-2010-0019,0219051014
C14H-2010-0019,0219051016
C14H-2010-0019,0219060902
C14H-2010-0019,0219060818
C14H-2010-0019,0219060819
C14H-2010-0019,0219060305
C14H-2010-0019,0219060413
C14H-2010-0019,0219060702
C14H-2010-0019,0218060209
C14H-2010-0019,0220080313
C14H-2010-0019,0221051511
C14H-2010-0019,0221050616
C14H-2010-0019,0220060913
C14H-2010-0019,0220060102
C14H-2010-0019,0218060106
C14H-2010-0019,0218060408
C14H-2010-0019,0219060814
C14H-2010-0019,0220060204
C14H-2010-0019,0219051101
C14H-2010-0019,0220080401
C14H-2010-0019,0220061004
C14H-2010-0019,0221051501
C14H-2010-0019,0221051503
C14H-2010-0019,0220080213
C14H-2010-0019,0218060102
C14H-2010-0019,0219060805
C14H-2010-0019,0221050602
C14H-2010-0019,0220080110
C14H-2010-0019,0220060514
C14H-2010-0019,0218060616
C14H-2010-0019,0221051114
C14H-2010-0019,0220060202
C14H-2010-0019,0218060301
C14H-2010-0019,0220080307
C14H-2010-0019,0220061115
C14H-2010-0019,0221051407
C14H-2010-0019,0221051306
C14H-2010-0019,0220061101
C14H-2010-0019,0218060107
C14H-2010-0019,0221050509
C14H-2010-0019,0221051507
C14H-2010-0019,0221051508
C14H-2010-0019,0220060607
C14H-2010-0019,0220060608
C14H-2010-0019,0219060905
C14H-2010-0019,0219060906
C14H-2010-0019,0219060509
C14H-2010-0019,0221050610
C14H-2010-0019,0220080214
C14H-2010-0019,0220060311
C14H-2010-0019,0221051304
C14H-2010-0019,0220080112
C14H-2010-0019,0220061313
C14H-2010-0019,0219050908
C14H-2010-0019,0218060114
C14H-2010-0019,0221051403
C14H-2010-0019,0220061117
C14H-2010-0019,0220060612
C14H-2010-0019,0221051113
C14H-2010-0019,0221051102
C14H-2010-0019,0219060707
C14H-2010-0019,0220060105
C14H-2010-0019,0221050913
C14H-2010-0019,0221051506
C14H-2010-0019,0218060403
C14H-2010-0019,0220060207
C14H-2010-0019,0219050907
C14H-2010-0019,0218060305
C14H-2010-0019,0219060812
C14H-2010-0019,0219050510
C14H-2010-0019,0218060409
C14H-2010-0019,0220060901
C14H-2010-0019,0220060705
C14H-2010-0019,0220060407
C14H-2010-0019,0219050412
C14H-2010-0019,0220061002
C14H-2010-0019,0221051617
C14H-2010-0019,0220060903
C14H-2010-0019,0220061505
C14H-2010-0019,0219050801
C14H-2010-0019,0218060216
C14H-2010-0019,0220061106
C14H-2010-0019,0219060401
C14H-2010-0019,0219060307
C14H-2010-0019,0219060403
C14H-2010-0019,0218060402
C14H-2010-0019,0218060608
C14H-2010-0019,0219051002
C14H-2010-0019,0220060902
C14H-2010-0019,0218060205
C14H-2010-0019,0220060509
C14H-2010-0019,0219050916
C14H-2010-0019,0218060405
C14H-2010-0019,0220080304
C14H-2010-0019,0219060404
C14H-2010-0019,0221050504
C14H-2010-0019,0219060513
C14H-2010-0019,0220060501
C14H-2010-0019,0220060702
C14H-2010-0019,0220060216
C14H-2010-0019,0219050804
C14H-2010-0019,0218060108
C14H-2010-0019,0220060512
C14H-2010-0019,0220060615
C14H-2010-0019,0221050512
C14H-2010-0019,0218060111
C14H-2010-0019,0221051309
C14H-2010-0019,0219051106
C14H-2010-0019,0220061409
C14H-2010-0019,0219060907
C14H-2010-0019,0221050515
C14H-2010-0019,0220060905
C14H-2010-0019,0218060310
C14H-2010-0019,0221050209
C14H-2010-0019,0219051108
C14H-2010-0019,0218060602
C14H-2010-0019,0221050905
C14H-2010-0019,0220060609
C14H-2010-0019,0219050708
C14H-2010-0019,0220061107
C14H-2010-0019,0219051008
C14H-2010-0019,0221051606
C14H-2010-0019,0220080205
C14H-2010-0019,0220080204
C14H-2010-0019,0220080207
C14H-2010-0019,0220080206
C14H-2010-0019,0220060708
C14H-2010-0019,0218060306
C14H-2010-0019,0220060110
C14-2011-0054,0142270123
C14-2011-0054,0142270140
C14-2011-0054,0142271102
C14-2011-0054,0142271103
C14-2011-0054,0142271111
C14-2011-0054,0142271112
C14-2011-0054,0142271113
C14-2011-0054,0142271115
C14-2011-0054,0142271128
C14-2011-0058,0107000302
C14-2011-0058,0107000303
C14-2011-0058,0107000325
C14-2011-0058,0107000401
C14-2011-0058,0107000403
C14-2011-0058,0107000404
C14-2011-0058,0107000405
C14-2011-0058,0107000406
C14-2011-0058,0107000407
C14-2011-0058,0107000409
C14-2011-0058,0107000410
C14-2011-0058,0107000601
C14-2011-0058,0107000610
C14-2011-0058,0208000512
C14-2011-0032,0404070155
C14-2011-0032,0404070120
C14-2011-0032,0404070118
C14-2011-0032,0404070819
C14-2011-0032,0404070156
C14-2011-0032,0404070129
C14-2011-0032,0404090141
C14-2011-0032,0404070803
C14-2011-0032,0404070817
C14-2011-0032,0404070122
C14-2011-0032,0404090117
C14-2011-0032,0404070157
C14-2011-0032,0404070839
C14-2011-0032,0404070119
C14-2011-0032,0404070838
C14-2011-0032,0404070121
C14-2012-0052,0228070418
C14-2012-0052,0226070112
C14-2012-0052,0228070417
C14-2012-0052,0226070107
C14-2012-0052,0228060401
C14-2012-0052,0226070302
C14-2012-0052,0226070528
C14-2012-0052,0226070301
C14-2012-0052,0226070524
C14-2012-0052,0226070525
C14-2012-0052,0226070533
C14-2012-0052,0228070419
C14-2012-0052,0226070523
C14-2012-0052,0226070120
C14-2012-0052,0226070117
C14-2012-0052,0226070104
C14-2012-0052,0226070402
C14-2012-0052,0226070431
C14-2012-0052,0226070901
C14-2012-0052,0226070430
C14-2012-0052,0226070403
C14-2012-0052,0226070433
C14-2012-0052,0226070119
C14-2012-0052,0226070113
C14-2012-0052,0226070522
C14-2012-0052,0226070116
C14-2012-0052,0226070106
C14-2012-0052,0226070114
C14-2012-0052,0226070115
C14-2012-0097,0229030336
C14-2012-0097,0229030735
C14-2012-0097,0229030706
C14-2012-0097,0229030705
C14-2012-0097,0229030702
C14-2012-0097,0229030311
C14-2012-0097,0229030423
C14-2012-0097,0229030424
C14-2012-0097,0229030732
C14-2012-0097,0229030801
C14-2012-0097,0229030731
C14-2012-0097,0229030339
C14-2012-0097,0229030707
C14-2012-0097,0229030331
C14-2012-0097,0229030913
C14-2012-0100,0302030941
C14-2012-0100,0303020413
C14-2012-0100,0302030951
C14-2012-0100,0304040209
C14-2012-0100,0302030927
C14-2012-0100,0302031401
C14-2012-0109,0103061126
C14-2012-0109,0103060347
C14-2012-0109,0103060303
C14-2012-0109,0103060325
C14-2012-0109,0103060309
C14-2012-0109,0103061016
C14-2012-0109,0103061112
C14-2012-0109,0103060349
C14-2012-0109,0103060114
C14-2012-0109,0103060351
C14-2012-0109,0103061119
C14-2012-0109,0103060335
C14-2012-0109,0103061129
C14-2012-0109,0103060115
C14-2012-0109,0103060345
C14-2012-0109,0103060338
C14-2012-0109,0103061128
C14-2012-0109,0103061114
C14-2012-0109,0103060346
C14-2012-0109,0103061015
C14-2012-0109,0103060352
C14-2012-0109,0103060336
C14-2012-0109,0103061106
C14-2012-0109,0103061130
C14-2012-0109,0103061118
C14-2012-0109,0103061001
C14-2012-0109,0103061115
C14-2012-0109,0103060310
C14-2012-0109,0103060117
C14-2012-0109,0103061117
C14-2012-0109,0103061116
C14-2012-0109,0103061127
C14-2012-0109,0103060348
C14-2012-0109,0103061002
C14-2012-0109,0103061017
C14-2012-0109,0103060350
C14-2012-0109,0103061501
C14-2012-0109,0103061701
C14-2012-0109,0310080501
C14-2012-0109,0310080114
C14-2012-0109,0310080401
C14-2012-0109,0310080211
C14-2012-0109,0310080504
C14-2012-0109,0310080503
C14-2012-0116,0303000732
C14-2012-0116,0303000924
C14-2012-0116,0405000326
C14-2012-0116,0303000740
C14-2012-0116,0303000745
C14-2012-0116,0303000950
C14-2012-0116,0303001101
C14-2012-0130,0206011702
C14-2012-0130,0206011604
C14-2012-0130,0206011820
C14-2012-0130,0206010812
C14-2012-0130,0206011708
C14-2012-0130,0206011603
C14-2012-0130,0206010701
C14-2012-0130,0206011709
C14-2012-0130,0206011701
C14-2012-0130,0206011712
C14-2012-0130,0206011711
C14-2012-0130,0206011317
C14-2012-0130,0206011602
C14-2012-0130,0206011102
C14-2012-0130,0206011203
C14-2012-0130,0206011205
C14-2012-0130,0206010601
C14-2012-0130,0206012201
C14-2013-0031,0406090248
C14-2013-0031,0406100215
C14-2013-0031,0406090250
C14-2013-0031,0406100255
C14-2013-0031,0406090242
C14-2013-0031,0406090251
C14-2013-0031,0406090244
C14-2013-0031,0406090252
C14-2013-0031,0406090243
C14-2013-0031,0406090247
C14-2013-0031,0406100254
C14-2013-0031,0406090603
C14-2013-0031,0406090211
C14-2013-0031,0406090249
C14-2013-0031,0406090254
C14-2013-0031,0406090245
C14-2013-0031,0406100216
C14-2013-0060,0426050104
C14-2013-0060,0426050107
C14-2013-0060,0426050337
C14-2013-0060,0426050244
C14-2013-0060,0426050243
C14-2013-0060,0426050320
C14-2013-0060,0426050105
C14-2013-0060,0426050339
C14-2013-0060,0426050210
C14-2013-0060,0426031102
C14-2013-0060,0426031111
C14-2013-0060,0426050304
C14-2013-0060,0426050334
C14-2013-0060,0426030714
C14-2013-0060,0426050208
C14-2013-0060,0426031101
C14-2013-0060,0426050302
C14-2013-0060,0426050103
C14-2013-0060,0426050402
C14-2013-0060,0426050401
C14-2013-0060,0426050209
C14-2013-0060,0426050303
C14-2013-0060,0426050206
C14-2013-0060,0426050404
C14-2013-0060,0426050336
C14-2013-0060,0426050338
C14-2013-0060,0426050108
C14-2013-0060,0426050207
C14-2013-0060,0426050301
C14-2013-0060,0426050335
C14-2013-0060,0426050340
C14-2013-0060,0426050341
C14-2013-0060,0426050403
C14-2013-0095,0170130420
C14-2013-0095,0170130422
C14-2013-0095,0170130404
C14-2013-0095,0170130923
C14-2013-0095,0170130901
C14-2013-0095,0170130903
C14-2013-0126,0112000314
C14-2013-0126,0112000315
C14-2013-0126,0211010304
C14-2013-0126,0211010729
C14-2013-0126,0211010720
C14-2013-0126,0210000322
C14-2013-0126,0210000404
C14-2013-0126,0112000312
C14-2013-0126,0112000306
C14-2013-0126,0211010308
C14-2013-0126,0211011001
C14-2013-0126,0211010110
C14-2013-0126,0212011321
C14-2013-0126,0210000401
C14-2013-0126,0210000303
C14-2013-0126,0210020503
C14-2013-0126,0112000307
C14-2013-0126,0112000305
C14-2013-0126,0211010723
C14-2013-0126,0211010722
C14-2013-0126,0211010901
C14-2013-0126,0210000323
C14-2013-0126,0210000402
C14-2013-0126,0211010721
C14-2013-0126,0211011247
C14-2013-0126,0112000309
C14-2013-0126,0211010305
C14-2013-0126,0211010903
C14-2013-0126,0112000313
C14-2013-0126,0212011310
C14-2013-0126,0211010902
C14-2013-0126,0211010121
C14-2013-0126,0211010502
C14-2013-0126,0211010724
C14-2013-0126,0211010707
C14-2013-0126,0211010719
C14-2013-0126,0211010302
C14-2013-0126,0211010725
C14-2013-0126,0210000403
C14-2013-0126,0212011315
C14-2013-0126,0211010201
C14-2013-0126,0210000319
C14-2013-0126,0112000310
C14-2013-0126,0211010301
C14-2013-0126,0210020608
C14-2013-0126,0210000405
C14-2013-0126,0112000308
C14-2013-0126,0211010509
C14-2013-0126,0211010281
C14-2013-0126,0211010601
C14-2013-0126,0211010907
C14-2013-0126,0211011003
C14-2013-0126,0211010406
C14-2013-0126,0211010408
C14-2013-0126,0211010714
C14-2013-0126,0211010118
C14-2013-0126,0211010209
C14-2013-0126,0211010708
C14-2013-0126,0211010905
C14-2013-0126,0211010207
C14-2013-0126,0211010115
C14-2013-0126,0211010215
C14-2013-0126,0211010104
C14-2013-0126,0211010732
C14-2013-0126,0211010210
C14-2013-0126,0211010703
C14-2013-0126,0211010407
C14-2013-0126,0112000317
C14-2013-0126,0211010401
C14-2013-0126,0112000319
C14-2013-0126,0211010506
C14-2013-0126,0211010402
C14-2013-0126,0211010508
C14-2013-0126,0211010710
C14-2013-0126,0211010214
C14-2013-0126,0211010217
C14-2013-0126,0211010403
C14-2013-0126,0211010906
C14-2013-0126,0211010410
C14-2013-0126,0211011101
C14-2013-0126,0211010712
C14-2013-0126,0211010211
C14-2013-0126,0112000316
C14-2013-0126,0211010307
C14-2013-0126,0211010730
C14-2013-0126,0211011005
C14-2013-0126,0211010507
C14-2013-0126,0211010731
C14-2013-0126,0211010733
C14-2013-0126,0211010505
C14-2013-0126,0211010904
C14-2013-0126,0211010711
C14-2013-0126,0211010501
C14-2013-0126,0211010713
C14-2013-0126,0211010269
C14-2013-0126,0211010727
C14-2013-0126,0211010306
C14-2013-0126,0211010409
C14-2013-0126,0211010709
C14-2013-0126,0211010715
C14-2013-0126,0211010704
C14-2013-0126,0211010208
C14-2013-0126,0211010216
C14-2013-0126,0211010726
C14-2013-0126,0211010212
C14-2013-0126,0211010801
C14-2013-0126,0211010805
C14-2013-0126,0211010802
C14-2013-0126,0211010806
C14-2013-0126,0211010803
C14-2013-0126,0211010808
C14-2013-0126,0211010807
C14-2013-0126,0211010809
C14-2013-0126,0211010804
C14-2013-0158,0206030705
C14-2013-0158,0206030208
C14-2013-0158,0206030314
C14-2013-0158,0206030701
C14-2013-0158,0206030712
C14-2013-0158,0206030713
C14-2013-0158,0206030801
C14-2013-0158,0206030802
C14-2013-0158,0206030711
C14-2013-0158,0206030714
C14-2013-0158,0206030703
C14-2013-0158,0206030811
C14-2013-0158,0206030704
C14-2013-0158,0206030707
C14-2013-0158,0206030315
C14-2013-0158,0206030205
C14-2013-0158,0206030702
C14-2013-0158,0206030316
C14-2013-0158,0206030212
C14-2013-0158,0206030706
C14-2014-0015,0110060709
C14-2014-0015,0109060211
C14-2014-0015,0109060210
C14-2014-0015,0110060402
C14-2014-0015,0109060207
C14-2014-0015,0110060707
C14-2014-0015,0110060710
C14-2014-0015,0110060717
C14-2014-0015,0110060411
C14-2014-0015,0110060713
C14-2014-0015,0110060702
C14-2014-0015,0109060208
C14-2014-0015,0110060714
C14-2014-0015,0110060406
C14-2014-0015,0110060715
C14-2014-0015,0110060409
C14-2014-0015,0110060408
C14-2014-0015,0109060214
C14-2014-0015,0110060405
C14-2014-0015,0110060403
C14-2014-0015,0110060404
C14-2014-0015,0110060401
C14-2014-0015,0109060209
C14-2014-0015,0109060212
C14-2014-0015,0109060213
C14-2014-0015,0110060412
C14-2014-0015,0110060716
C14-2014-0015,0110060410
C14-2014-0015,0110060704
C14-2014-0015,0110062301
C14-2014-0070,0310140139
C14-2014-0070,0315111004
C14-2014-0070,0310140163
C14-2014-0070,0310140150
C14-2014-0070,0310140134
C14-2014-0070,0310140169
C14-2014-0070,0310140155
C14-2014-0070,0310140401
C14-2014-0194,0202120313
C14-2014-0194,0202120210
C14-2014-0194,0202120207
C14-2014-0194,0202120709
C14-2014-0194,0202120708
C14-2014-0194,0202120202
C14-2014-0194,0202120203
C14-2014-0194,0202120706
C14-2014-0194,0202120704
C14-2014-0194,0202120703
C14-2014-0194,0202120711
C14-2014-0194,0202120705
C14-2014-0194,0202120211
C14-2014-0194,0202120710
C14-2014-0194,0202120707
C14H-2014-0014,0302001005
C14H-2014-0014,0302001409
C14H-2014-0014,0302020105
C14H-2014-0014,0302020121
C14H-2014-0014,0302020119
C14H-2014-0014,0302020416
C14H-2014-0014,0302020410
C14H-2014-0014,0302020120
C14H-2014-0014,0302020215
C14H-2014-0014,0302020419
C14H-2014-0014,0302001410
C14H-2014-0014,0302020106
C14H-2014-0014,0302020316
C14H-2014-0014,0302020303
C14H-2014-0014,0302020202
C14H-2014-0014,0302020403
C14H-2014-0014,0302020104
C14H-2014-0014,0302020212
C14H-2014-0014,0302020302
C14H-2014-0014,0302020311
C14H-2014-0014,0302020409
C14H-2014-0014,0302020413
C14H-2014-0014,0302020205
C14H-2014-0014,0302020309
C14H-2014-0014,0302020110
C14H-2014-0014,0302020209
C14H-2014-0014,0302020219
C14H-2014-0014,0302020101
C14H-2014-0014,0302020405
C14H-2014-0014,0302020109
C14H-2014-0014,0302001411
C14H-2014-0014,0302020204
C14H-2014-0014,0302020323
C14H-2014-0014,0302001003
C14H-2014-0014,0302020218
C14H-2014-0014,0302020108
C14H-2014-0014,0302001116
C14H-2014-0014,0302001001
C14H-2014-0014,0302020207
C14H-2014-0014,0302020307
C14H-2014-0014,0302020208
C14H-2014-0014,0302020113
C14H-2014-0014,0302001111
C14H-2014-0014,0302020320
C14H-2014-0014,0302001007
C14H-2014-0014,0302020214
C14H-2014-0014,0302020201
C14H-2014-0014,0302020217
C14H-2014-0014,0302020306
C14H-2014-0014,0302020421
C14H-2014-0014,0302020304
C14H-2014-0014,0302020223
C14H-2014-0014,0302001413
C14H-2014-0014,0302020216
C14H-2014-0014,0302020305
C14H-2014-0014,0302020324
C14H-2014-0014,0302020411
C14H-2014-0014,0302020412
C14H-2014-0014,0302020415
C14H-2014-0014,0302020225
C14H-2014-0014,0302020315
C14H-2014-0014,0302020116
C14H-2014-0014,0302020111
C14H-2014-0014,0302001117
C14H-2014-0014,0302001002
C14H-2014-0014,0302001108
C14H-2014-0014,0302020203
C14H-2014-0014,0302020402
C14H-2014-0014,0302020312
C14H-2014-0014,0302020114
C14H-2014-0014,0302020221
C14H-2014-0014,0302020112
C14H-2014-0014,0302020414
C14H-2014-0014,0302001109
C14H-2014-0014,0302020319
C14H-2014-0014,0302001412
C14H-2014-0014,0302020420
C14H-2014-0014,0302001408
C14H-2014-0014,0302020408
C14H-2014-0014,0302020107
C14H-2014-0014,0302020115
C14H-2014-0014,0302020220
C14H-2014-0014,0302001122
C14H-2014-0014,0302020417
C14H-2014-0014,0302001009
C14H-2014-0014,0302020313
C14H-2014-0014,0302020314
C14H-2014-0014,0302020422
C14H-2014-0014,0302020317
C14H-2014-0014,0302020222
C14H-2014-0014,0302001118
C14H-2014-0014,0302020404
C14H-2014-0014,0302020308
C14H-2014-0014,0302020418
C14H-2014-0014,0302020224
C14H-2014-0014,0302020401
C14H-2014-0014,0302020321
C14H-2014-0014,0302020318
C14H-2014-0014,0302020213
C14H-2014-0014,0302020206
C14H-2014-0014,0302020103
C14H-2014-0014,0302020117
C14H-2014-0014,0302020118
C14H-2014-0014,0302020301
C14H-2014-0014,0302020102
C14H-2014-0014,0302020210
C14H-2014-0014,0302001901
C14H-2014-0014,0302001701
C14H-2014-0014,0302001801
C14-2015-0001,0215210149
C14-2015-0001,0215210150
C14-2015-0001,0216200129
C14-2015-0001,0215210114
C14-2015-0001,0215210133
C14-2015-0001,0216200119
C14-2015-0001,0216200118
C14-2015-0001,0216200107
C14-2015-0001,0215210105
C14-2015-0001,0216200109
C14-2015-0019,0211220246
C14-2015-0019,0211220601
C14-2015-0019,0211220225
C14-2015-0019,0211220222
C14-2015-0019,0211220253
C14-2015-0019,0211220228
C14-2015-0019,0211220221
C14-2015-0019,0211220220
C14-2015-0019,0211220254
C14-2015-0019,0211220224
C14-2015-0019,0211220231
C14-2015-0019,0211220223
C14-2015-0019,0211220238
C14-2015-0019,0211220425
C14-2015-0019,0211220240
C14-2015-0019,0211220305
C14-2015-0019,0211220230
C14-2015-0019,0211220226
C14-2015-0019,0211220247
C14-2015-0019,0211220423
C14-2015-0019,0211220424
C14-2015-0019,0211220252
C14-2015-0019,0212230204
C14-2015-0019,0211220348
C14-2015-0019,0211220239
C14-2015-0019,0211220255
C14-2015-0019,0211220257
C14-2015-0019,0211220227
C14-2015-0043,0202160202
C14-2015-0043,0202160242
C14-2015-0043,0201150114
C14-2015-0043,0200160205
C14-2015-0043,0200160204
C14-2015-0043,0200160105
C14-2015-0043,0201150202
C14-2015-0043,0201150208
C14-2015-0043,0200160301
C14-2015-0043,0201150203
C14-2015-0047,0401060225
C14-2015-0047,0401060224
C14-2015-0047,0401060333
C14-2015-0047,0401060334
C14-2015-0047,0401060335
C14-2015-0047,0401060336
C14-2015-0047,0401060309
C14-2015-0047,0401060311
C14-2015-0047,0401060310
C14-2015-0047,0401060501
C14-2015-0047,0401060503
C14-2015-0047,0401060232
C14-2015-0047,0401060203
C14-2015-0047,0401060331
C14-2015-0047,0401060227
C14-2015-0047,0401060302
C14-2015-0047,0401060303
C14-2015-0047,0401061501
C14-2015-0047,0401061401
C14-2015-0047,0401061601
C14-2015-0047,0401062101
C14-2015-0047,0401062001
C14-2015-0086,0221251202
C14-2015-0086,0220270322
C14-2015-0086,0220270314
C14-2015-0086,0220270204
C14-2015-0086,0221251203
C14-2015-0086,0221251201
C14-2015-0086,0223260804
C14-2015-0086,0220270318
C14-2015-0086,0220270321
C14-2015-0086,0220270803
C14-2015-0086,0220270201
C14-2015-0086,0220270404
C14-2015-0086,0220270320
C14-2015-0086,0222280701
C14-2015-0086,0223260106
C14-2015-0086,0223260803
C14-2015-0086,0220270202
C14-2015-0086,0220270402
C14-2015-0086,0220270317
C14-2015-0086,0220270401
C14-2015-0086,0220270203
C14-2015-0086,0220270405
C14-2015-0086,0220270316
C14-2015-0086,0220270319
C14-2015-0086,0220270406
C14-2015-0086,0220270315
C14-2015-0086,0220270403
C14-2015-0093,0210020906
C14-2015-0093,0210021017
C14-2015-0093,0210021012
C14-2015-0093,0210021015
C14-2015-0093,0210021013
C14-2015-0093,0210020912
C14-2015-0093,0210020406
C14-2015-0093,0210020410
C14-2015-0093,0210021016
C14-2015-0093,0210020909
C14-2015-0093,0210020910
C14-2015-0093,0210020911
C14-2015-0093,0210020903
C14-2015-0093,0210021004
C14-2015-0093,0210020308
C14-2015-0093,0210020913
C14-2015-0093,0210020907
C14-2015-0093,0210020904
C14-2015-0094,0210020906
C14-2015-0094,0210021017
C14-2015-0094,0210021012
C14-2015-0094,0210021015
C14-2015-0094,0210021013
C14-2015-0094,0210020912
C14-2015-0094,0210020406
C14-2015-0094,0210021016
C14-2015-0094,0210020909
C14-2015-0094,0210020910
C14-2015-0094,0210020911
C14-2015-0094,0210021011
C14-2015-0094,0210020903
C14-2015-0094,0210020902
C14-2015-0094,0210021004
C14-2015-0094,0210020308
C14-2015-0094,0210020913
C14-2015-0094,0210020907
C14-2015-0105,0430190302
C14-2015-0105,0430190408
C14-2015-0105,0430150102
C14-2015-0105,0430190409
C14-2015-0105,0430190303
C14-2015-0105,0430190410
C14-2015-0105,0430150104
C14-2015-0105,0430150103
C14-2015-0105,0431271008
C14-2015-0105,0430190301
C14-2015-0106,0430190411
C14-2015-0106,0430190303
C14-2015-0106,0430190107
C14-2015-0106,0430190121
C14-2015-0106,0430190410
C14-2015-0106,0430190106
C14-2015-0106,0430190105
C14-2015-0106,0431271002
C14-2015-0106,0431271008
C14-2016-0023.SH,0266130528
C14-2016-0023.SH,0266130526
C14-2016-0023.SH,0266131018
C14-2016-0023.SH,0266131017
C14-2016-0023.SH,0266131021
C14-2016-0023.SH,0266130525
C14-2016-0023.SH,0266130709
C14-2016-0023.SH,0266130506
C14-2016-0023.SH,0266130509
C14-2016-0023.SH,0266130524
C14-2016-0023.SH,0266130710
C14-2016-0023.SH,0266130602
C14-2016-0023.SH,0266130522
C14-2016-0023.SH,0266130706
C14-2016-0023.SH,0266131019
C14-2016-0023.SH,0266130708
C14-2016-0023.SH,0266130507
C14-2016-0023.SH,0266130523
C14-2016-0023.SH,0266130510
C14-2016-0023.SH,0266130511
C14-2016-0023.SH,0266130501
C14-2016-0023.SH,0266130707
C14-2016-0039,0401060333
C14-2016-0039,0404070615
C14-2016-0039,0401060237
C14-2016-0039,0401060236
C14-2016-0039,0401060268
C14-2016-0039,0401060234
C14-2016-0039,0401060501
C14-2016-0039,0401060269
C14-2016-0039,0401060235
C14-2016-0039,0401060331
C14-2016-0039,0401060302
C14-2016-0039,0401060303
C14-2016-0039,0404071801
C14-2016-0039,0401061901
C14-2016-0039,0404073001
C14-2016-0039,0403070811
C14-2016-0064,0428110108
C14-2016-0064,0424000734
C14-2016-0064,0424000414
C14-2016-0064,0424000411
C14-2016-0064,0424000425
C14-2016-0064,0424000413
C14-2016-0064,0424000423
C14-2016-0064,0424000736
C14-2016-0064,0424000410
C14-2016-0064,0424000424
C14-2016-0064,0424000416
C14-2016-0064,0424000735
C14-2016-0064,0424000409
C14-2016-0064,0424000426
C14-2016-0064,0424000415
C14-2016-0064,0424000733
C14-2016-0064,0424000412
C14-2016-0077,0102010202
C14-2016-0077,0102010236
C14-2016-0077,0102010201
C14-2016-0077,0102010802
C14-2016-0077,0101011113
C14-2016-0077,0101011114
C14-2016-0077,0102010822
C14-2016-0077,0102010110
C14-2016-0077,0102010212
C14-2016-0077,0102010109
C14-2016-0077,0101011111
C14-2016-0077,0102010505
C14-2016-0077,0102010506
C14-2016-0077,0102010507
C14-2016-0077,0102010209
C14-2016-0077,0102010204
C14-2016-0077,0102010804
C14-2016-0077,0102010807
C14-2016-0077,0102010803
C14-2016-0077,0102010806
C14-2016-0077,0101011122
C14-2016-0077,0102010801
C14-2016-0077,0102010820
C14-2016-0077,0102010805
C14-2016-0077,0102010501
C14-2016-0077,0102010231
C14-2016-0077,0102010106
C14-2016-0077,0101011112
C14-2016-0077,0101011138
C14-2016-0077,0102010107
C14-2016-0077,0102010821
C14-2016-0077,0102010203
C14-2016-0077,0102010108
C14-2016-0077,0102011201
C14-2016-0077,0102010901
C14-2016-0096,0142180704
C14-2016-0096,0147190112
C14-2016-0096,0142270305
C14-2016-0096,0142180702
C14-2016-0096,0142180126
C14-2016-0096,0147190108
C14-2016-0096,0142180701
C14-2016-0096,0142270304
C14-2016-0096,0142180703
C14-2016-0096,0147190109
C14-2017-0092,0207080734
C14-2017-0092,0207081207
C14-2017-0092,0208090114
C14-2017-0092,0208090113
C14-2017-0092,0208090308
C14-2017-0092,0208090122
C14-2017-0092,0208090118
C14-2017-0092,0208090112
C14-2017-0092,0208090311
C14-2017-0092,0208090310
C14-2017-0092,0208090120
C14-2017-0092,0208090714
C14-2017-0092,0208090903
C14-2017-0092,0207080730
C14-2017-0092,0208090901
C14-2017-0092,0207080725
C14-2017-0092,0208090412
C14-2017-0092,0208090413
C14-2017-0092,0208090410
C14-2017-0092,0208090411
C14-2017-0092,0208090808
C14-2017-0092,0208090809
C14-2017-0092,0207081211
C14-2017-0092,0208090610
C14-2017-0092,0208090613
C14-2017-0092,0208090813
C14-2017-0092,0208090407
C14-2017-0092,0208090715
C14-2017-0092,0208090907
C14-2017-0092,0208090908
C14-2017-0092,0208090909
C14-2017-0092,0208090619
C14-2017-0092,0208090620
C14-2017-0092,0208090717
C14-2017-0092,0208090209
C14-2017-0092,0208090210
C14-2017-0092,0208090408
C14-2017-0092,0208090409
C14-2017-0092,0207080735
C14-2017-0092,0208090212
C14-2017-0092,0208090722
C14-2017-0092,0208090721
C14-2017-0092,0208090720
C14-2017-0092,0208090811
C14-2017-0092,0207080729
C14-2017-0092,0208091712
C14-2017-0092,0208090510
C14-2017-0092,0208090509
C14-2017-0092,0208090306
C14-2017-0092,0208090712
C14-2017-0092,0208090307
C14-2017-0092,0207080726
C14-2017-0092,0208090814
C14-2017-0092,0208090208
C14-2017-0092,0208090617
C14-2017-0092,0208090211
C14-2017-0092,0208090902
C14-2017-0092,0208090121
C14-2017-0092,0207081208
C14-2017-0092,0207081210
C14-2017-0092,0207081209
C14-2017-0092,0208090207
C14-2017-0092,0208090716
C14-2017-0092,0208090723
C14-2017-0092,0208090719
C14-2017-0092,0208090119
C14-2017-0092,0208090309
C14-2017-0092,0208090621
C14-2017-0092,0207080728
C14-2017-0092,0208090618
C14-2017-0092,0208090612
C14-2017-0092,0208090614
C14-2017-0092,0208090615
C14-2017-0092,0207080731
C14-2017-0092,0208090611
C14-2017-0092,0207081501
C14-2017-0092,0207081801
C14-2017-0092,0208094001
C14-2017-0092,0208094101
C14-2017-0092,0208093301
C14-2017-0092,0208090706
C14-2017-0092,0208090707
C14-2017-0092,0208090709
C14-2017-0092,0208090710
C14-2017-0092,0208090711
C14-2017-0092,0208090708
C14-2017-0092,0208090802
C14-2017-0092,0208090806
C14-2017-0123,0430150204
C14-2017-0123,0430150102
C14-2017-0123,0430150212
C14-2017-0123,0430150303
C14-2017-0123,0430150301
C14-2017-0123,0430150104
C14-2017-0123,0430150302
C14-2017-0123,0430150103
C14-2017-0123,0430150203
C14-2018-0002,0207280302
C14-2018-0002,0202310108
C14-2018-0002,0202210215
C14-2018-0002,0202310106
C14-2018-0002,0202310107
C14-2018-0002,0202210233
C14-2018-0002,0202210214
C14-2018-0002,0202210232
C14-2018-0077,0213330514
C14-2018-0077,0213330512
C14-2018-0077,0213330502
C14-2018-0077,0213330619
C14-2018-0077,0213330511
C14-2018-0077,0213330618
C14-2018-0077,0211330106
C14-2018-0077,0210310148
C14-2018-0077,0211330110
C14-2018-0077,0211330109
C14-2018-0077,0213330615
C14-2018-0077,0210310112
C14-2018-0077,0213330608
C14-2018-0077,0210310132
C14-2018-0077,0213330610
C14-2018-0077,0211330107
C14-2018-0077,0211330306
C14-2018-0077,0213330613
C14-2018-0077,0213330510
C14-2018-0077,0211330414
C14-2018-0077,0211330413
C14-2018-0077,0211330415
C14-2018-0077,0213330503
C14-2018-0077,0213330607
C14-2018-0077,0211330311
C14-2018-0077,0210310125
C14-2018-0077,0210310130
C14-2018-0077,0210310139
C14-2018-0077,0211330108
C14-2018-0077,0211330104
C14-2018-0077,0210310129
C14-2018-0077,0213330605
C14-2018-0077,0213330505
C14-2018-0077,0211330101
C14-2018-0077,0211330102
C14-2018-0077,0211330304
C14-2018-0077,0211330105
C14-2018-0077,0210310127
C14-2018-0077,0213330612
C14-2018-0077,0213330617
C14-2018-0077,0213330606
C14-2018-0077,0213330609
C14-2018-0077,0213330614
C14-2018-0077,0213330611
C14-2018-0077,0213330504
C14-2018-0077,0213330616
C14-2018-0100.SH,0211090505
C14-2018-0100.SH,0211090506
C14-2018-0100.SH,0211090902
C14-2018-0100.SH,0211090903
C14-2018-0100.SH,0211090904
C14-2018-0100.SH,0211090901
C14-2018-0100.SH,0211091003
C14-2018-0100.SH,0211091002
C14-2018-0100.SH,0211090507
C14-2018-0100.SH,0211091013
C14-2018-0100.SH,0211091007
C14-2018-0100.SH,0211091008
C14-2018-0100.SH,0211091004
C14-2018-0100.SH,0211091006
C14-2018-0100.SH,0211090405
C14-2018-0100.SH,0211090408
C14-2018-0100.SH,0211091012
C14-2018-0100.SH,0211091011
C14-2018-0100.SH,0211091010
C14-2018-0100.SH,0211091009
C14-2018-0100.SH,0211090509
C14-2018-0100.SH,0211092501
C14-2018-0140,0235180821
C14-2018-0140,0235181019
C14-2018-0140,0235181402
C14-2018-0140,0235180909
C14-2018-0140,0233170202
C14-2018-0140,0235181401
C14-2018-0140,0235181002
C14-2018-0140,0235180910
C14-2018-0140,0235181419
C14-2018-0140,0235181044
C14-2018-0140,0235181001
C14-2018-0140,0235180912
C14-2018-0140,0235180911
C14-2018-0140,0233170201
C14-2018-0140,0235181043
C14-2018-0140,0235180816
C14-2018-0140,0233170105
C14-2018-0140,0233180411
C14-2018-0140,0233180410
C14-2018-0140,0233180408
C14-2018-0140,0235180815
C14-2018-0141,0411130927
C14-2018-0141,0411131003
C14-2018-0141,0414110101
C14-2018-0141,0411130903
C14-2018-0141,0411131002
C14-2018-0141,0411130901
C14-2018-0141,0411130928
C14-2018-0141,0413140214
C14-2018-0141,0412110905
C14-2018-0141,0411130929
C14-2018-0141,0411130926
C14-2018-0141,0411130902
C14-2018-0141,0413140213
C14-2018-0141,0414110103
C14-2018-0141,0414110102
C14-2018-0141,0411131004
C14H-2018-0013,0108030702
C14H-2018-0013,0108030321
C14H-2018-0013,0108030601
C14H-2018-0013,0108031159
C14H-2018-0013,0108030603
C14H-2018-0013,0110020630
C14H-2018-0013,0108030703
C14H-2018-0013,0108031107
C14H-2018-0013,0108030330
C14H-2018-0013,0110020633
C14H-2018-0013,0108031147
C14H-2018-0013,0108030804
C14H-2018-0013,0108030324
C14H-2018-0013,0108030605
C14H-2018-0013,0108030604
C14H-2018-0013,0108030318
C14H-2018-0013,0110020629
C14H-2018-0013,0108031120
C14H-2018-0013,0108031160
C14H-2018-0013,0108030805
C14H-2018-0013,0108030504
C14H-2018-0013,0108031150
C14H-2018-0013,0110020632
C14H-2018-0013,0108031113
C14H-2018-0013,0108030501
C14H-2018-0013,0108031177
C14H-2018-0013,0108030801
C14H-2018-0013,0108030322
C14H-2018-0013,0108030326
C14H-2018-0013,0108031168
C14H-2018-0013,0108031151
C14H-2018-0013,0108031111
C14H-2018-0013,0108031175
C14H-2018-0013,0108031104
C14H-2018-0013,0108031176
C14H-2018-0013,0108030323
C14H-2018-0013,0108030329
C14H-2018-0013,0108031118
C14H-2018-0013,0108030803
C14H-2018-0013,0108031154
C14H-2018-0013,0108030707
C14H-2018-0013,0108031102
C14H-2018-0013,0108031110
C14H-2018-0013,0108031145
C14H-2018-0013,0108030705
C14H-2018-0013,0110020634
C14H-2018-0013,0108031163
C14H-2018-0013,0108031161
C14H-2018-0013,0108030314
C14H-2018-0013,0108031112
C14H-2018-0013,0108031108
C14H-2018-0013,0108031157
C14H-2018-0013,0108030704
C14H-2018-0013,0108031152
C14H-2018-0013,0108031165
C14H-2018-0013,0108031164
C14H-2018-0013,0110020631
C14H-2018-0013,0108031103
C14H-2018-0013,0108030506
C14H-2018-0013,0108030505
C14H-2018-0013,0110020625
C14H-2018-0013,0108031166
C14H-2018-0013,0108031167
C14H-2018-0013,0108031101
C14H-2018-0013,0108030507
C14H-2018-0013,0108030503
C14H-2018-0013,0108030502
C14H-2018-0013,0108030606
C14H-2018-0013,0108030602
C14H-2018-0013,0108031158
C14H-2018-0013,0108031148
C14H-2018-0013,0108031162
C14H-2018-0013,0108030319
C14H-2018-0013,0108030320
C14H-2018-0013,0108030327
C14H-2018-0013,0108030316
C14H-2018-0013,0108031146
C14H-2018-0013,0108031153
C14H-2018-0013,0108030706
C14H-2018-0013,0108031105
C14H-2018-0013,0108030313
C14H-2018-0013,0108031115
C14H-2018-0013,0108031116
C14H-2018-0013,0108031114
C14H-2018-0013,0110020628
C14H-2018-0013,0108030317
C14H-2018-0013,0108030315
C14H-2018-0013,0108031106
C14H-2018-0013,0108030312
C14H-2018-0013,0108031155
C14H-2018-0013,0108031156
C14H-2018-0013,0108032201
C14H-2018-0013,0108031901
C14H-2018-0013,0108031801
C14H-2018-0084,0112020418
C14H-2018-0084,0112020502
C14H-2018-0084,0112020601
C14H-2018-0084,0112020417
C14H-2018-0084,0112020401
C14H-2018-0084,0112020416
C14H-2018-0084,0112020415
C14H-2018-0084,0112020405
C14H-2018-0084,0112020524
C14H-2018-0084,0112020420
C14H-2018-0084,0112020503
C14H-2018-0084,0112020412
C14H-2018-0084,0112020406
C14H-2018-0084,0112020518
C14H-2018-0084,0112020523
C14H-2018-0084,0112020402
C14H-2018-0084,0112020404
C14H-2018-0084,0112020403
C14-2019-0007,0312180120
C14-2019-0007,0312180115
C14-2019-0007,0312180116
C14-2019-0007,0312180106
C14-2019-0007,0311160316
C14-2019-0007,0312180108
C14-2019-0007,0311160315
C14-2019-0007,0312180122
C14-2019-0007,0312180121
C14-2019-0007,0311160318
C14-2019-0007,0312180123
C14-2019-0007,0312180504
C14-2019-0007,0311160327
C14-2019-0007,0311160320
C14-2019-0007,0312180102
C14-2019-0007,0312180103
C14-2019-0007,0312180105
C14-2019-0007,0311160324
C14-2019-0007,0311160317
C14-2019-0007,0312180503
C14-2019-0007,0310180602
C14-2019-0007,0312180602
C14-2019-0007,0312180606
C14-2019-0007,0312180715
C14-2019-0007,0311160319
C14-2019-0007,0310180107
C14-2019-0007,0311160326
C14-2019-0007,0312181801
C14-2019-0007,0311160401
C14-2019-0007,0312180113
C14-2019-0007,0312180110
C14-2019-0007,0312180111
C14-2019-0007,0312180109
C14-2019-0007,0312180112
C14-2019-0007,0312180114
C14-2019-0026,0310050308
C14-2019-0026,0310050307
C14-2019-0026,0310050301
C14-2019-0026,0312060111
C14-2019-0026,0311040522
C14-2019-0026,0310050306
C14-2019-0026,0311040607
C14-2019-0026,0310050902
C14-2019-0026,0310050305
C14-2019-0026,0311040701
C14-2019-0026,0310050302
C14-2019-0026,0310050903
C14-2019-0026,0310050402
C14-2019-0026,0311040606
C14-2019-0026,0310050303
C14-2019-0026,0310050322
C14-2019-0026,0311040605
C14-2019-0026,0310050901
C14-2019-0026,0310050304
C14-2019-0053,0232040104
C14-2019-0053,0232040105
C14-2019-0053,0232040106
C14-2019-0053,0232040301
C14-2019-0053,0232041008
C14-2019-0053,0232040305
C14-2019-0053,0232040303
C14-2019-0053,0232040327
C14-2019-0053,0232040102
C14-2019-0053,0232041003
C14-2019-0053,0232041007
C14-2019-0053,0232041009
C14-2019-0053,0232041010
C14-2019-0053,0232041005
C14-2019-0053,0232041002
C14-2019-0053,0232040306
C14-2019-0053,0232040302
C14-2019-0053,0232041801
C14-2019-0054,0428150140
C14-2019-0054,0428150206
C14-2019-0054,0428150208
C14-2019-0054,0428150207
C14-2019-0054,0428150128
C14-2019-0054,0428150105
C14-2019-0054,0428150141
C14-2019-0054,0428150106
C14-2019-0054,0428150125
C14-2019-0054,0428150129
C14-2019-0054,0428150138
C14-2019-0054,0428150209
C14-2019-0054,0428150108
C14-2019-0054,0428150139
C14-2019-0054,0428150127
C14-2019-0054,0428150126
C14-2019-0054,0428150142
C14-2019-0054,0428150109
C14-2019-0054,0428150204
C14-2019-0078,0410080719
C14-2019-0078,0410080906
C14-2019-0078,0410081414
C14-2019-0078,0410080104
C14-2019-0078,0410080715
C14-2019-0078,0410080944
C14-2019-0078,0410080710
C14-2019-0078,0410080718
C14-2019-0078,0410080711
C14-2019-0078,0410080907
C14-2019-0078,0410080723
C14-2019-0078,0410080724
C14-2019-0078,0410080905
C14-2019-0078,0410080704
C14-2019-0078,0410080709
C14-2019-0078,0410080903
C14-2019-0078,0410080720
C14-2019-0078,0410080722
C14-2019-0078,0410080716
C14-2019-0078,0410081407
C14-2019-0078,0410080717
C14-2019-0078,0410080205
C14-2019-0078,0410080714
C14-2019-0078,0410080721
C14-2019-0078,0410080206
C14-2019-0078,0410080501
C14-2019-0078,0410081406
C14-2019-0090,0424130329
C14-2019-0090,0423150321
C14-2019-0090,0423150322
C14-2019-0090,0424130330
C14-2019-0090,0424130331
C14-2019-0090,0424130332
C14-2019-0090,0423150419
C14-2019-0090,0423150410
C14-2019-0090,0423150314
C14-2019-0090,0424110301
C14-2019-0103,0229300101
C14-2019-0103,0231280402
C14-2019-0103,0231300133
C14-2019-0103,0231300141
C14-2019-0103,0229280205
C14-2019-0103,0231280401
C14-2019-0103,0229300606
C14-2019-0103,0229300103
C14-2019-0103,0231300121
C14-2019-0103,0229300102
C14-2019-0103,0229280202
C14-2020-0022,0212230109
C14-2020-0022,0212230432
C14-2020-0022,0213220706
C14-2020-0022,0213220607
C14-2020-0022,0212230430
C14-2020-0022,0212230431
C14-2020-0022,0212230427
C14-2020-0022,0212230132
C14-2020-0022,0212230133
C14-2020-0022,0212230134
C14-2020-0022,0213220601
C14-2020-0022,0212230124
C14-2020-0022,0213220614
C14-2020-0022,0212210210
C14-2020-0022,0212230113
C14-2020-0022,0213220708
C14-2020-0022,0212230122
C14-2020-0022,0213220603
C14-2020-0022,0211220111
C14-2020-0022,0213220609
C14-2020-0022,0212230429
C14-2020-0022,0212210602
C14-2020-0022,0212230419
C14-2020-0022,0213220606
C14-2020-0022,0212230123
C14-2020-0022,0212230131
C14-2020-0022,0212230115
C14-2020-0022,0212230425
C14-2020-0022,0212210603
C14-2020-0022,0212230418
C14-2020-0022,0213220705
C14-2020-0022,0212230126
C14-2020-0022,0213220704
C14-2020-0022,0212230112
C14-2020-0022,0212210971
C14-2020-0022,0212210970
C14-2020-0022,0212230130
C14-2020-0022,0213220604
C14-2020-0022,0212230433
C14-2020-0022,0211220110
C14-2020-0022,0211220108
C14-2020-0022,0212230128
C14-2020-0022,0212230127
C14-2020-0022,0212230129
C14-2020-0022,0213220608
C14-2020-0022,0213220615
C14-2020-0022,0213220707
C14-2020-0022,0213220602
C14-2020-0022,0212230428
C14-2020-0022,0212210623
C14-2020-0022,0212230417
C14-2020-0022,0212230114
C14-2020-0022,0212210204
C14-2020-0022,0212210209
C14-2020-0022,0212210211
C14-2020-0022,0212210203
C14-2020-0022,0212230125
C14-2020-0022,0212210622
C14-2020-0022,0211220109
C14-2020-0022,0213220605
C14-2020-0022,0211220102
C14-2020-0022,0212230426
C14-2020-0022,0212230801
C14-2020-0022,0212230701
C14-2020-0022,0212212101
C14-2020-0022,0212230601
C14-2020-0023,0101480205
C14-2020-0023,0101440702
C14-2020-0023,0402480204
C14-2020-0023,0402440218
C14-2020-0023,0402480329
C14-2020-0023,0101440501
C14-2020-0023,0101480201
C14-2020-0023,0101440403
C14-2020-0023,0101480203
C14-2020-0023,0402480303
C14-2020-0023,0101440402
C14-2020-0023,0101440401
C14-2020-0023,0102470305
C14-2020-0023,0101480106
C14-2020-0023,0101480202
C14-2020-0023,0402480330
C14-2020-0023,0101480105
C14-2020-0023,0101480103
C14-2020-0023,0402440223
C14-2020-0023,0101480104
C14-2020-0023,0402440501
C14-2020-0023,0101480401
C14-2020-0029,0307170603
C14-2020-0029,0306150325
C14-2020-0029,0306150326
C14-2020-0029,0307170604
C14-2020-0029,0306150329
C14-2020-0029,0306150328
C14-2020-0029,0307170605
C14-2020-0029,0307170601
C14-2020-0029,0307170724
C14-2020-0029,0306150324
C14-2020-0029,0307170602
C14-2020-0029,0306150233
C14-2020-0029,0307170110
C14-2020-0029,0307170109
C14-2020-0029,0306150327
C14-2020-0029,0307170725
C14-2020-0029,0306150323
C14-2020-0029,0306150319
C14-2020-0029,0307170607
C14-2020-0029,0306150226
C14-2020-0029,0306150227
C14-2020-0029,0306150121
C14-2020-0029,0306150320
C14-2020-0029,0307170606
C14-2020-0029,0307170111
C14-2020-0030,0303170219
C14-2020-0030,0302170313
C14-2020-0030,0303170221
C14-2020-0030,0302170316
C14-2020-0030,0302170303
C14-2020-0030,0302170321
C14-2020-0030,0302170320
C14-2020-0030,0302170319
C14-2020-0030,0303170122
C14-2020-0030,0302170310
C14-2020-0030,0302170312
C14-2020-0030,0302170317
C14-2020-0030,0302170501
C14-2020-0031.SH,0212230516
C14-2020-0031.SH,0212230405
C14-2020-0031.SH,0214230123
C14-2020-0031.SH,0212230519
C14-2020-0031.SH,0212230517
C14-2020-0031.SH,0212230518
C14-2020-0031.SH,0212230401
C14-2020-0031.SH,0212230524
C14-2020-0031.SH,0213220708
C14-2020-0031.SH,0212230403
C14-2020-0031.SH,0214230714
C14-2020-0031.SH,0214230620
C14-2020-0031.SH,0214230619
C14-2020-0031.SH,0213220901
C14-2020-0031.SH,0213220902
C14-2020-0031.SH,0212230402
C14-2020-0031.SH,0214230616
C14-2020-0031.SH,0213220703
C14-2020-0031.SH,0214230713
C14-2020-0031.SH,0212230433
C14-2020-0031.SH,0213220701
C14-2020-0031.SH,0212230515
C14-2020-0031.SH,0214230615
C14-2020-0031.SH,0212230522
C14-2020-0031.SH,0213220702
C14-2020-0031.SH,0212230404
C14-2020-0038,0302160104
C14-2020-0038,0303170204
C14-2020-0038,0303170132
C14-2020-0038,0304160228
C14-2020-0038,0304160229
C14-2020-0038,0302160201
C14-2020-0038,0303170131
C14-2020-0038,0304160217
C14-2020-0038,0304160103
C14-2020-0038,0304160219
C14-2020-0038,0303170130
C14-2020-0038,0304160220
C14-2020-0038,0303170133
C14-2020-0038,0303170129
C14-2020-0038,0304160218
C14-2020-0038,0303170128
C14-2020-0038,0304160801
C14-2020-0044,0303170535
C14-2020-0044,0303170567
C14-2020-0044,0303170521
C14-2020-0044,0303170532
C14-2020-0044,0305180202
C14-2020-0044,0303170563
C14-2020-0044,0303170531
C14-2020-0044,0305180406
C14-2020-0044,0303170547
C14-2020-0044,0305180413
C14-2020-0044,0305180412
C14-2020-0044,0305180414
C14-2020-0044,0303170530
C14-2020-0044,0304160306
C14-2020-0044,0305180411
C14-2020-0044,0303170550
C14-2020-0044,0305180408
C14-2020-0044,0303170566
C14-2020-0044,0303170561
C14-2020-0044,0303170560
C14-2020-0044,0303170564
C14-2020-0044,0303170620
C14-2020-0044,0303170548
C14-2020-0044,0303170522
C14-2020-0044,0303170523
C14-2020-0044,0303170519
C14-2020-0044,0303170549
C14-2020-0044,0305180409
C14-2020-0044,0305180407
C14-2020-0044,0303170529
C14-2020-0044,0305180410
C14-2020-0044,0303170553
C14-2020-0044,0303170539
C14-2020-0044,0303170533
C14-2020-0044,0303170520
C14-2020-0044,0303170621
C14-2020-0044,0303170557
C14-2020-0044,0304200402
C14-2020-0044,0303170534
C14-2020-0044,0303170524
C14-2020-0044,0303170701
C14-2020-0048,0110010401
C14-2020-0048,0112020509
C14-2020-0048,0110010409
C14-2020-0048,0110010405
C14-2020-0048,0110010406
C14-2020-0048,0112020511
C14-2020-0048,0110010402
C14-2020-0048,0110010403
C14-2020-0048,0110010411
C14-2020-0048,0110010408
C14-2020-0048,0110010410
C14-2020-0048,0112020510
C14-2020-0048,0112020521
C14-2020-0048,0110010407
C14-2020-0048,0112020605
C14-2020-0048,0112020604
C14-2020-0067,0405050510
C14-2020-0067,0405050505
C14-2020-0067,0407060218
C14-2020-0067,0405050508
C14-2020-0067,0407060219
C14-2020-0067,0405050509
C14-2020-0067,0407060201
C14-2020-0067,0408040501
C14-2020-0067,0407030240
C14-2020-0067,0405051101
C14-2020-0081,0302060243
C14-2020-0081,0302060201
C14-2020-0081,0302060244
C14-2020-0081,0302060246
C14-2020-0081,0302060245
C14-2020-0081,0302060221
C14-2020-0081,0302060256
C14-2020-0089,0211200520
C14-2020-0089,0210180514
C14-2020-0089,0209190102
C14-2020-0089,0210180414
C14-2020-0089,0210180533
C14-2020-0089,0210180549
C14-2020-0089,0209190127
C14-2020-0089,0210180532
C14-2020-0089,0210180526
C14-2020-0089,0210180701
C14-2020-0089,0211180509
C14-2020-0089,0210180505
C14-2020-0089,0210180510
C14-2020-0089,0211180531
C14-2020-0089,0210180509
C14-2020-0089,0211180529
C14-2020-0089,0211180528
C14-2020-0089,0211180507
C14-2020-0089,0210180501
C14-2020-0089,0211180526
C14-2020-0089,0211180527
C14-2020-0089,0211180530
C14-2020-0089,0210180511
C14-2020-0089,0211180537
C14-2020-0089,0211180538
C14-2020-0089,0211180525
C14-2020-0089,0211180510
C14-2020-0089,0210180535
C14-2020-0089,0210180534
C14-2020-0089,0210181401
C14-2020-0089,0210181001
C14-2020-0089,0210181901
C14-2020-0089,0210180801
C14-2020-0089,0210181101
C14-2020-0089,0210180901
C14-2020-0089,0210182001
C14-2020-0089,0211181301
C14-2020-0102,0404550301
C14-2020-0102,0402550724
C14-2020-0102,0404550107
C14-2020-0102,0404550108
C14-2020-0102,0404550123
C14-2020-0102,0404550113
C14-2020-0102,0404550132
C14-2020-0102,0404550131
C14-2020-0102,0404550130
C14-2020-0102,0402550201
C14-2020-0102,0402550101
C14-2020-0102,0404550125
C14-2020-0102,0404550134
C14-2020-0121,0419130515
C14-2020-0121,0419130513
C14-2020-0121,0419130517
C14-2020-0121,0419130514
C14-2020-0121,0419130516
C14-2020-0121,0419130511
C14-2020-0121,0419130507
C14-2020-0121,0419130509
C14-2020-0121,0422130409
C14-2020-0121,0422130402
C14-2020-0121,0419150606
C14-2020-0121,0419150608
C14-2020-0121,0419130508
C14-2020-0121,0419151002
C14-2020-0121,0419150610
C14-2020-0121,0419130502
C14-2020-0121,0419151001
C14-2020-0121,0422130401
C14-2020-0121,0419130510
C14-2020-0121,0423150301
C14-2020-0121,0419151025
C14-2020-0121,0419151024
C14-2020-0121,0419151023
C14-2020-0121,0419150607
C14-2020-0121,0419130512
C14-2020-0121,0419130501
C14-2020-0121,0422130403
C14-2020-0121,0419150609
C14-2020-0151,0425130807
C14-2020-0151,0427170511
C14-2020-0151,0425130801
C14-2020-0151,0424000734
C14-2020-0151,0424000414
C14-2020-0151,0424000410
C14-2020-0151,0424000422
C14-2020-0151,0425130727
C14-2020-0151,0428110122
C14-2020-0151,0428110102
C14-2020-0151,0424000411
C14-2020-0151,0425130729
C14-2020-0151,0425130725
C14-2020-0151,0425130802
C14-2020-0151,0424000416
C14-2020-0151,0427170509
C14-2020-0151,0427170513
C14-2020-0151,0424000420
C14-2020-0151,0425130803
C14-2020-0151,0424000423
C14-2020-0151,0425130804
C14-2020-0151,0425130724
C14-2020-0151,0424000736
C14-2020-0151,0425130728
C14-2020-0151,0427170516
C14-2020-0151,0427170506
C14-2020-0151,0425130626
C14-2020-0151,0425130606
C14-2020-0151,0427170514
C14-2020-0151,0425130805
C14-2020-0151,0427170510
C14-2020-0151,0424000735
C14-2020-0151,0425130726
C14-2020-0151,0424000415
C14-2020-0151,0424000417
C14-2020-0151,0428110103
C14-2020-0151,0427170515
C14-2020-0151,0427170517
C14-2020-0151,0424000418
C14-2020-0151,0425130730
C14-2020-0151,0427170508
C14-2020-0151,0425130806
C14-2020-0151,0427170507
C14-2020-0151,0424000419
C14-2020-0151,0424000413
C14-2020-0151,0427170512
C14-2020-0151,0424000412
C14-2020-0151,0212101306
C14-2020-0151,0212101505
C14-2020-0151,0212101314
C14-2020-0151,0212101313
C14-2020-0151,0212101414
C14-2020-0151,0212101416
C14-2020-0151,0212101523
C14-2020-0151,0212101522
C14-2020-0151,0212101230
C14-2020-0151,0212101226
C14-2020-0151,0212101310
C14-2020-0151,0212101417
C14-2020-0151,0212101407
C14-2020-0151,0212101524
C14-2020-0151,0212101404
C14-2020-0151,0212101303
C14-2020-0151,0212101405
C14-2020-0151,0212101525
C14-2020-0151,0212101504
C14-2020-0151,0212101514
C14-2020-0151,0212101232
C14-2020-0151,0212101518
C14-2020-0151,0212101228
C14-2020-0151,0212101304
C14-2020-0151,0212101408
C14-2020-0151,0212101410
C14-2020-0151,0212101225
C14-2020-0151,0212101316
C14-2020-0151,0212101515
C14-2020-0151,0212101402
C14-2020-0151,0212101503
C14-2020-0151,0212101229
C14-2020-0151,0212101308
C14-2020-0151,0212101233
C14-2020-0151,0212101519
C14-2020-0151,0212101312
C14-2020-0151,0212101506
C14-2020-0151,0212101507
C14-2020-0151,0212101302
C14-2020-0151,0212101415
C14-2020-0151,0212101227
C14-2020-0151,0212101521
C14-2020-0151,0212101305
C14-2020-0151,0212101307
C14-2020-0151,0212101309
C14-2020-0151,0212101311
C14-2020-0151,0212101301
C14-2020-0151,0212101516
C14-2020-0151,0212101517
C14-2020-0151,0212101401
C14-2020-0151,0212101317
C14-2020-0151,0212102001
C14-2020-0151,0212101801
C14-2020-0151,0212102101
C14-2021-0007,0402030235
C14-2021-0007,0402030236
C14-2021-0007,0402040721
C14-2021-0007,0402040722
C14-2021-0007,0402040412
C14-2021-0007,0402040707
C14-2021-0007,0402040728
C14-2021-0007,0402040414
C14-2021-0007,0402030101
C14-2021-0007,0404040717
C14-2021-0007,0402030105
C14-2021-0007,0402040410
C14-2021-0007,0402040413
C14-2021-0007,0402040406
C14-2021-0007,0402040708
C14-2021-0007,0402040727
C14-2021-0007,0402040709
C14-2021-0007,0402040218
C14-2021-0007,0402040729
C14-2021-0007,0402040721
C14-2021-0007,0402040414
C14-2021-0017,0219230408
C14-2021-0017,0218240101
C14-2021-0017,0221240918
C14-2021-0017,0218240104
C14-2021-0017,0219230403
C14-2021-0017,0219230404
C14-2021-0017,0219230409
C14-2021-0039,0245210103
C14-2021-0039,0243210101
C14-2021-0039,0243210104
C14-2021-0039,0243210413
C14-2021-0039,0244220410
C14-2021-0039,0244220604
C14-2021-0039,0243210414
C14-2021-0039,0243210103
C14-2021-0039,0243210126
C14-2021-0039,0243210412
C14-2021-0039,0244220409
C14-2021-0039,0244220408
C14-2021-0039,0243210411
C14-2021-0039,0243210418
C14-2021-0039,0243210125
C14-2021-0039,0244220401
C14-2021-0039,0243210102
C14-2021-0039,0243210416
C14-2021-0039,0243210417
C14-2021-0039,0243210433
C14-2021-0039,0243210415
C14-2021-0039,0244220402
C14-2021-0039,0244220301
C14-2021-0039,0244220605
C14-2021-0039,0244220606
C14-2021-0039,0244220403
C14-2021-0056,0418171107
C14-2021-0056,0418170603
C14-2021-0056,0418170406
C14-2021-0056,0418170404
C14-2021-0056,0418170601
C14-2021-0056,0418170401
C14-2021-0056,0418170403
C14-2021-0056,0419160449
C14-2021-0056,0419160518
C14-2021-0056,0420150125
C14-2021-0056,0418171109
C14-2021-0056,0419160451
C14-2021-0056,0418170602
C14-2021-0056,0418171110
C14-2021-0056,0419160450
C14-2021-0056,0418171201
C14-2021-0081,0108031606
C14-2021-0081,0108031604
C14-2021-0081,0108031603
C14-2021-0081,0108031313
C14-2021-0081,0108031312
C14-2021-0081,0108031314
C14-2021-0081,0108010305
C14-2021-0081,0108031315
C14-2021-0081,0108031316
C14-2021-0081,0108031205
C14-2021-0081,0108010303
C14-2021-0081,0108010302
C14-2021-0081,0108010301
C14-2021-0081,0108031609
C14-2021-0081,0108031602
C14-2021-0081,0108031607
C14-2021-0081,0108031608
C14-2021-0081,0108031325
C14-2021-0081,0108031334
C14-2021-0081,0108010203
C14-2021-0081,0108031317
C14-2021-0081,0108010304
C14-2021-0081,0108032001
C14-2021-0082,0218240101
C14-2021-0082,0221240918
C14-2021-0082,0219230405
C14-2021-0082,0221241401
C14-2021-0100,0242020463
C14-2021-0100,0242020461
C14-2021-0100,0243030103
C14-2021-0117,0430150404
C14-2021-0117,0430150212
C14-2021-0117,0430150301
C14-2021-0117,0430150211
C14-2021-0117,0430150210
C14-2021-0117,0430150402
C14-2021-0117,0430150401
C14-2021-0117,0430150701
C14-2021-0119,0424170609
C14-2021-0119,0424170813
C14-2021-0119,0424170810
C14-2021-0119,0424170814
C14-2021-0119,0424170623
C14-2021-0119,0424170625
C14-2021-0119,0424130701
C14-2021-0119,0424170603
C14-2021-0119,0424170624
C14-2021-0119,0424170815
C14-2021-0119,0424170611
C14-2021-0119,0424170708
C14-2021-0119,0424130601
C14-2021-0119,0424130301
C14-2021-0119,0424130375
C14-2021-0119,0424130377
C14-2021-0119,0424130378
C14-2021-0119,0423150805
C14-2021-0119,0424130376
C14-2021-0119,0424170812
C14-2021-0119,0424170602
C14-2021-0119,0424170601
C14-2021-0119,0424170626
C14-2021-0119,0424170605
C14-2021-0119,0424170621
C14-2021-0119,0424170622
C14-2021-0119,0424170610
C14-2021-0119,0424170612
C14-2021-0119,0424170607
C14-2021-0119,0424170627
C14-2021-0119,0424170811
C14-2021-0119,0424170606
C14-2021-0119,0424170608
C14-2021-0119,0424170604
C14-2021-0127,0210310123
C14-2021-0127,0210310121
C14-2021-0127,0210310122
C14-2021-0127,0210310106
C14-2021-0127,0210310125
C14-2021-0127,0210310129
C14-2021-0127,0210310124
C14-2021-0127,0210310109
C14-2021-0136,0424210326
C14-2021-0136,0424210427
C14-2021-0136,0424210426
C14-2021-0136,0424211745
C14-2021-0136,0424210301
C14-2021-0136,0424210304
C14-2021-0136,0424210329
C14-2021-0136,0424212001
C14-2021-0136,0424211746
C14-2021-0136,0424210302
C14-2021-0136,0424210328
C14-2021-0136,0424210303
C14-2021-0136,0424211743
C14-2021-0136,0424210327
C14-2021-0136,0424210325
C14-2021-0137,0119000703
C14-2021-0137,0120010912
C14-2021-0137,0119000301
C14-2021-0137,0119000707
C14-2021-0137,0119000705
C14-2021-0137,0119000706
C14-2021-0137,0120010914
C14-2021-0137,0120010913
C14-2021-0137,0119000702
C14-2021-0137,0119000421
C14-2021-0137,0119000401
C14-2021-0137,0119000420
C14-2021-0137,0119000419
C14-2021-0137,0119000715
C14-2021-0137,0119000303
C14-2021-0137,0119000304
C14-2021-0137,0120010915
C14-2021-0137,0119000712
C14-2021-0137,0119000302
C14-2021-0137,0119000704
C14-2021-0137,0119000708
C14-2021-0137,0120010933
C14-2021-0137,0119000309
C14-2021-0141,0215331003
C14-2021-0141,0215331002
C14-2021-0141,0210310123
C14-2021-0141,0210310118
C14-2021-0141,0210310114
C14-2021-0141,0210310112
C14-2021-0141,0210310138
C14-2021-0141,0213330205
C14-2021-0141,0213330203
C14-2021-0141,0213330226
C14-2021-0141,0213330512
C14-2021-0141,0213330202
C14-2021-0141,0213330514
C14-2021-0141,0213330511
C14-2021-0141,0213330619
C14-2021-0141,0213330502
C14-2021-0141,0213330223
C14-2021-0141,0213330224
C14-2021-0141,0213330510
C14-2021-0141,0213330503
C14-2021-0141,0210310121
C14-2021-0141,0210310122
C14-2021-0141,0213330513
C14-2021-0141,0213330225
C14-2021-0141,0210310120
C14-2021-0141,0210310119
C14-2021-0141,0210310140
C14-2021-0141,0210310146
C14-2021-0141,0210310117
C14-2021-0141,0210310113
C14-2021-0141,0210310144
C14-2021-0141,0210310110
C14-2021-0141,0210310109
C14-2021-0141,0210310127
C14-2021-0141,0210310116
C14-2021-0141,0210310115
C14-2021-0141,0213330204
C14-2021-0141,0213330504
C14-2021-0150,0422150120
C14-2021-0150,0422150121
C14-2021-0150,0422150135
C14-2021-0150,0419190101
C14-2021-0150,0419190158
C14-2021-0150,0422150130
C14-2021-0150,0419190157
C14-2021-0150,0419190162
C14-2021-0150,0422150122
C14-2021-0150,0419190155
C14-2021-0150,0419190156
C14-2021-0150,0420150126
C14-2021-0150,0419190159
C14-2021-0150,0422150131
C14-2021-0150,0422150129
C14-2021-0150,0419190160
C14-2021-0150,0422150501
C14-2021-0161,0416210621
C14-2021-0161,0416210403
C14-2021-0161,0416210401
C14-2021-0161,0416210405
C14-2021-0161,0416230514
C14-2021-0161,0416210622
C14-2021-0161,0416210402
C14-2021-0161,0416210406
C14-2021-0161,0416210629
C14-2021-0161,0416210620
C14-2021-0161,0416210619
C14-2021-0161,0416210408
C14-2021-0161,0416210511
C14-2021-0161,0416210407
C14-2021-0161,0416210404
C14-2021-0161,0416210512
C14-2021-0161,0416230509
C14-2021-0183,0220060309
C14-2021-0183,0220060311
C14-2021-0183,0220060706
C14-2021-0183,0220060606
C14-2021-0183,0220061105
C14-2021-0183,0220060701
C14-2021-0183,0220061102
C14-2021-0183,0220060712
C14-2021-0183,0220060209
C14-2021-0183,0220060710
C14-2021-0183,0220060711
C14-2021-0183,0220060607
C14-2021-0183,0220060705
C14-2021-0183,0220060713
C14-2021-0183,0220060709
C14-2021-0183,0220061104
C14-2021-0183,0220061103
C14-2021-0183,0220060708
C14-2021-0183,0220060707
C14H-2021-0164,0234030616
C14-2022-0010,0119000703
C14-2022-0010,0119001013
C14-2022-0010,0119000301
C14-2022-0010,0119000607
C14-2022-0010,0119000705
C14-2022-0010,0119000610
C14-2022-0010,0119000608
C14-2022-0010,0119001116
C14-2022-0010,0119000702
C14-2022-0010,0119000715
C14-2022-0010,0119000303
C14-2022-0010,0119000304
C14-2022-0010,0119000609
C14-2022-0010,0119000712
C14-2022-0010,0119000302
C14-2022-0010,0119000714
C14-2022-0010,0119001104
C14-2022-0010,0119001118
C14-2022-0010,0119000704
C14-2022-0010,0119000708
C14-2022-0018.SH,0220140226
C14-2022-0018.SH,0220140221
C14-2022-0018.SH,0220140220
C14-2022-0018.SH,0220140219
C14-2022-0018.SH,0222140520
C14-2022-0018.SH,0222140525
C14-2022-0018.SH,0221130308
C14-2022-0018.SH,0222140519
C14-2022-0018.SH,0222140517
C14-2022-0018.SH,0222140518
C14-2022-0018.SH,0222140539
C14-2022-0018.SH,0222140537
C14-2022-0018.SH,0221130302
C14-2022-0018.SH,0221130301
C14-2022-0018.SH,0221130203
C14-2022-0018.SH,0221130204
C14-2022-0018.SH,0221130205
C14-2022-0018.SH,0221130206
C14-2022-0018.SH,0221130209
C14-2022-0018.SH,0221130208
C14-2022-0018.SH,0221130207
C14-2022-0018.SH,0220140401
C14-2022-0018.SH,0220140501
C14-2022-0033,0423150402
C14-2022-0033,0423150322
C14-2022-0033,0423150416
C14-2022-0033,0423150420
C14-2022-0033,0423150319
C14-2022-0033,0424110401
C14-2022-0047,0108030703
C14-2022-0047,0108030321
C14-2022-0047,0108030601
C14-2022-0047,0108030308
C14-2022-0047,0108030310
C14-2022-0047,0108031107
C14-2022-0047,0108030305
C14-2022-0047,0108030605
C14-2022-0047,0108030604
C14-2022-0047,0108030318
C14-2022-0047,0108030805
C14-2022-0047,0108031113
C14-2022-0047,0108030323
C14-2022-0047,0108030801
C14-2022-0047,0108030304
C14-2022-0047,0108031111
C14-2022-0047,0108031110
C14-2022-0047,0108030603
C14-2022-0047,0108030317
C14-2022-0047,0108030705
C14-2022-0047,0108030306
C14-2022-0047,0108031112
C14-2022-0047,0108031108
C14-2022-0047,0108030704
C14-2022-0047,0108030707
C14-2022-0047,0108032601
C14-2022-0047,0108030324
C14-2022-0047,0108030606
C14-2022-0047,0108030702
C14-2022-0047,0108030602
C14-2022-0047,0108030303
C14-2022-0047,0108030319
C14-2022-0047,0108030320
C14-2022-0047,0108030316
C14-2022-0047,0108030706
C14-2022-0047,0108031114
C14-2022-0047,0108030322
C14-2022-0047,0108030315
C14-2022-0047,0108031106
C14-2022-0047,0108030309
C14-2022-0056,0422130204
C14-2022-0056,0422130209
C14-2022-0056,0422130202
C14-2022-0056,0422130201
C14-2022-0056,0422130212
C14-2022-0056,0422130210
C14-2022-0056,0422130211
C14-2022-0056,0422130105
C14-2022-0056,0422130103
C14-2022-0056,0422130205
C14-2022-0056,0422130104
C14-2022-0067,0426050504
C14-2022-0067,0426050107
C14-2022-0067,0426050505
C14-2022-0067,0426050421
C14-2022-0067,0426050320
C14-2022-0067,0426050109
C14-2022-0067,0426050508
C14-2022-0067,0426050512
C14-2022-0067,0426050501
C14-2022-0067,0426050422
C14-2022-0067,0426050420
C14-2022-0067,0426050514
C14-2022-0067,0426050423
C14-2022-0067,0426050510
C14-2022-0067,0426050513
C14-2022-0067,0426050507
C14-2022-0067,0426050418
C14-2022-0067,0426050509
C14-2022-0067,0426050506
C14-2022-0067,0426050515
C14-2022-0067,0426050511
C14-2022-0067,0426050503
C14-2022-0067,0426050321
C14-2022-0067,0426050419
C14-2022-0076,0217021003
C14-2022-0076,0217020720
C14-2022-0076,0217020722
C14-2022-0076,0217020703
C14-2022-0076,0217020511
C14-2022-0076,0217020701
C14-2022-0076,0217020512
C14-2022-0076,0217020510
C14-2022-0076,0217020604
C14-2022-0076,0217020509
C14-2022-0076,0217020606
C14-2022-0076,0217020605
C14-2022-0076,0217020513
C14-2022-0076,0217021005
C14-2022-0076,0217021004
C14-2022-0076,0217021901
C14-2022-0084,0108031401
C14-2022-0084,0108031404
C14-2022-0084,0108031504
C14-2022-0084,0108031403
C14-2022-0084,0108031539
C14-2022-0084,0108031505
C14-2022-0084,0108031402
C14-2022-0084,0108031506
C14-2022-0084,0108031525
C14-2022-0084,0108031524
C14-2022-0084,0108031527
C14-2022-0084,0108031501
C14-2022-0084,0108031526
C14-2022-0084,0108031502
C14-2022-0084,0108031135
C14-2022-0084,0108031136
C14-2022-0084,0108031134
C14-2022-0084,0108031531
C14-2022-0084,0108031508
C14-2022-0133,0243260537
C14-2022-0133,0243260541
C14-2022-0133,0243260523
C14-2022-0133,0243260539
C14-2022-0133,0243260547
C14-2022-0133,0243260546
C14-2022-0133,0243260533
C14-2022-0133,0243260306
C14-2022-0133,0243260307
C14-2022-0133,0243260536
C14-2022-0133,0243260544
C14-2022-0133,0243260524
C14-2022-0133,0243260525
C14-2022-0133,0243260514
C14-2022-0133,0243260542
C14-2022-0133,0243260545
C14-2022-0133,0243260701
C14-2022-0133,0243260534
C14-2022-0133,0243260538
C14-2022-0133,0243260532
C14-2022-0133,0243260515
C14-2022-0133,0243260842
C14-2022-0133,0243260408
C14-2022-0133,0243260540
C14-2022-0133,0243260712
C14-2022-0133,0243260702
C14-2022-0133,0243260535
C14-2022-0133,0243260543
C14-2022-0133,0243260527
C14-2022-0150,0209140206
C14-2022-0150,0209150204
C14-2022-0150,0209150205
C14-2022-0150,0209150203
C14-2022-0150,0210151120
C14-2022-0150,0210151112
C14-2022-0150,0210151122
C14-2022-0150,0210151101
C14-2022-0150,0210151118
C14-2022-0150,0209150208
C14-2022-0150,0209150202
C14-2022-0150,0210151124
C14-2022-0150,0210151102
C14-2022-0150,0210151115
C14-2022-0150,0210151114
C14-2022-0150,0210151109
C14-2022-0150,0210151117
C14-2022-0150,0210151111
C14-2022-0150,0210151119
C14-2022-0150,0209150209
C14-2022-0150,0210151116
C14-2022-0150,0210140516
C14-2022-0150,0209150211
C14-2022-0150,0210151113
C14-2022-0150,0210151121
C14-2023-0004,0422130701
C14-2023-0004,0422130814
C14-2023-0004,0422130404
C14-2023-0004,0422130302
C14-2023-0004,0422130407
C14-2023-0004,0422130303
C14-2023-0004,0422130802
C14-2023-0004,0422130801
C14-2023-0004,0422130406
C14-2023-0004,0422130408
C14-2023-0004,0422130815
C14-2023-0004,0422130301
C14-2023-0004,0422130403
C14-2023-0006,0422130212
C14-2023-0006,0422130213
C14-2023-0006,0422130503
C14-2023-0006,0422130601
C14-2023-0006,0422130611
C14-2023-0006,0422130201
C14-2023-0006,0422130602
C14-2023-0006,0422130614
C14-2023-0006,0422130613
C14-2023-0006,0424151601
C14-2023-0006,0422130502
C14-2023-0006,0422130615
C14-2023-0006,0422130616
C14-2023-0006,0424151801
C14-2023-0007.SH,0418120321
C14-2023-0007.SH,0418120915
C14-2023-0007.SH,0418120322
C14-2023-0007.SH,0418120401
C14-2023-0007.SH,0418120304
C14-2023-0007.SH,0418120103
C14-2023-0007.SH,0418120120
C14-2023-0007.SH,0418120305
C14-2023-0007.SH,0418120507
C14-2023-0007.SH,0418120118
C14-2023-0007.SH,0418120234
C14-2023-0007.SH,0418120329
C14-2023-0007.SH,0418120320
C14-2023-0007.SH,0418120506
C14-2023-0007.SH,0418120303
C14-2023-0007.SH,0418120402
C14-2023-0007.SH,0418120104
C14-2023-0007.SH,0418120313
C14-2023-0007.SH,0418120302
C14-2023-0007.SH,0418120306
C14-2023-0007.SH,0418120315
C14-2023-0007.SH,0418120323
C14-2023-0007.SH,0418120233
C14-2023-0007.SH,0418120301
C14-2023-0007.SH,0418120316
C14-2023-0007.SH,0418120317
C14-2023-0007.SH,0418120314
C14-2023-0014,0420150123
C14-2023-0014,0419160212
C14-2023-0014,0422130207
C14-2023-0014,0418170401
C14-2023-0014,0420150124
C14-2023-0014,0420150121
C14-2023-0014,0419160105
C14-2023-0014,0420150125
C14-2023-0014,0420150119
C14-2023-0014,0419160213
C14-2023-0014,0418171109
C14-2023-0014,0419160104
C14-2023-0014,0420150120
C14-2023-0014,0420150122
C14-2023-0014,0418171110
C14-2023-0014,0419160204
C14-2023-0014,0422130101
C14-2023-0035,0225150331
C14-2023-0035,0225150333
C14-2023-0035,0225150310
C14-2023-0035,0225150309
C14-2023-0035,0225150241
C14-2023-0035,0225150225
C14-2023-0035,0225150222
C14-2023-0035,0225150311
C14-2023-0035,0225150212
C14-2023-0035,0225150302
C14-2023-0035,0225150303
C14-2023-0035,0225150304
C14-2023-0035,0225150223
C14-2023-0077,0235040317
C14-2023-0077,0236050208
C14-2023-0077,0236050207
C14-2023-0077,0236050109
C14-2023-0077,0236050314
C14-2023-0077,0236050120
C14-2023-0077,0236050126
C14-2023-0077,0236050107
C14-2023-0077,0236050111
C14-2023-0077,0236050112
C14-2023-0077,0235040810
C14-2023-0077,0236050104
C14-2023-0077,0236050119
C14-2023-0077,0236050124
C14-2023-0077,0236050122
C14-2023-0077,0236050801
C14-2023-0077,0236050313
C14-2023-0077,0236050116
C14-2023-0077,0236050718
C14-2023-0077,0236050105
C14-2023-0077,0236050115
C14-2023-0077,0236050113
C14-2023-0077,0236050106
C14-2023-0077,0236050114
C14-2023-0077,0236050108
C14-2023-0077,0236050110
C14-2023-0077,0236050117
C14-2023-0077,0236050311
C14-2023-0077,0236050701
C14-2023-0083,0162010503
C14-2023-0083,0162010507
C14-2023-0083,0162010403
C14-2023-0083,0162010510
C14-2023-0083,0162010405
C14-2023-0083,0162010402
C14-2023-0083,0162010506
C14-2023-0083,0162010404
C14-2023-0083,0162010505
C14-2023-0083,0162010504
C14-2023-0083,0162010501
C14-2023-0083,0162011201
C14-2023-0114,0106040105
C14-2023-0114,0106040109
C14-2023-0114,0105020429
C14-2023-0114,0105020426
C14-2023-0114,0105020101
C14-2023-0114,0105020430
C14-2023-0114,0105020431
C14-2023-0114,0106040101
C14-2023-0114,0106040301
C14-2023-0126,0147050205
C14-2023-0126,0145050201
C14-2023-0126,0147030374
C14-2023-0126,0147050105
C14-2023-0126,0147050215
C14-2023-0126,0147050202
C14-2023-0126,0147030373
C14-2023-0126,0147050213
C14-2023-0126,0147050107
C14-2023-0126,0147050106
C14-2023-0126,0145030610
C14-2023-0126,0147050203
C14-2023-0126,0147050301
C14-2023-0141.SH,0211170202
C14-2023-0141.SH,0211180946
C14-2023-0141.SH,0211170203
C14-2023-0141.SH,0211170243
C14-2023-0141.SH,0211170204
C14-2023-0141.SH,0213160121
C14-2023-0141.SH,0213160120
C14-2023-0141.SH,0213160119
C14-2023-0141.SH,0213160113
C14-2023-0141.SH,0213160109
C14-2023-0141.SH,0211180913
C14-2023-0141.SH,0211170406
C14-2023-0141.SH,0211180943
C14-2023-0141.SH,0211170405
C14-2023-0141.SH,0213160108
C14-2023-0141.SH,0213160103
C14-2023-0141.SH,0213160102
C14-2023-0141.SH,0211180941
C14-2023-0141.SH,0211180942
C14-2023-0141.SH,0213160104
C14-2023-0141.SH,0211180939
C14-2023-0141.SH,0211180911
C14-2023-0141.SH,0213160106
C14-2023-0141.SH,0211180940
C14-2023-0141.SH,0211170404
C14-2023-0141.SH,0213160317
C14-2023-0141.SH,0212150303
C14-2023-0141.SH,0211170407
C14-2023-0141.SH,0213160307
C14-2023-0141.SH,0211180945
C14-2023-0154,0172210209
C14-2023-0154,0172210224
C14-2023-0154,0172210207
C14-2023-0154,0172210215
C14-2023-0154,0172210222
C14-2023-0154,0172210217
C14-2023-0154,0172210208
C14-2023-0154,0172210210
C14-2023-0154,0172210223
C14-2024-0019.SH,0202170102
C14-2024-0019.SH,0202160229
C14-2024-0019.SH,0202170107
C14-2024-0019.SH,0202170112
C14-2024-0019.SH,0202160401
C14-2024-0019.SH,0202160501
C14-2024-0019.SH,0202170310
C14-2024-0019.SH,0202160101
C14-2024-0019.SH,0204160610
C14-2024-0019.SH,0202160110
C14-2024-0019.SH,0202160240
C14-2024-0019.SH,0202160111
C14-2024-0019.SH,0204160305
C14-2024-0019.SH,0202170311
C14-2024-0019.SH,0204160606
C14-2024-0019.SH,0204160603
C14-2024-0019.SH,0204160605
C14-2024-0019.SH,0202160228
C14-2024-0019.SH,0202160701
C14-2024-0019.SH,0202160801
C14-2024-0019.SH,0202160242
C14-2024-0019.SH,0202160231
C14-2024-0019.SH,0202160219
C14-2024-0019.SH,0202160112
C14-2024-0019.SH,0202170109
C14-2024-0019.SH,0202160901
C14-2024-0019.SH,0204160604
C14-2024-0019.SH,0202170308
C14-2024-0019.SH,0202160230
C14-2024-0019.SH,0202160160
C14-2024-0019.SH,0202170108
C14-2024-0019.SH,0202170307
C14-2024-0019.SH,0202170318
C14-2024-0019.SH,0202170306
C14-2024-0019.SH,0202170317
C14-2024-0019.SH,0202160238
C14-2024-0019.SH,0202160128
C14-2024-0019.SH,0202160130
C14-2024-0019.SH,0202160133
C14-2024-0019.SH,0202160129
C14-2024-0051,0119050222
C14-2024-0051,0118060219
C14-2024-0051,0119050603
C14-2024-0051,0119050224
C14-2024-0051,0118040220
C14-2024-0051,0118040602
C14-2024-0051,0119050216
C14-2024-0051,0119050219
C14-2024-0051,0118040221
C14-2024-0051,0119050218
C14-2024-0051,0118040211
C14-2024-0051,0118040704
C14-2024-0051,0119050706
C14-2024-0051,0118040210
C14-2024-0051,0118060220
C14-2024-0051,0118040715
C14-2024-0051,0119050220
C14-2024-0051,0119050204
C14-2024-0051,0119050106
C14-2024-0051,0119050608
C14-2024-0051,0118040217
C14-2024-0051,0118040706
C14-2024-0051,0119050214
C14-2024-0051,0118060305
C14-2024-0051,0119050707
C14-2024-0051,0118040213
C14-2024-0051,0119050215
C14-2024-0051,0119050205
C14-2024-0051,0118040702
C14-2024-0051,0119050208
C14-2024-0051,0119050207
C14-2024-0051,0118040603
C14-2024-0051,0118040212
C14-2024-0051,0118040701
C14-2024-0051,0118040601
C14-2024-0051,0118040714
C14-2024-0051,0118060304
C14-2024-0051,0119050705
C14-2024-0051,0119050701
C14-2024-0051,0118040802
C14-2024-0051,0119050107
C14-2024-0051,0119050227
C14-2024-0051,0119050228
C14-2024-0051,0119050607
C14-2024-0051,0118040713
C14-2024-0051,0118040218
C14-2024-0051,0119050206
C14-2024-0051,0118040216
C14-2024-0080,0228100703
C14-2024-0080,0227110111
C14-2024-0080,0227090501
C14-2024-0080,0227090105
C14-2024-0080,0227090104
C14-2024-0080,0227090103
C14-2024-0080,0226100119
C14-2024-0080,0226100304
C14-2024-0080,0227110201
C14-2024-0080,0226100601
C14-2024-0080,0227090402
C14-2024-0080,0226100118
C14-2024-0080,0227090106
C14-2024-0080,0227090107
C14-2024-0080,0226100117
C14-2024-0080,0228100708
C14-2024-0080,0228100707
C14-2024-0080,0228100709
C14-2024-0080,0228100706
C14-2024-0080,0228100710
C14-2024-0080,0228100712
C14-2024-0080,0227090108
C14-2024-0080,0227090502
C14-2024-0080,0227090109
C14-2024-0080,0226100116
C14-2024-0080,0227090102
C14-2024-0080,0227090403
C14-2024-0080,0105000103
C14-2024-0080,0227090101
C14-2024-0080,0227090401
C14-2024-0080,0227110114
C14-2024-0109,0207170412
C14-2024-0109,0207170407
C14-2024-0109,0207170338
C14-2024-0109,0207170326
C14-2024-0109,0207160230
C14-2024-0109,0207160231
C14-2024-0109,0207170340
C14-2024-0109,0207170411
C14-2024-0109,0207170409
C14-2024-0109,0207170322
C14-2024-0109,0207170323
C14-2024-0109,0207170408
C14-2024-0109,0207170410
C14-2024-0109,0207170403
C14-2024-0109,0207170304
C14-2024-0109,0207170339
C14-2024-0109,0207160232
C14-2024-0109,0207170404
C14-2024-0109,0209180101
C14-2024-0109,0207170329
C14-2024-0109,0207170344
C14-2024-0109,0207160233
C14-2024-0109,0207170317
C14-2024-0109,0207170320
C14-2024-0109,0207170337
C14-2024-0109,0207170335
C14-2024-0109,0207170334
C14-2024-0109,0207170336
C14-2024-0109,0207170405
C14-2024-0109,0209180104
C14-2024-0109,0207170406
C14-2024-0109,0207170303
C14-2024-0109,0207170302
C14-2024-0122,0221240415
C14-2024-0122,0221220314
C14-2024-0122,0221220305
C14-2024-0122,0221221221
C14-2024-0122,0221221218
C14-2024-0122,0221220316
C14-2024-0122,0221240414
C14-2024-0122,0221221206
C14-2024-0122,0221220330
C14-2024-0122,0221220306
C14-2024-0122,0221220307
C14-2024-0122,0221221219
C14-2024-0122,0221221207
C14-2024-0122,0221221217
C14-2024-0122,0221220331
C14-2024-0122,0221221211
C14-2024-0122,0221220329
C14-2024-0122,0221221208
C14-2024-0122,0221221205
C14-2024-0122,0221220315
C14-2024-0122,0221221209
