CASE_NUMBER,median_appraised_value,mean_appraised_value,std_appraised_value,median_sqft,median_structure_age,median_neighbor_acreage,median_neighbor_far,median_neighbor_frontage,neighbor_corner_lot_share,owner_occupancy_share,senior_share,median_household_income,neighbor_sf_share,neighbor_mf_share,neighbor_comm_share,neighbor_large_lot_sf_share,neighbor_mobile_home_share,neighbor_undeveloped_share,neighbor_mixed_use_share,renter_share
C14-01-0038,1239863.534883721,2621663.3636963763,3859785.4538136534,7143.209302325581,62.531007751937985,1.0237105263157893,0.18014492310947663,,0.0,0.42055349366184147,0.0,70632.48198198198,0.0,0.0,0.0,0.003566285416639309,0.01827969316917259,0.03909915739007594,0.001776485788113695,0.5794465063381586
C14-2007-0131,1239863.534883721,2621663.3636963763,3859785.4538136534,7143.209302325581,62.531007751937985,1.0237105263157893,0.18014492310947663,,0.0,0.42055349366184147,0.0,70632.48198198198,0.0,0.0,0.0,0.003566285416639309,0.01827969316917259,0.03909915739007594,0.001776485788113695,0.5794465063381586
C14-2007-0144,1000000.0,1453548.111111111,1222929.4304676214,3240.0,94.0,1.0237105263157895,0.26493757571,,0.0,0.29516200621393696,0.0,46042.0,0.0,0.0,0.0,0.0,0.0,0.0,0.0,0.704837993786063
C14-2007-0259,1239863.534883721,2621663.3636963763,3859785.4538136534,7143.209302325581,62.531007751937985,1.0237105263157893,0.18014492310947663,,0.0,0.42055349366184147,0.0,70632.48198198198,0.0,0.0,0.0,0.003566285416639309,0.01827969316917259,0.03909915739007594,0.001776485788113695,0.5794465063381586
C14-2008-0016,1239863.534883721,2621663.3636963763,3859785.4538136534,7143.209302325581,62.531007751937985,1.0237105263157893,0.18014492310947663,,0.0,0.42055349366184147,0.0,70632.48198198198,0.0,0.0,0.0,0.003566285416639309,0.01827969316917259,0.03909915739007594,0.001776485788113695,0.5794465063381586
C14-2008-0025,1239863.534883721,2621663.3636963763,3859785.4538136534,7143.209302325581,62.531007751937985,1.0237105263157893,0.18014492310947663,,0.0,0.42055349366184147,0.0,70632.48198198198,0.0,0.0,0.0,0.003566285416639309,0.01827969316917259,0.03909915739007594,0.001776485788113695,0.5794465063381586
C14-2008-0031,1239863.534883721,2621663.3636963763,3859785.4538136534,7143.209302325581,62.531007751937985,1.0237105263157893,0.18014492310947663,,0.0,0.42055349366184147,0.0,70632.48198198198,0.0,0.0,0.0,0.003566285416639309,0.01827969316917259,0.03909915739007594,0.001776485788113695,0.5794465063381586
C14-2008-0052,134764.5,149504.75,42727.48270434381,1870.5,57.5,1.0237105263157895,0.08172903591,,0.0,0.29516200621393696,0.0,46042.0,0.0,0.0,0.0,0.0,0.0,0.0,0.0,0.704837993786063
C14-2008-0057.SH,318849.0,328848.04,96397.40973892054,1406.0,76.0,1.0237105263157895,0.0972016302,,0.0,0.2962270738495293,0.0,34729.0,0.0,0.0,0.0,0.0,0.04,0.0,0.0,0.7037729261504707
C14-2008-0060,1239863.534883721,2621663.3636963763,3859785.4538136534,7143.209302325581,62.531007751937985,1.0237105263157893,0.18014492310947663,,0.0,0.42055349366184147,0.0,70632.48198198198,0.0,0.0,0.0,0.003566285416639309,0.01827969316917259,0.03909915739007594,0.001776485788113695,0.5794465063381586
C14-2008-0066,263169.0,269922.9285714286,27056.78412997457,1635.5,42.0,1.0237105263157895,0.19326742545,,0.0,0.2964267740312028,0.0,34729.0,0.0,0.0,0.0,0.0,0.0,0.0,0.0,0.7035732259687972
C14-2008-0088,1239863.534883721,2621663.3636963763,3859785.4538136534,7143.209302325581,62.531007751937985,1.0237105263157893,0.18014492310947663,,0.0,0.42055349366184147,0.0,70632.48198198198,0.0,0.0,0.0,0.003566285416639309,0.01827969316917259,0.03909915739007594,0.001776485788113695,0.5794465063381586
C14-2008-0099,1239863.534883721,2621663.3636963763,3859785.4538136534,7143.209302325581,62.531007751937985,1.0237105263157893,0.18014492310947663,,0.0,0.42055349366184147,0.0,70632.48198198198,0.0,0.0,0.0,0.003566285416639309,0.01827969316917259,0.03909915739007594,0.001776485788113695,0.5794465063381586
C14-2008-0112,428517.0,453586.0,89234.60721323315,1792.0,78.0,1.0237105263157895,0.14155205365,,0.0,0.42055349366184147,0.0,70632.48198198198,0.0,0.0,0.0,0.0,0.0,0.0,0.0,0.5794465063381586
C14-2008-0113,413655.0,467139.375,186624.31928643436,1422.5,20.5,1.0237105263157895,0.2962428074,,0.0,0.42055349366184147,0.0,70632.48198198198,0.0,0.0,0.0,0.0,0.0,0.0,0.0,0.5794465063381586
C14-2008-0115,329357.0,1388952.75,4090598.2500936706,1790.5,45.0,1.0237105263157895,0.14301278865,,0.0,0.44114411441144114,0.0,31199.0,0.0,0.0,0.0,0.0,0.0,0.0,0.0,0.5588558855885588
C14-2008-0131,289780.0,284769.2972972973,37704.384310982605,1865.0,47.0,1.0237105263157895,0.19520827416,,0.0,0.42055349366184147,0.0,70632.48198198198,0.0,0.0,0.0,0.0,0.0,0.0,0.0,0.5794465063381586
C14-2008-0151,314092.0,311384.0,17120.7939068257,1738.5,40.0,1.0237105263157895,0.17843298048,,0.0,0.42055349366184147,0.0,70632.48198198198,0.0,0.0,0.0,0.0,0.0,0.0,0.0,0.5794465063381586
C14-2008-0154,1239863.534883721,2621663.3636963763,3859785.4538136534,7143.209302325581,62.531007751937985,1.0237105263157893,0.18014492310947663,,0.0,0.42055349366184147,0.0,70632.48198198198,0.0,0.0,0.0,0.003566285416639309,0.01827969316917259,0.03909915739007594,0.001776485788113695,0.5794465063381586
C14-2008-0156,1239863.534883721,2621663.3636963763,3859785.4538136534,7143.209302325581,62.531007751937985,1.0237105263157893,0.18014492310947663,,0.0,0.42055349366184147,0.0,70632.48198198198,0.0,0.0,0.0,0.003566285416639309,0.01827969316917259,0.03909915739007594,0.001776485788113695,0.5794465063381586
C14-2008-0162,1239863.534883721,2621663.3636963763,3859785.4538136534,7143.209302325581,62.531007751937985,1.0237105263157893,0.18014492310947663,,0.0,0.42055349366184147,0.0,70632.48198198198,0.0,0.0,0.0,0.003566285416639309,0.01827969316917259,0.03909915739007594,0.001776485788113695,0.5794465063381586
C14-2008-0166,337211.5,336831.1666666667,67938.98742766902,1370.0,119.0,1.0237105263157895,0.22319887706500002,,0.0,0.48666666666666664,0.0,41750.0,0.0,0.0,0.0,0.0,0.0,0.0,0.0,0.5133333333333334
C14-2008-0171,1239863.534883721,2621663.3636963763,3859785.4538136534,7143.209302325581,62.531007751937985,1.0237105263157893,0.18014492310947663,,0.0,0.42055349366184147,0.0,70632.48198198198,0.0,0.0,0.0,0.003566285416639309,0.01827969316917259,0.03909915739007594,0.001776485788113695,0.5794465063381586
C14-2008-0175,253694.0,253694.0,3859785.453813654,1292.0,65.0,1.0237105263157895,0.14468719319,,0.0,0.4866666666666667,0.0,41750.0,0.0,0.0,0.0,0.0,0.0,0.0,0.0,0.5133333333333333
C14-2008-0184,1149380.0,1203473.3,417466.0215804794,2821.0,75.5,1.0237105263157895,0.154264867795,,0.0,0.4881022727272727,0.0,41750.0,0.0,0.0,0.0,0.0,0.0,0.0,0.0,0.5118977272727273
C14-2008-0223,537579.0,984749.6,948758.6286702745,1430.0,94.0,1.0237105263157895,0.19915998681,,0.0,0.3939393939393939,0.0,54227.0,0.0,0.0,0.0,0.0,0.0,0.0,0.0,0.6060606060606061
C14-2008-0247,448369.0,441662.2,61625.08783928831,1036.0,100.0,1.0237105263157895,0.15923196141,,0.0,0.3882672421544825,0.0,54227.0,0.0,0.0,0.0,0.0,0.0,0.0,0.0,0.6117327578455175
C14-2009-0028,161852.0,166117.0,63041.581147683784,968.0,72.0,1.0237105263157895,0.16405728149,,0.0,0.4063030739468413,0.0,41064.0,0.0,0.0,0.0,0.0,0.0,0.09090909090909091,0.0,0.5936969260531587
C14-2009-0031,130768.5,170156.25,113271.45633793478,1911.5,81.0,1.0237105263157895,0.12244054344,,0.0,0.40064935064935064,0.0,41064.0,0.0,0.0,0.0,0.0,0.0,0.0,0.0,0.5993506493506493
C14-2009-0032,1239863.534883721,2621663.3636963763,3859785.4538136534,7143.209302325581,62.531007751937985,1.0237105263157893,0.18014492310947663,,0.0,0.42055349366184147,0.0,70632.48198198198,0.0,0.0,0.0,0.003566285416639309,0.01827969316917259,0.03909915739007594,0.001776485788113695,0.5794465063381586
C14-2009-0059,1239863.534883721,2621663.3636963763,3859785.4538136534,7143.209302325581,62.531007751937985,1.0237105263157893,0.18014492310947663,,0.0,0.42055349366184147,0.0,70632.48198198198,0.0,0.0,0.0,0.003566285416639309,0.01827969316917259,0.03909915739007594,0.001776485788113695,0.5794465063381586
C14-2009-0077,3083596.0,3083596.0,3859785.453813654,28208.0,70.0,1.0237105263157895,0.21367960858,,0.0,0.40064935064935064,0.0,41064.0,0.0,0.0,0.0,0.0,0.0,0.0,0.0,0.5993506493506493
C14-2009-0099,1239863.534883721,2621663.3636963763,3859785.4538136534,7143.209302325581,62.531007751937985,1.0237105263157893,0.18014492310947663,,0.0,0.42055349366184147,0.0,70632.48198198198,0.0,0.0,0.0,0.003566285416639309,0.01827969316917259,0.03909915739007594,0.001776485788113695,0.5794465063381586
C14-2009-0102,1239863.534883721,2621663.3636963763,3859785.4538136534,7143.209302325581,62.531007751937985,1.0237105263157893,0.18014492310947663,,0.0,0.42055349366184147,0.0,70632.48198198198,0.0,0.0,0.0,0.003566285416639309,0.01827969316917259,0.03909915739007594,0.001776485788113695,0.5794465063381586
C14-2009-0106,1239863.534883721,2621663.3636963763,3859785.4538136534,7143.209302325581,62.531007751937985,1.0237105263157893,0.18014492310947663,,0.0,0.42055349366184147,0.0,70632.48198198198,0.0,0.0,0.0,0.003566285416639309,0.01827969316917259,0.03909915739007594,0.001776485788113695,0.5794465063381586
C14-2009-0168,57049400.0,57049400.0,3859785.453813654,494718.0,24.0,1.0237105263157895,0.28750580911,,0.0,0.40064935064935064,0.0,41064.0,0.0,0.0,0.0,0.0,0.0,0.0,0.0,0.5993506493506493
C14-2010-0017,1239863.534883721,2621663.3636963763,3859785.4538136534,7143.209302325581,62.531007751937985,1.0237105263157893,0.18014492310947663,,0.0,0.42055349366184147,0.0,70632.48198198198,0.0,0.0,0.0,0.003566285416639309,0.01827969316917259,0.03909915739007594,0.001776485788113695,0.5794465063381586
C14-2010-0025,1239863.534883721,2621663.3636963763,3859785.4538136534,7143.209302325581,62.531007751937985,1.0237105263157893,0.18014492310947663,,0.0,0.42055349366184147,0.0,70632.48198198198,0.0,0.0,0.0,0.003566285416639309,0.01827969316917259,0.03909915739007594,0.001776485788113695,0.5794465063381586
C14-2010-0034,1239863.534883721,2621663.3636963763,3859785.4538136534,7143.209302325581,62.531007751937985,1.0237105263157893,0.18014492310947663,,0.0,0.42055349366184147,0.0,70632.48198198198,0.0,0.0,0.0,0.003566285416639309,0.01827969316917259,0.03909915739007594,0.001776485788113695,0.5794465063381586
C14-2010-0039,1239863.534883721,2621663.3636963763,3859785.4538136534,7143.209302325581,62.531007751937985,1.0237105263157893,0.18014492310947663,,0.0,0.42055349366184147,0.0,70632.48198198198,0.0,0.0,0.0,0.003566285416639309,0.01827969316917259,0.03909915739007594,0.001776485788113695,0.5794465063381586
C14-2010-0045,1239863.534883721,2621663.3636963763,3859785.4538136534,7143.209302325581,62.531007751937985,1.0237105263157893,0.18014492310947663,,0.0,0.42055349366184147,0.0,70632.48198198198,0.0,0.0,0.0,0.003566285416639309,0.01827969316917259,0.03909915739007594,0.001776485788113695,0.5794465063381586
C14-2010-0048,1239863.534883721,2621663.3636963763,3859785.4538136534,7143.209302325581,62.531007751937985,1.0237105263157893,0.18014492310947663,,0.0,0.42055349366184147,0.0,70632.48198198198,0.0,0.0,0.0,0.003566285416639309,0.01827969316917259,0.03909915739007594,0.001776485788113695,0.5794465063381586
C14-2010-0049,1239863.534883721,2621663.3636963763,3859785.4538136534,7143.209302325581,62.531007751937985,1.0237105263157893,0.18014492310947663,,0.0,0.42055349366184147,0.0,70632.48198198198,0.0,0.0,0.0,0.003566285416639309,0.01827969316917259,0.03909915739007594,0.001776485788113695,0.5794465063381586
C14-2010-0051,1239863.534883721,2621663.3636963763,3859785.4538136534,7143.209302325581,62.531007751937985,1.0237105263157893,0.18014492310947663,,0.0,0.42055349366184147,0.0,70632.48198198198,0.0,0.0,0.0,0.003566285416639309,0.01827969316917259,0.03909915739007594,0.001776485788113695,0.5794465063381586
C14-2010-0052,1239863.534883721,2621663.3636963763,3859785.4538136534,7143.209302325581,62.531007751937985,1.0237105263157893,0.18014492310947663,,0.0,0.42055349366184147,0.0,70632.48198198198,0.0,0.0,0.0,0.003566285416639309,0.01827969316917259,0.03909915739007594,0.001776485788113695,0.5794465063381586
C14-2010-0077,337208.0,340904.77777777775,42698.09731644307,1443.0,66.0,1.0237105263157895,0.14340477319,,0.0,0.43920072417257355,0.0,40846.0,0.0,0.0,0.0,0.0,0.0,0.0,0.0,0.5607992758274265
C14-2010-0079,1239863.534883721,2621663.3636963763,3859785.4538136534,7143.209302325581,62.531007751937985,1.0237105263157893,0.18014492310947663,,0.0,0.42055349366184147,0.0,70632.48198198198,0.0,0.0,0.0,0.003566285416639309,0.01827969316917259,0.03909915739007594,0.001776485788113695,0.5794465063381586
C14-2010-0084,1239863.534883721,2621663.3636963763,3859785.4538136534,7143.209302325581,62.531007751937985,1.0237105263157893,0.18014492310947663,,0.0,0.42055349366184147,0.0,70632.48198198198,0.0,0.0,0.0,0.003566285416639309,0.01827969316917259,0.03909915739007594,0.001776485788113695,0.5794465063381586
C14-2010-0101,1239863.534883721,2621663.3636963763,3859785.4538136534,7143.209302325581,62.531007751937985,1.0237105263157893,0.18014492310947663,,0.0,0.42055349366184147,0.0,70632.48198198198,0.0,0.0,0.0,0.003566285416639309,0.01827969316917259,0.03909915739007594,0.001776485788113695,0.5794465063381586
C14-2010-0113,1239863.534883721,2621663.3636963763,3859785.4538136534,7143.209302325581,62.531007751937985,1.0237105263157893,0.18014492310947663,,0.0,0.42055349366184147,0.0,70632.48198198198,0.0,0.0,0.0,0.003566285416639309,0.01827969316917259,0.03909915739007594,0.001776485788113695,0.5794465063381586
C14-2010-0122,472330.0,484707.6666666667,88022.6393056544,1408.0,85.0,1.0237105263157895,0.14705953611,,0.0,0.42055349366184147,0.0,70632.48198198198,0.0,0.0,0.0,0.0,0.0,0.0,0.0,0.5794465063381586
C14-2010-0143,1239863.534883721,2621663.3636963763,3859785.4538136534,7143.209302325581,62.531007751937985,1.0237105263157893,0.18014492310947663,,0.0,0.42055349366184147,0.0,70632.48198198198,0.0,0.0,0.0,0.003566285416639309,0.01827969316917259,0.03909915739007594,0.001776485788113695,0.5794465063381586
C14-2010-0191.SH,1239863.534883721,2621663.3636963763,3859785.4538136534,7143.209302325581,62.531007751937985,1.0237105263157893,0.18014492310947663,,0.0,0.42055349366184147,0.0,70632.48198198198,0.0,0.0,0.0,0.003566285416639309,0.01827969316917259,0.03909915739007594,0.001776485788113695,0.5794465063381586
C14-2010-0199,302007.0,302892.0,80434.76964182426,1782.5,66.0,1.0237105263157895,0.041447557345,,0.0,0.42055349366184147,0.0,70632.48198198198,0.0,0.0,0.0,0.0,0.0,0.0,0.0,0.5794465063381586
C14-2010-0204,1239863.534883721,2621663.3636963763,3859785.4538136534,7143.209302325581,62.531007751937985,1.0237105263157893,0.18014492310947663,,0.0,0.42055349366184147,0.0,70632.48198198198,0.0,0.0,0.0,0.003566285416639309,0.01827969316917259,0.03909915739007594,0.001776485788113695,0.5794465063381586
C14-2010-0206,975000.0,1061630.6666666667,254409.74730016402,2860.0,91.0,1.0237105263157895,0.24275722838,,0.0,0.4153696498054475,0.0,59615.0,0.0,0.0,0.0,0.0,0.0,0.0,0.0,0.5846303501945525
C14-2011-0032,501371.5,553089.0,294085.475142177,1580.5,42.0,1.0237105263157895,0.03829730858,,0.0,0.42055349366184147,0.0,70632.48198198198,0.0,0.0,0.0,0.0,0.0,0.0,0.0,0.5794465063381586
C14-2011-0054,704609.0,1099591.111111111,1241933.1175464366,4141.0,38.0,1.0237105263157895,0.02799573355,,0.0,0.2804333970681963,0.0,34657.0,0.0,0.0,0.0,0.0,0.0,0.0,0.0,0.7195666029318037
C14-2011-0058,1238659.0,5417016.928571428,14166332.172613665,3440.0,89.0,1.0237105263157895,0.37079730714000003,,0.0,0.2399232245681382,0.0,60667.0,0.0,0.0,0.0,0.0,0.0,0.0,0.0,0.7600767754318618
C14-2011-0133,1239863.534883721,2621663.3636963763,3859785.4538136534,7143.209302325581,62.531007751937985,1.0237105263157893,0.18014492310947663,,0.0,0.42055349366184147,0.0,70632.48198198198,0.0,0.0,0.0,0.003566285416639309,0.01827969316917259,0.03909915739007594,0.001776485788113695,0.5794465063381586
C14-2011-0134,1239863.534883721,2621663.3636963763,3859785.4538136534,7143.209302325581,62.531007751937985,1.0237105263157893,0.18014492310947663,,0.0,0.42055349366184147,0.0,70632.48198198198,0.0,0.0,0.0,0.003566285416639309,0.01827969316917259,0.03909915739007594,0.001776485788113695,0.5794465063381586
C14-2011-0141,1239863.534883721,2621663.3636963763,3859785.4538136534,7143.209302325581,62.531007751937985,1.0237105263157893,0.18014492310947663,,0.0,0.42055349366184147,0.0,70632.48198198198,0.0,0.0,0.0,0.003566285416639309,0.01827969316917259,0.03909915739007594,0.001776485788113695,0.5794465063381586
C14-2012-0020,1239863.534883721,2621663.3636963763,3859785.4538136534,7143.209302325581,62.531007751937985,1.0237105263157893,0.18014492310947663,,0.0,0.42055349366184147,0.0,70632.48198198198,0.0,0.0,0.0,0.003566285416639309,0.01827969316917259,0.03909915739007594,0.001776485788113695,0.5794465063381586
C14-2012-0052,586338.0,2149276.5172413792,5590899.591148943,1398.0,65.0,1.0237105263157895,0.15320515142,,0.0,0.3405069344811095,0.0,44375.0,0.0,0.0,0.0,0.0,0.0,0.06896551724137931,0.0,0.6594930655188904
C14-2012-0067,1239863.534883721,2621663.3636963763,3859785.4538136534,7143.209302325581,62.531007751937985,1.0237105263157893,0.18014492310947663,,0.0,0.42055349366184147,0.0,70632.48198198198,0.0,0.0,0.0,0.003566285416639309,0.01827969316917259,0.03909915739007594,0.001776485788113695,0.5794465063381586
C14-2012-0083,1239863.534883721,2621663.3636963763,3859785.4538136534,7143.209302325581,62.531007751937985,1.0237105263157893,0.18014492310947663,,0.0,0.42055349366184147,0.0,70632.48198198198,0.0,0.0,0.0,0.003566285416639309,0.01827969316917259,0.03909915739007594,0.001776485788113695,0.5794465063381586
C14-2012-0097,860125.0,3344233.3333333335,9079478.55936026,4676.0,63.0,1.0237105263157895,0.33438440367,,0.0,0.3405069344811095,0.0,44375.0,0.0,0.0,0.0,0.0,0.0,0.0,0.0,0.6594930655188904
C14-2012-0100,1473992.0,4268023.0,5449106.77192811,5019.0,44.0,1.0237105263157895,0.16956120299,,0.0,0.3461293458279869,0.0,44375.0,0.0,0.0,0.0,0.0,0.0,0.16666666666666666,0.0,0.6538706541720132
C14-2012-0109,606762.0,2866096.1363636362,5965405.312290858,2255.0,52.0,1.0237105263157895,0.23313286593,,0.0,0.3742414025623736,0.0,56016.0,0.0,0.0,0.0,0.0,0.0,0.0,0.0,0.6257585974376264
C14-2012-0116,660624.0,3228504.5714285714,5356883.985897114,1771.0,67.0,1.0237105263157895,0.18207746188,,0.0,0.42055349366184147,0.0,70632.48198198198,0.0,0.0,0.0,0.0,0.0,0.0,0.0,0.5794465063381586
C14-2012-0130,3376827.5,30916567.222222224,47936884.345005,7665.0,69.0,1.0237105263157895,1.026217061005,,0.0,0.42055349366184147,0.0,70632.48198198198,0.0,0.0,0.0,0.0,0.0,0.0,0.05555555555555555,0.5794465063381586
C14-2012-0140,1239863.534883721,2621663.3636963763,3859785.4538136534,7143.209302325581,62.531007751937985,1.0237105263157893,0.18014492310947663,,0.0,0.42055349366184147,0.0,70632.48198198198,0.0,0.0,0.0,0.003566285416639309,0.01827969316917259,0.03909915739007594,0.001776485788113695,0.5794465063381586
C14-2013-0022,1239863.534883721,2621663.3636963763,3859785.4538136534,7143.209302325581,62.531007751937985,1.0237105263157893,0.18014492310947663,,0.0,0.42055349366184147,0.0,70632.48198198198,0.0,0.0,0.0,0.003566285416639309,0.01827969316917259,0.03909915739007594,0.001776485788113695,0.5794465063381586
C14-2013-0031,432520.0,4089132.3529411764,11106887.00058148,1235.0,60.0,1.0237105263157895,0.14955350367,,0.0,0.42055349366184147,0.0,70632.48198198198,0.0,0.0,0.0,0.0,0.0,0.0,0.0,0.5794465063381586
C14-2013-0034,1239863.534883721,2621663.3636963763,3859785.4538136534,7143.209302325581,62.531007751937985,1.0237105263157893,0.18014492310947663,,0.0,0.42055349366184147,0.0,70632.48198198198,0.0,0.0,0.0,0.003566285416639309,0.01827969316917259,0.03909915739007594,0.001776485788113695,0.5794465063381586
C14-2013-0040,1239863.534883721,2621663.3636963763,3859785.4538136534,7143.209302325581,62.531007751937985,1.0237105263157893,0.18014492310947663,,0.0,0.42055349366184147,0.0,70632.48198198198,0.0,0.0,0.0,0.003566285416639309,0.01827969316917259,0.03909915739007594,0.001776485788113695,0.5794465063381586
C14-2013-0053,1239863.534883721,2621663.3636963763,3859785.4538136534,7143.209302325581,62.531007751937985,1.0237105263157893,0.18014492310947663,,0.0,0.42055349366184147,0.0,70632.48198198198,0.0,0.0,0.0,0.003566285416639309,0.01827969316917259,0.03909915739007594,0.001776485788113695,0.5794465063381586
C14-2013-0060,186961.0,710185.6666666666,1955578.4593437384,1421.0,21.0,1.0237105263157895,0.20367548843,,0.0,0.42055349366184147,0.0,70632.48198198198,0.0,0.0,0.0,0.0,0.2727272727272727,0.09090909090909091,0.0,0.5794465063381586
C14-2013-0087,1239863.534883721,2621663.3636963763,3859785.4538136534,7143.209302325581,62.531007751937985,1.0237105263157893,0.18014492310947663,,0.0,0.42055349366184147,0.0,70632.48198198198,0.0,0.0,0.0,0.003566285416639309,0.01827969316917259,0.03909915739007594,0.001776485788113695,0.5794465063381586
C14-2013-0095,526382.0,523868.3333333333,78244.69975574489,2523.5,49.0,1.0237105263157895,0.13826949900000002,,0.0,0.42055349366184147,0.0,70632.48198198198,0.0,0.0,0.0,0.0,0.0,0.0,0.0,0.5794465063381586
C14-2013-0096,1239863.534883721,2621663.3636963763,3859785.4538136534,7143.209302325581,62.531007751937985,1.0237105263157893,0.18014492310947663,,0.0,0.42055349366184147,0.0,70632.48198198198,0.0,0.0,0.0,0.003566285416639309,0.01827969316917259,0.03909915739007594,0.001776485788113695,0.5794465063381586
C14-2013-0097,1239863.534883721,2621663.3636963763,3859785.4538136534,7143.209302325581,62.531007751937985,1.0237105263157893,0.18014492310947663,,0.0,0.42055349366184147,0.0,70632.48198198198,0.0,0.0,0.0,0.003566285416639309,0.01827969316917259,0.03909915739007594,0.001776485788113695,0.5794465063381586
C14-2013-0098,1239863.534883721,2621663.3636963763,3859785.4538136534,7143.209302325581,62.531007751937985,1.0237105263157893,0.18014492310947663,,0.0,0.42055349366184147,0.0,70632.48198198198,0.0,0.0,0.0,0.003566285416639309,0.01827969316917259,0.03909915739007594,0.001776485788113695,0.5794465063381586
C14-2013-0104,1239863.534883721,2621663.3636963763,3859785.4538136534,7143.209302325581,62.531007751937985,1.0237105263157893,0.18014492310947663,,0.0,0.42055349366184147,0.0,70632.48198198198,0.0,0.0,0.0,0.003566285416639309,0.01827969316917259,0.03909915739007594,0.001776485788113695,0.5794465063381586
C14-2013-0107,1239863.534883721,2621663.3636963763,3859785.4538136534,7143.209302325581,62.531007751937985,1.0237105263157893,0.18014492310947663,,0.0,0.42055349366184147,0.0,70632.48198198198,0.0,0.0,0.0,0.003566285416639309,0.01827969316917259,0.03909915739007594,0.001776485788113695,0.5794465063381586
C14-2013-0126,1058749.0,2067543.7719298245,3918236.097768692,3155.5,84.0,1.0237105263157895,0.27552119452,,0.0,0.4574012375059495,0.0,64740.0,0.0,0.0,0.0,0.0,0.0,0.0,0.0,0.5425987624940505
C14-2013-0158,2025891.0,23582431.1,50406854.59700977,6904.0,102.5,1.0237105263157895,1.6469126861799999,,0.0,0.42055349366184147,0.0,70632.48198198198,0.0,0.0,0.0,0.0,0.0,0.0,0.0,0.5794465063381586
C14-2014-0015,739125.0,748038.5666666667,235212.00632337588,1951.0,84.5,1.0237105263157895,0.233144561945,,0.0,0.42055349366184147,0.0,70632.48198198198,0.0,0.0,0.0,0.0,0.0,0.0,0.0,0.5794465063381586
C14-2014-0031.SH,1239863.534883721,2621663.3636963763,3859785.4538136534,7143.209302325581,62.531007751937985,1.0237105263157893,0.18014492310947663,,0.0,0.42055349366184147,0.0,70632.48198198198,0.0,0.0,0.0,0.003566285416639309,0.01827969316917259,0.03909915739007594,0.001776485788113695,0.5794465063381586
C14-2014-0036,1239863.534883721,2621663.3636963763,3859785.4538136534,7143.209302325581,62.531007751937985,1.0237105263157893,0.18014492310947663,,0.0,0.42055349366184147,0.0,70632.48198198198,0.0,0.0,0.0,0.003566285416639309,0.01827969316917259,0.03909915739007594,0.001776485788113695,0.5794465063381586
C14-2014-0047,1239863.534883721,2621663.3636963763,3859785.4538136534,7143.209302325581,62.531007751937985,1.0237105263157893,0.18014492310947663,,0.0,0.42055349366184147,0.0,70632.48198198198,0.0,0.0,0.0,0.003566285416639309,0.01827969316917259,0.03909915739007594,0.001776485788113695,0.5794465063381586
C14-2014-0070,444681.5,3292659.375,5100879.672974343,2840.0,36.5,1.0237105263157895,0.08728369589,,0.0,0.25355969331872946,0.0,46193.0,0.0,0.0,0.0,0.0,0.0,0.0,0.0,0.7464403066812706
C14-2014-0120,1239863.534883721,2621663.3636963763,3859785.4538136534,7143.209302325581,62.531007751937985,1.0237105263157893,0.18014492310947663,,0.0,0.42055349366184147,0.0,70632.48198198198,0.0,0.0,0.0,0.003566285416639309,0.01827969316917259,0.03909915739007594,0.001776485788113695,0.5794465063381586
C14-2014-0123,1239863.534883721,2621663.3636963763,3859785.4538136534,7143.209302325581,62.531007751937985,1.0237105263157893,0.18014492310947663,,0.0,0.42055349366184147,0.0,70632.48198198198,0.0,0.0,0.0,0.003566285416639309,0.01827969316917259,0.03909915739007594,0.001776485788113695,0.5794465063381586
C14-2014-0127,1239863.534883721,2621663.3636963763,3859785.4538136534,7143.209302325581,62.531007751937985,1.0237105263157893,0.18014492310947663,,0.0,0.42055349366184147,0.0,70632.48198198198,0.0,0.0,0.0,0.003566285416639309,0.01827969316917259,0.03909915739007594,0.001776485788113695,0.5794465063381586
C14-2014-0159,1239863.534883721,2621663.3636963763,3859785.4538136534,7143.209302325581,62.531007751937985,1.0237105263157893,0.18014492310947663,,0.0,0.42055349366184147,0.0,70632.48198198198,0.0,0.0,0.0,0.003566285416639309,0.01827969316917259,0.03909915739007594,0.001776485788113695,0.5794465063381586
C14-2014-0178,1239863.534883721,2621663.3636963763,3859785.4538136534,7143.209302325581,62.531007751937985,1.0237105263157893,0.18014492310947663,,0.0,0.42055349366184147,0.0,70632.48198198198,0.0,0.0,0.0,0.003566285416639309,0.01827969316917259,0.03909915739007594,0.001776485788113695,0.5794465063381586
C14-2014-0193,1239863.534883721,2621663.3636963763,3859785.4538136534,7143.209302325581,62.531007751937985,1.0237105263157893,0.18014492310947663,,0.0,0.42055349366184147,0.0,70632.48198198198,0.0,0.0,0.0,0.003566285416639309,0.01827969316917259,0.03909915739007594,0.001776485788113695,0.5794465063381586
C14-2014-0194,315000.0,1802555.7333333334,5476723.308187588,990.0,74.0,1.0237105263157895,0.15179900183,,0.0,0.25355969331872946,0.0,46193.0,0.0,0.0,0.0,0.0,0.0,0.0,0.0,0.7464403066812706
C14-2015-0001,416768.0,449255.2,321896.50482338434,1308.0,73.5,1.0237105263157895,0.025238546585,,0.0,0.26686960933536275,0.0,71354.0,0.0,0.0,0.0,0.0,0.0,0.1,0.0,0.7331303906646373
C14-2015-0003,1239863.534883721,2621663.3636963763,3859785.4538136534,7143.209302325581,62.531007751937985,1.0237105263157893,0.18014492310947663,,0.0,0.42055349366184147,0.0,70632.48198198198,0.0,0.0,0.0,0.003566285416639309,0.01827969316917259,0.03909915739007594,0.001776485788113695,0.5794465063381586
C14-2015-0019,234659.5,539714.4642857143,1446573.7606641292,960.0,64.0,1.0237105263157895,0.11174458235000001,,0.0,0.2718575417623093,0.0,71354.0,0.0,0.0,0.0,0.0,0.0,0.07142857142857142,0.0,0.7281424582376907
C14-2015-0025,1239863.534883721,2621663.3636963763,3859785.4538136534,7143.209302325581,62.531007751937985,1.0237105263157893,0.18014492310947663,,0.0,0.42055349366184147,0.0,70632.48198198198,0.0,0.0,0.0,0.003566285416639309,0.01827969316917259,0.03909915739007594,0.001776485788113695,0.5794465063381586
C14-2015-0043,1786960.0,2421179.9,1743872.1236758954,8122.5,72.5,1.0237105263157895,0.14206418778,,0.0,0.3851499763816722,0.0,41705.0,0.0,0.0,0.0,0.0,0.0,0.0,0.0,0.6148500236183279
C14-2015-0047,718016.0,1574231.2727272727,1950089.0565719882,3689.5,48.5,1.0237105263157895,0.16183964419,,0.0,0.5525114155251142,0.0,34602.0,0.0,0.0,0.0,0.0,0.045454545454545456,0.0,0.0,0.4474885844748858
C14-2015-0050,1239863.534883721,2621663.3636963763,3859785.4538136534,7143.209302325581,62.531007751937985,1.0237105263157893,0.18014492310947663,,0.0,0.42055349366184147,0.0,70632.48198198198,0.0,0.0,0.0,0.003566285416639309,0.01827969316917259,0.03909915739007594,0.001776485788113695,0.5794465063381586
C14-2015-0074,1239863.534883721,2621663.3636963763,3859785.4538136534,7143.209302325581,62.531007751937985,1.0237105263157893,0.18014492310947663,,0.0,0.42055349366184147,0.0,70632.48198198198,0.0,0.0,0.0,0.003566285416639309,0.01827969316917259,0.03909915739007594,0.001776485788113695,0.5794465063381586
C14-2015-0086,316470.0,472717.85185185185,371815.6093709626,1512.0,54.0,1.0237105263157895,0.15856475934,,0.0,0.4707105099516126,0.0,72126.0,0.0,0.0,0.0,0.0,0.0,0.18518518518518517,0.0,0.5292894900483873
C14-2015-0093,953235.0,2172129.111111111,3454651.7771252906,2843.0,75.0,1.0237105263157895,0.44451323973,,0.0,0.4240208997538496,0.0,38792.0,0.0,0.0,0.0,0.0,0.0,0.0,0.0,0.5759791002461504
C14-2015-0094,865022.0,1468862.6666666667,1974172.8018181662,2705.0,89.5,1.0237105263157895,0.431606865605,,0.0,0.4240208997538496,0.0,38792.0,0.0,0.0,0.0,0.0,0.0,0.0,0.0,0.5759791002461504
C14-2015-0104,1239863.534883721,2621663.3636963763,3859785.4538136534,7143.209302325581,62.531007751937985,1.0237105263157893,0.18014492310947663,,0.0,0.42055349366184147,0.0,70632.48198198198,0.0,0.0,0.0,0.003566285416639309,0.01827969316917259,0.03909915739007594,0.001776485788113695,0.5794465063381586
C14-2015-0105,425787.5,4291984.6,12390084.700501062,1977.0,59.5,1.0237105263157895,0.10176323408,,0.0,0.2565864833906071,0.0,51154.0,0.0,0.0,0.0,0.0,0.0,0.2,0.0,0.7434135166093929
C14-2015-0106,368542.0,4829234.333333333,13033248.199028935,1540.0,47.0,1.0237105263157895,0.07094787272,,0.0,0.2546103976627872,0.0,51154.0,0.0,0.0,0.0,0.0,0.2222222222222222,0.2222222222222222,0.0,0.7453896023372129
C14-2015-0119,1239863.534883721,2621663.3636963763,3859785.4538136534,7143.209302325581,62.531007751937985,1.0237105263157893,0.18014492310947663,,0.0,0.42055349366184147,0.0,70632.48198198198,0.0,0.0,0.0,0.003566285416639309,0.01827969316917259,0.03909915739007594,0.001776485788113695,0.5794465063381586
C14-2015-0160,1239863.534883721,2621663.3636963763,3859785.4538136534,7143.209302325581,62.531007751937985,1.0237105263157893,0.18014492310947663,,0.0,0.42055349366184147,0.0,70632.48198198198,0.0,0.0,0.0,0.003566285416639309,0.01827969316917259,0.03909915739007594,0.001776485788113695,0.5794465063381586
C14-2016-0023.SH,273168.0,1250615.6363636365,2957365.582600349,1648.5,44.0,1.0237105263157895,0.197276468985,,0.0,0.2597984322508399,0.0,61458.0,0.0,0.0,0.0,0.0,0.0,0.0,0.0,0.7402015677491601
C14-2016-0025,1239863.534883721,2621663.3636963763,3859785.4538136534,7143.209302325581,62.531007751937985,1.0237105263157893,0.18014492310947663,,0.0,0.42055349366184147,0.0,70632.48198198198,0.0,0.0,0.0,0.003566285416639309,0.01827969316917259,0.03909915739007594,0.001776485788113695,0.5794465063381586
C14-2016-0039,510032.0,1912513.75,3195298.454826226,2030.0,41.0,1.0237105263157895,0.21961537426,,0.0,0.5416133162612036,0.0,33947.0,0.0,0.0,0.0,0.0,0.0625,0.0,0.0,0.45838668373879643
C14-2016-0063.SH,1239863.534883721,2621663.3636963763,3859785.4538136534,7143.209302325581,62.531007751937985,1.0237105263157893,0.18014492310947663,,0.0,0.42055349366184147,0.0,70632.48198198198,0.0,0.0,0.0,0.003566285416639309,0.01827969316917259,0.03909915739007594,0.001776485788113695,0.5794465063381586
C14-2016-0064,224350.0,261357.4705882353,205782.31539758152,1099.0,47.0,1.0237105263157895,0.14982613907,,0.0,0.42055349366184147,0.0,70632.48198198198,0.0,0.0,0.0,0.0,0.0,0.0,0.0,0.5794465063381586
C14-2016-0077,538440.0,1212942.342857143,2228467.9566005846,1092.0,83.0,1.0237105263157895,0.14856962373,,0.0,0.4489968208797519,0.0,43586.0,0.0,0.0,0.0,0.0,0.0,0.05714285714285714,0.0,0.5510031791202481
C14-2016-0079,1239863.534883721,2621663.3636963763,3859785.4538136534,7143.209302325581,62.531007751937985,1.0237105263157893,0.18014492310947663,,0.0,0.42055349366184147,0.0,70632.48198198198,0.0,0.0,0.0,0.003566285416639309,0.01827969316917259,0.03909915739007594,0.001776485788113695,0.5794465063381586
C14-2016-0096,647609.0,760857.7,546712.2005164752,3417.0,35.5,1.0237105263157895,0.02773130479,,0.0,0.42055349366184147,0.0,70632.48198198198,0.0,0.0,0.0,0.0,0.1,0.0,0.0,0.5794465063381586
C14-2016-0125,1239863.534883721,2621663.3636963763,3859785.4538136534,7143.209302325581,62.531007751937985,1.0237105263157893,0.18014492310947663,,0.0,0.42055349366184147,0.0,70632.48198198198,0.0,0.0,0.0,0.003566285416639309,0.01827969316917259,0.03909915739007594,0.001776485788113695,0.5794465063381586
C14-2017-0052,1239863.534883721,2621663.3636963763,3859785.4538136534,7143.209302325581,62.531007751937985,1.0237105263157893,0.18014492310947663,,0.0,0.42055349366184147,0.0,70632.48198198198,0.0,0.0,0.0,0.003566285416639309,0.01827969316917259,0.03909915739007594,0.001776485788113695,0.5794465063381586
C14-2017-0074,1239863.534883721,2621663.3636963763,3859785.4538136534,7143.209302325581,62.531007751937985,1.0237105263157893,0.18014492310947663,,0.0,0.42055349366184147,0.0,70632.48198198198,0.0,0.0,0.0,0.003566285416639309,0.01827969316917259,0.03909915739007594,0.001776485788113695,0.5794465063381586
C14-2017-0092,330751.0,451340.23255813954,559506.1652897276,1086.0,83.5,1.0237105263157895,0.15108571833,,0.0,0.3524590163934426,0.0,38711.0,0.0,0.0,0.0,0.0,0.0,0.11363636363636363,0.0,0.6475409836065573
C14-2017-0094,1239863.534883721,2621663.3636963763,3859785.4538136534,7143.209302325581,62.531007751937985,1.0237105263157893,0.18014492310947663,,0.0,0.42055349366184147,0.0,70632.48198198198,0.0,0.0,0.0,0.003566285416639309,0.01827969316917259,0.03909915739007594,0.001776485788113695,0.5794465063381586
C14-2017-0098,1239863.534883721,2621663.3636963763,3859785.4538136534,7143.209302325581,62.531007751937985,1.0237105263157893,0.18014492310947663,,0.0,0.42055349366184147,0.0,70632.48198198198,0.0,0.0,0.0,0.003566285416639309,0.01827969316917259,0.03909915739007594,0.001776485788113695,0.5794465063381586
C14-2017-0123,173379.0,415923.55555555556,442451.0443707617,1781.0,53.0,1.0237105263157895,0.08713341406,,0.0,0.31495779664324747,0.0,38711.0,0.0,0.0,0.0,0.0,0.0,0.1111111111111111,0.0,0.6850422033567525
C14-2018-0002,131304.5,2416034.25,6314976.215438022,1659.0,58.0,1.0237105263157895,0.01528792666,,0.0,0.37306642402183804,0.0,40000.0,0.0,0.0,0.0,0.0,0.0,0.0,0.0,0.626933575978162
C14-2018-0077,128652.0,200393.73913043478,162755.1251770497,1506.0,18.5,1.0237105263157895,0.10704557434,,0.0,0.37306642402183804,0.0,40000.0,0.0,0.0,0.0,0.021739130434782608,0.0,0.1956521739130435,0.0,0.626933575978162
C14-2018-0093,1239863.534883721,2621663.3636963763,3859785.4538136534,7143.209302325581,62.531007751937985,1.0237105263157893,0.18014492310947663,,0.0,0.42055349366184147,0.0,70632.48198198198,0.0,0.0,0.0,0.003566285416639309,0.01827969316917259,0.03909915739007594,0.001776485788113695,0.5794465063381586
C14-2018-0096,1239863.534883721,2621663.3636963763,3859785.4538136534,7143.209302325581,62.531007751937985,1.0237105263157893,0.18014492310947663,,0.0,0.42055349366184147,0.0,70632.48198198198,0.0,0.0,0.0,0.003566285416639309,0.01827969316917259,0.03909915739007594,0.001776485788113695,0.5794465063381586
C14-2018-0100.SH,397911.0,459566.95,307072.40421583323,925.0,74.0,1.0237105263157895,0.13194514812,,0.0,0.42055349366184147,0.0,70632.48198198198,0.0,0.0,0.0,0.0,0.0,0.0,0.0,0.5794465063381586
C14-2018-0121,1239863.534883721,2621663.3636963763,3859785.4538136534,7143.209302325581,62.531007751937985,1.0237105263157893,0.18014492310947663,,0.0,0.42055349366184147,0.0,70632.48198198198,0.0,0.0,0.0,0.003566285416639309,0.01827969316917259,0.03909915739007594,0.001776485788113695,0.5794465063381586
C14-2018-0124,1239863.534883721,2621663.3636963763,3859785.4538136534,7143.209302325581,62.531007751937985,1.0237105263157893,0.18014492310947663,,0.0,0.42055349366184147,0.0,70632.48198198198,0.0,0.0,0.0,0.003566285416639309,0.01827969316917259,0.03909915739007594,0.001776485788113695,0.5794465063381586
C14-2018-0140,232850.0,3309322.9523809524,5501411.534662168,2072.0,46.0,1.0237105263157895,0.17609626899,,0.0,0.3278221208665906,0.0,59276.0,0.0,0.0,0.0,0.0,0.0,0.0,0.0,0.6721778791334094
C14-2018-0141,289722.0,1101281.0,2728414.680541822,1548.0,57.0,1.0237105263157895,0.15540860912999999,,0.0,0.3278221208665906,0.0,59276.0,0.0,0.0,0.0,0.0,0.0,0.0,0.0,0.6721778791334094
C14-2018-0149,1239863.534883721,2621663.3636963763,3859785.4538136534,7143.209302325581,62.531007751937985,1.0237105263157893,0.18014492310947663,,0.0,0.42055349366184147,0.0,70632.48198198198,0.0,0.0,0.0,0.003566285416639309,0.01827969316917259,0.03909915739007594,0.001776485788113695,0.5794465063381586
C14-2018-0150,1239863.534883721,2621663.3636963763,3859785.4538136534,7143.209302325581,62.531007751937985,1.0237105263157893,0.18014492310947663,,0.0,0.42055349366184147,0.0,70632.48198198198,0.0,0.0,0.0,0.003566285416639309,0.01827969316917259,0.03909915739007594,0.001776485788113695,0.5794465063381586
C14-2019-0007,91082.0,514813.0857142857,833424.6571963453,824.0,59.0,0.226,0.0695627475,,0.0,0.3592494846949587,0.0,121934.0,0.0,0.0,0.0,0.0,0.11428571428571428,0.22857142857142856,0.0,0.6407505153050412
C14-2019-0011,1239863.534883721,2621663.3636963763,3859785.4538136534,7143.209302325581,62.531007751937985,1.0237105263157893,0.18014492310947663,,0.0,0.42055349366184147,0.0,70632.48198198198,0.0,0.0,0.0,0.003566285416639309,0.01827969316917259,0.03909915739007594,0.001776485788113695,0.5794465063381586
C14-2019-0026,320521.0,467392.4736842105,454746.9712427839,1638.0,61.0,0.385,0.09973897462,,0.0,0.42055349366184147,0.0,70632.48198198198,0.0,0.0,0.0,0.0,0.05263157894736842,0.05263157894736842,0.0,0.5794465063381586
C14-2019-0027,1239863.534883721,2621663.3636963763,3859785.4538136534,7143.209302325581,62.531007751937985,1.0237105263157893,0.18014492310947663,,0.0,0.42055349366184147,0.0,70632.48198198198,0.0,0.0,0.0,0.003566285416639309,0.01827969316917259,0.03909915739007594,0.001776485788113695,0.5794465063381586
C14-2019-0049,1239863.534883721,2621663.3636963763,3859785.4538136534,7143.209302325581,62.531007751937985,1.0237105263157893,0.18014492310947663,,0.0,0.42055349366184147,0.0,70632.48198198198,0.0,0.0,0.0,0.003566285416639309,0.01827969316917259,0.03909915739007594,0.001776485788113695,0.5794465063381586
C14-2019-0053,388030.0,626226.2941176471,440461.50187598186,1318.0,58.0,0.181,0.19799058009,,0.0,0.10570544007076514,0.0,43899.0,0.0,0.0,0.0,0.0,0.0,0.0,0.0,0.8942945599292349
C14-2019-0054,239019.0,280719.1052631579,151507.513720862,1824.0,43.0,0.481,0.09669203497,,0.0,0.23238048528790725,0.0,43899.0,0.0,0.0,0.0,0.0,0.0,0.05263157894736842,0.0,0.7676195147120928
C14-2019-0078,267867.0,300054.25925925927,216427.0182739869,1272.0,65.0,0.25,0.11748792424,,0.0,0.5423778917339273,0.0,69654.0,0.0,0.0,0.0,0.0,0.037037037037037035,0.0,0.0,0.45762210826607275
C14-2019-0090,306668.0,2266858.9,5590607.089053636,1759.0,54.0,0.933,0.024222417625,,0.0,0.4214490065491735,0.0,45183.0,0.0,0.0,0.0,0.0,0.2,0.0,0.0,0.5785509934508265
C14-2019-0098,1239863.534883721,2621663.3636963763,3859785.4538136534,7143.209302325581,62.531007751937985,1.0237105263157893,0.18014492310947663,,0.0,0.42055349366184147,0.0,70632.48198198198,0.0,0.0,0.0,0.003566285416639309,0.01827969316917259,0.03909915739007594,0.001776485788113695,0.5794465063381586
C14-2019-0103,361747.0,1920497.0909090908,2850050.083351851,2391.0,48.0,0.915,0.08410690856,,0.0,0.37124337065409546,0.0,45183.0,0.0,0.0,0.0,0.0,0.0,0.0,0.0,0.6287566293459046
C14-2019-0164,1239863.534883721,2621663.3636963763,3859785.4538136534,7143.209302325581,62.531007751937985,1.0237105263157893,0.18014492310947663,,0.0,0.42055349366184147,0.0,70632.48198198198,0.0,0.0,0.0,0.003566285416639309,0.01827969316917259,0.03909915739007594,0.001776485788113695,0.5794465063381586
C14-2020-0022,283770.0,282551.87096774194,85244.66681543707,1233.5,58.0,0.197,0.13709348748,,0.0,0.4679186417410997,0.0,63750.0,0.0,0.0,0.0,0.0,0.0,0.030303030303030304,0.0,0.5320813582589003
C14-2020-0023,248972.5,5887047.909090909,15224545.343856001,2270.5,52.0,0.788,0.142683899035,,0.0,0.5489067894131185,0.0,63750.0,0.0,0.0,0.0,0.045454545454545456,0.0,0.13636363636363635,0.0,0.45109321058688145
C14-2020-0029,188008.0,257868.56,247707.6616045414,1080.0,60.0,0.165,0.14088281623,,0.0,0.41253037609040666,0.0,62667.0,0.0,0.0,0.0,0.0,0.0,0.08,0.0,0.5874696239095933
C14-2020-0030,105000.0,896921.25,2517395.6326134186,0.0,74.0,0.24,0.0,,0.0,0.4250542794360496,0.0,47902.0,0.0,0.0,0.0,0.0,0.0,0.3076923076923077,0.0,0.5749457205639503
C14-2020-0031.SH,309909.5,594490.0384615385,1226609.8780824973,1532.0,56.0,0.238,0.152038485655,,0.0,0.2863558432364001,0.0,47902.0,0.0,0.0,0.0,0.0,0.0,0.038461538461538464,0.0,0.7136441567635998
C14-2020-0038,219288.0,835506.9375,1852602.0766255036,0.0,24.0,0.2325,0.0,,0.0,0.5205986943260134,0.0,63750.0,0.0,0.0,0.0,0.0,0.0,0.23529411764705882,0.0,0.47940130567398664
C14-2020-0039,1239863.534883721,2621663.3636963763,3859785.4538136534,7143.209302325581,62.531007751937985,1.0237105263157893,0.18014492310947663,,0.0,0.42055349366184147,0.0,70632.48198198198,0.0,0.0,0.0,0.003566285416639309,0.01827969316917259,0.03909915739007594,0.001776485788113695,0.5794465063381586
C14-2020-0044,154609.0,173257.2,134645.93136401134,1060.0,75.0,0.174,0.12508572789,,0.0,0.30997238446536035,0.0,47902.0,0.0,0.0,0.0,0.0,0.024390243902439025,0.07317073170731707,0.0,0.6900276155346396
C14-2020-0048,823914.0,1065993.4375,527095.580026617,2741.0,98.0,0.2255,0.265756357235,,0.0,0.43353028064992616,0.0,47902.0,0.0,0.0,0.0,0.0,0.0,0.0,0.0,0.5664697193500738
C14-2020-0067,573841.5,3332862.7,4117371.5198697136,2254.5,41.0,0.293,0.17396547321,,0.0,0.43353028064992616,0.0,47902.0,0.0,0.0,0.0,0.0,0.0,0.0,0.0,0.5664697193500738
C14-2020-0075,1239863.534883721,2621663.3636963763,3859785.4538136534,7143.209302325581,62.531007751937985,1.0237105263157893,0.18014492310947663,,0.0,0.42055349366184147,0.0,70632.48198198198,0.0,0.0,0.0,0.003566285416639309,0.01827969316917259,0.03909915739007594,0.001776485788113695,0.5794465063381586
C14-2020-0081,736014.0,686608.4285714285,305980.7634432036,2327.5,73.0,0.318,0.13596551562,,0.0,0.4985657461526217,0.0,92149.0,0.0,0.0,0.0,0.0,0.0,0.0,0.0,0.5014342538473783
C14-2020-0089,255853.0,712924.8709677419,1477527.1967546933,1040.0,58.0,0.1965,0.12458721506,,0.0,0.4382235239000841,0.0,76009.0,0.0,0.0,0.0,0.0,0.0,0.05405405405405406,0.0,0.5617764760999159
C14-2020-0102,189482.0,193461.53846153847,137502.35609594441,1845.0,59.0,2.0,0.01208478206,,0.0,0.5489067894131185,0.0,63750.0,0.0,0.0,0.0,0.0,0.15384615384615385,0.15384615384615385,0.0,0.45109321058688145
C14-2020-0112,1239863.534883721,2621663.3636963763,3859785.4538136534,7143.209302325581,62.531007751937985,1.0237105263157893,0.18014492310947663,,0.0,0.42055349366184147,0.0,70632.48198198198,0.0,0.0,0.0,0.003566285416639309,0.01827969316917259,0.03909915739007594,0.001776485788113695,0.5794465063381586
C14-2020-0121,248107.0,264477.48148148146,69925.12157321209,1387.0,54.0,0.413,0.09647696412,,0.0,0.5971862257524843,0.0,63750.0,0.0,0.0,0.0,0.0,0.0,0.0,0.0,0.40281377424751574
C14-2020-0143,1239863.534883721,2621663.3636963763,3859785.4538136534,7143.209302325581,62.531007751937985,1.0237105263157893,0.18014492310947663,,0.0,0.42055349366184147,0.0,70632.48198198198,0.0,0.0,0.0,0.003566285416639309,0.01827969316917259,0.03909915739007594,0.001776485788113695,0.5794465063381586
C14-2020-0146,1239863.534883721,2621663.3636963763,3859785.4538136534,7143.209302325581,62.531007751937985,1.0237105263157893,0.18014492310947663,,0.0,0.42055349366184147,0.0,70632.48198198198,0.0,0.0,0.0,0.003566285416639309,0.01827969316917259,0.03909915739007594,0.001776485788113695,0.5794465063381586
C14-2020-0147,1239863.534883721,2621663.3636963763,3859785.4538136534,7143.209302325581,62.531007751937985,1.0237105263157893,0.18014492310947663,,0.0,0.42055349366184147,0.0,70632.48198198198,0.0,0.0,0.0,0.003566285416639309,0.01827969316917259,0.03909915739007594,0.001776485788113695,0.5794465063381586
C14-2020-0151,320582.0,410755.6666666667,645686.0495074923,1444.0,51.0,0.1815,0.17733445018,,0.0,0.5545073386354428,0.0,72959.0,0.0,0.0,0.0,0.0,0.0,0.019801980198019802,0.0,0.44549266136455723
C14-2021-0007,700137.0,1197380.1904761905,1868026.4055793649,2540.0,66.0,0.201,0.29502460360527,,0.0,0.47436273073542334,0.0,75752.0,0.0,0.0,0.0,0.0,0.0,0.09523809523809523,0.0,0.5256372692645767
C14-2021-0008.SH,1239863.534883721,2621663.3636963763,3859785.4538136534,7143.209302325581,62.531007751937985,1.0237105263157893,0.18014492310947663,,0.0,0.42055349366184147,0.0,70632.48198198198,0.0,0.0,0.0,0.003566285416639309,0.01827969316917259,0.03909915739007594,0.001776485788113695,0.5794465063381586
C14-2021-0009,1239863.534883721,2621663.3636963763,3859785.4538136534,7143.209302325581,62.531007751937985,1.0237105263157893,0.18014492310947663,,0.0,0.42055349366184147,0.0,70632.48198198198,0.0,0.0,0.0,0.003566285416639309,0.01827969316917259,0.03909915739007594,0.001776485788113695,0.5794465063381586
C14-2021-0015,1239863.534883721,2621663.3636963763,3859785.4538136534,7143.209302325581,62.531007751937985,1.0237105263157893,0.18014492310947663,,0.0,0.42055349366184147,0.0,70632.48198198198,0.0,0.0,0.0,0.003566285416639309,0.01827969316917259,0.03909915739007594,0.001776485788113695,0.5794465063381586
C14-2021-0017,350000.0,4742579.714285715,11558317.555057479,1646.0,70.0,2.497,0.033341106027365,,0.0,0.4299666779087931,0.0,75752.0,0.0,0.0,0.0,0.14285714285714285,0.0,0.2857142857142857,0.0,0.5700333220912068
C14-2021-0023.SH,1239863.534883721,2621663.3636963763,3859785.4538136534,7143.209302325581,62.531007751937985,1.0237105263157893,0.18014492310947663,,0.0,0.42055349366184147,0.0,70632.48198198198,0.0,0.0,0.0,0.003566285416639309,0.01827969316917259,0.03909915739007594,0.001776485788113695,0.5794465063381586
C14-2021-0033,1239863.534883721,2621663.3636963763,3859785.4538136534,7143.209302325581,62.531007751937985,1.0237105263157893,0.18014492310947663,,0.0,0.42055349366184147,0.0,70632.48198198198,0.0,0.0,0.0,0.003566285416639309,0.01827969316917259,0.03909915739007594,0.001776485788113695,0.5794465063381586
C14-2021-0037,1239863.534883721,2621663.3636963763,3859785.4538136534,7143.209302325581,62.531007751937985,1.0237105263157893,0.18014492310947663,,0.0,0.42055349366184147,0.0,70632.48198198198,0.0,0.0,0.0,0.003566285416639309,0.01827969316917259,0.03909915739007594,0.001776485788113695,0.5794465063381586
C14-2021-0039,250180.5,1866866.1153846155,8226722.633500693,1665.0,74.0,0.2355,0.143648311495781,,0.0,0.40934959931806686,0.0,74094.0,0.0,0.0,0.0,0.0,0.0,0.34615384615384615,0.0,0.5906504006819331
C14-2021-0050,1239863.534883721,2621663.3636963763,3859785.4538136534,7143.209302325581,62.531007751937985,1.0237105263157893,0.18014492310947663,,0.0,0.42055349366184147,0.0,70632.48198198198,0.0,0.0,0.0,0.003566285416639309,0.01827969316917259,0.03909915739007594,0.001776485788113695,0.5794465063381586
C14-2021-0055,1239863.534883721,2621663.3636963763,3859785.4538136534,7143.209302325581,62.531007751937985,1.0237105263157893,0.18014492310947663,,0.0,0.42055349366184147,0.0,70632.48198198198,0.0,0.0,0.0,0.003566285416639309,0.01827969316917259,0.03909915739007594,0.001776485788113695,0.5794465063381586
C14-2021-0056,355673.0,491783.06666666665,560151.1824436923,1814.0,48.0,0.169,0.197326585650444,,0.0,0.16654191616766467,0.0,49755.0,0.0,0.0,0.0,0.0,0.0,0.0,0.0,0.8334580838323353
C14-2021-0081,1093937.5,6132307.818181818,16814534.887231935,4576.0,105.5,0.183,0.385988056659698,,0.0,0.34772081678651273,0.0,59971.0,0.0,0.0,0.0,0.0,0.0,0.0,0.0,0.6522791832134873
C14-2021-0082,490914.0,500871.3333333333,503423.86104090593,1646.0,70.0,15.922,0.028104754164815,,0.0,0.43894919056308473,0.0,75752.0,0.0,0.0,0.0,0.25,0.0,0.0,0.0,0.5610508094369153
C14-2021-0100,30301734.0,27896278.0,5682096.226609684,140550.0,43.0,5.76,0.447649627923965,,0.0,0.31998209890355783,0.0,123232.0,0.0,0.0,0.0,0.0,0.0,0.0,0.0,0.6800179010964422
C14-2021-0117,578918.0,727385.0,503952.4089891822,1722.5,43.0,1.198,0.0467843636870385,,0.0,0.3615203696716025,0.0,123232.0,0.0,0.0,0.0,0.0,0.125,0.125,0.0,0.6384796303283975
C14-2021-0119,298752.5,328157.9411764706,97772.37238357052,1353.5,29.0,0.127,0.24852292239666,,0.0,0.4551831145313824,0.0,86759.0,0.0,0.0,0.0,0.0,0.0,0.058823529411764705,0.0,0.5448168854686176
C14-2021-0123,1239863.534883721,2621663.3636963763,3859785.4538136534,7143.209302325581,62.531007751937985,1.0237105263157893,0.18014492310947663,,0.0,0.42055349366184147,0.0,70632.48198198198,0.0,0.0,0.0,0.003566285416639309,0.01827969316917259,0.03909915739007594,0.001776485788113695,0.5794465063381586
C14-2021-0125,1239863.534883721,2621663.3636963763,3859785.4538136534,7143.209302325581,62.531007751937985,1.0237105263157893,0.18014492310947663,,0.0,0.42055349366184147,0.0,70632.48198198198,0.0,0.0,0.0,0.003566285416639309,0.01827969316917259,0.03909915739007594,0.001776485788113695,0.5794465063381586
C14-2021-0127,138554.0,210429.125,222116.85896356287,1574.5,59.5,1.607,0.0282648922875525,,0.0,0.6905903854674347,0.0,86759.0,0.0,0.0,0.0,0.0,0.0,0.0,0.0,0.3094096145325653
C14-2021-0128,1239863.534883721,2621663.3636963763,3859785.4538136534,7143.209302325581,62.531007751937985,1.0237105263157893,0.18014492310947663,,0.0,0.42055349366184147,0.0,70632.48198198198,0.0,0.0,0.0,0.003566285416639309,0.01827969316917259,0.03909915739007594,0.001776485788113695,0.5794465063381586
C14-2021-0130,1239863.534883721,2621663.3636963763,3859785.4538136534,7143.209302325581,62.531007751937985,1.0237105263157893,0.18014492310947663,,0.0,0.42055349366184147,0.0,70632.48198198198,0.0,0.0,0.0,0.003566285416639309,0.01827969316917259,0.03909915739007594,0.001776485788113695,0.5794465063381586
C14-2021-0136,455657.0,477221.6,260959.63434841248,2007.0,46.0,0.417,0.111174009740353,,0.0,0.6229729729729729,0.0,86759.0,0.0,0.0,0.0,0.0,0.06666666666666667,0.06666666666666667,0.0,0.37702702702702706
C14-2021-0137,857844.0,1187573.1304347827,723485.1990374789,2100.0,69.0,0.176,0.205779120326042,,0.0,0.654672770144028,0.0,71831.0,0.0,0.0,0.0,0.0,0.0,0.0,0.0,0.345327229855972
C14-2021-0139,1239863.534883721,2621663.3636963763,3859785.4538136534,7143.209302325581,62.531007751937985,1.0237105263157893,0.18014492310947663,,0.0,0.42055349366184147,0.0,70632.48198198198,0.0,0.0,0.0,0.003566285416639309,0.01827969316917259,0.03909915739007594,0.001776485788113695,0.5794465063381586
C14-2021-0141,84814.0,166162.86842105264,155614.4648975814,1616.0,51.0,0.351,0.103045023977757,,0.0,0.683442661543624,0.0,66278.5,0.0,0.0,0.0,0.0,0.07894736842105263,0.2631578947368421,0.0,0.316557338456376
C14-2021-0150,381712.5,723480.125,1203860.0154293617,1667.0,44.0,0.2895,0.15745260566473002,,0.0,0.8678445229681979,0.0,61481.0,0.0,0.0,0.0,0.0,0.29411764705882354,0.0,0.0,0.13215547703180208
C14-2021-0161,391179.0,4905648.9375,18092341.376346372,1597.0,43.0,0.215,0.18189639598131202,,0.0,0.6934223660279217,0.0,93459.0,0.0,0.0,0.0,0.0,0.0,0.0,0.0,0.30657763397207827
C14-2021-0183,801170.0,967232.3157894737,700115.1157065411,2023.0,102.0,0.214,0.226394414901733,,0.0,0.3382314072337122,0.0,52537.0,0.0,0.0,0.0,0.0,0.0,0.0,0.0,0.6617685927662877
C14-2021-0193,1239863.534883721,2621663.3636963763,3859785.4538136534,7143.209302325581,62.531007751937985,1.0237105263157893,0.18014492310947663,,0.0,0.42055349366184147,0.0,70632.48198198198,0.0,0.0,0.0,0.003566285416639309,0.01827969316917259,0.03909915739007594,0.001776485788113695,0.5794465063381586
C14-2022-0004,1239863.534883721,2621663.3636963763,3859785.4538136534,7143.209302325581,62.531007751937985,1.0237105263157893,0.18014492310947663,,0.0,0.42055349366184147,0.0,70632.48198198198,0.0,0.0,0.0,0.003566285416639309,0.01827969316917259,0.03909915739007594,0.001776485788113695,0.5794465063381586
C14-2022-0008.SH,1239863.534883721,2621663.3636963763,3859785.4538136534,7143.209302325581,62.531007751937985,1.0237105263157893,0.18014492310947663,,0.0,0.42055349366184147,0.0,70632.48198198198,0.0,0.0,0.0,0.003566285416639309,0.01827969316917259,0.03909915739007594,0.001776485788113695,0.5794465063381586
C14-2022-0010,830600.5,2167498.8,4039240.7289342284,1470.5,82.5,1.0237105263157895,0.185296930372715,,0.0,0.42702031151696096,0.0,69375.0,0.0,0.0,0.0,0.0,0.0,0.0,0.0,0.572979688483039
C14-2022-0018.SH,346100.0,512454.5238095238,362386.8888754971,1297.0,75.0,1.0237105263157895,0.154422596096992,,0.0,0.6832298772380156,0.0,194500.0,0.0,0.0,0.0,0.0,0.0,0.043478260869565216,0.0,0.31677012276198435
C14-2022-0033,755200.0,842253.0,540791.8703493979,1570.0,75.0,1.0237105263157895,0.014821394346654,,0.0,0.17396615084367262,0.0,50078.0,0.0,0.0,0.0,0.0,0.0,0.0,0.0,0.8260338491563274
C14-2022-0047,930321.0,1058380.4102564103,441452.10305903887,1594.0,95.0,1.0237105263157895,0.277214378118515,,0.0,0.3390820486179681,0.0,113208.5,0.0,0.0,0.0,0.0,0.0,0.0,0.0,0.6609179513820319
C14-2022-0056,586651.0,650490.5454545454,206132.71502814087,1628.0,65.0,1.0237105263157895,0.030881261453032,,0.0,0.3699561403508772,0.0,146000.0,0.0,0.0,0.0,0.0,0.0,0.0,0.0,0.6300438596491228
C14-2022-0067,263210.5,2774108.3333333335,11146480.537820192,1510.5,19.0,1.0237105263157895,0.277329921722412,,0.0,0.4239570883889628,0.0,67530.5,0.0,0.0,0.0,0.0,0.0,0.0,0.0,0.5760429116110373
C14-2022-0076,697632.0,1093539.6,1148089.2078307332,1699.5,97.0,1.0237105263157895,0.2737872898578645,,0.0,0.45569620253164556,0.0,68115.0,0.0,0.0,0.0,0.0,0.0,0.0,0.0625,0.5443037974683544
C14-2022-0077,1239863.534883721,2621663.3636963763,3859785.4538136534,7143.209302325581,62.531007751937985,1.0237105263157893,0.18014492310947663,,0.0,0.42055349366184147,0.0,70632.48198198198,0.0,0.0,0.0,0.003566285416639309,0.01827969316917259,0.03909915739007594,0.001776485788113695,0.5794465063381586
C14-2022-0084,994358.0,1777418.4736842106,2231681.261771103,2020.0,73.0,1.0237105263157895,0.230997413396835,,0.0,0.4334292433024857,0.0,115375.0,0.0,0.0,0.0,0.0,0.0,0.0,0.0,0.5665707566975142
C14-2022-0095,1239863.534883721,2621663.3636963763,3859785.4538136534,7143.209302325581,62.531007751937985,1.0237105263157893,0.18014492310947663,,0.0,0.42055349366184147,0.0,70632.48198198198,0.0,0.0,0.0,0.003566285416639309,0.01827969316917259,0.03909915739007594,0.001776485788113695,0.5794465063381586
C14-2022-0114,1239863.534883721,2621663.3636963763,3859785.4538136534,7143.209302325581,62.531007751937985,1.0237105263157893,0.18014492310947663,,0.0,0.42055349366184147,0.0,70632.48198198198,0.0,0.0,0.0,0.003566285416639309,0.01827969316917259,0.03909915739007594,0.001776485788113695,0.5794465063381586
C14-2022-0133,350569.0,547534.9310344828,868981.7779371332,1890.0,45.0,1.0237105263157895,0.150781899690628,,0.0,0.39594670716750807,0.0,146000.0,0.0,0.0,0.0,0.0,0.0,0.0,0.0,0.604053292832492
C14-2022-0150,519000.0,979392.72,1644810.4161222382,2496.0,54.0,1.0237105263157895,0.242751479148865,,0.0,0.43272354298266513,0.0,81647.0,0.0,0.0,0.0,0.0,0.0,0.2,0.0,0.5672764570173349
C14-2023-0004,542500.0,533877.1538461539,137842.08250920457,1624.0,65.0,1.0237105263157895,0.054544314742088,,0.0,0.3694456355848192,0.0,82675.0,0.0,0.0,0.0,0.0,0.0,0.0,0.0,0.6305543644151808
C14-2023-0006,565571.0,1406036.1818181819,3116647.529213556,1733.0,58.5,1.0237105263157895,0.088079676032066,,0.0,0.4240927612189939,0.0,82675.0,0.0,0.0,0.0,0.0,0.35714285714285715,0.0,0.0,0.575907238781006
C14-2023-0007.SH,358723.0,535981.925925926,584191.3337280153,1362.0,55.0,1.0237105263157895,0.172563582658768,,0.0,0.49546099363838314,0.0,67721.0,0.0,0.0,0.0,0.0,0.0,0.0,0.0,0.5045390063616169
C14-2023-0014,411674.0,547296.8235294118,319590.48196485674,2283.0,24.5,1.0237105263157895,0.237551361322403,,0.0,0.29252170345330897,0.0,58735.0,0.0,0.0,0.0,0.0,0.0,0.0,0.0,0.707478296546691
C14-2023-0032,1239863.534883721,2621663.3636963763,3859785.4538136534,7143.209302325581,62.531007751937985,1.0237105263157893,0.18014492310947663,,0.0,0.42055349366184147,0.0,70632.48198198198,0.0,0.0,0.0,0.003566285416639309,0.01827969316917259,0.03909915739007594,0.001776485788113695,0.5794465063381586
C14-2023-0034,1239863.534883721,2621663.3636963763,3859785.4538136534,7143.209302325581,62.531007751937985,1.0237105263157893,0.18014492310947663,,0.0,0.42055349366184147,0.0,70632.48198198198,0.0,0.0,0.0,0.003566285416639309,0.01827969316917259,0.03909915739007594,0.001776485788113695,0.5794465063381586
C14-2023-0035,341504.0,3183667.230769231,7060562.157343577,848.0,72.0,1.0237105263157895,0.128706455230713,,0.0,0.4538103985884615,0.0,67721.0,0.0,0.0,0.0,0.0,0.0,0.07692307692307693,0.0,0.5461896014115385
C14-2023-0077,671046.0,1597174.5172413792,3617729.1719342466,2094.0,61.0,1.0237105263157895,0.193297728896141,,0.0,0.40670117194064814,0.0,67721.0,0.0,0.0,0.0,0.0,0.0,0.0,0.0,0.5932988280593519
C14-2023-0083,459513.0,518694.1,200733.38304795692,1890.0,55.0,1.0237105263157895,0.092258356511593,,0.0,0.7513513513513513,0.0,127072.0,0.0,0.0,0.0,0.0,0.0,0.0,0.0,0.24864864864864866
C14-2023-0114,1903700.0,28354343.625,52061641.47209523,4060.5,38.0,1.0237105263157895,0.177901141345501,,0.0,0.7513513513513513,0.0,127072.0,0.0,0.0,0.0,0.0,0.1111111111111111,0.0,0.1111111111111111,0.24864864864864866
C14-2023-0119,1239863.534883721,2621663.3636963763,3859785.4538136534,7143.209302325581,62.531007751937985,1.0237105263157893,0.18014492310947663,,0.0,0.42055349366184147,0.0,70632.48198198198,0.0,0.0,0.0,0.003566285416639309,0.01827969316917259,0.03909915739007594,0.001776485788113695,0.5794465063381586
C14-2023-0126,791000.0,2236455.1818181816,4372567.478606678,5184.0,24.5,1.0237105263157895,0.107214219868183,,0.0,0.3502502780298779,0.0,97863.0,0.0,0.0,0.0,0.0,0.0,0.07692307692307693,0.0,0.649749721970122
C14-2023-0141.SH,381205.0,1638215.2962962964,5495486.688751057,1424.0,63.0,1.0237105263157895,0.155378669500351,,0.0,0.5658887061737214,0.0,108077.0,0.0,0.0,0.0,0.0,0.0,0.03333333333333333,0.0,0.43411129382627855
C14-2023-0153,1239863.534883721,2621663.3636963763,3859785.4538136534,7143.209302325581,62.531007751937985,1.0237105263157893,0.18014492310947663,,0.0,0.42055349366184147,0.0,70632.48198198198,0.0,0.0,0.0,0.003566285416639309,0.01827969316917259,0.03909915739007594,0.001776485788113695,0.5794465063381586
C14-2023-0154,555633.0,577358.4444444445,171197.92325267202,2418.0,44.0,1.0237105263157895,0.045234192162752,,0.0,0.6142159522517634,0.0,104850.0,0.0,0.0,0.0,0.0,0.0,0.0,0.0,0.3857840477482366
C14-2024-0019.SH,553752.0,2387307.0833333335,7415906.645870685,1272.0,74.0,1.0237105263157895,0.130358174443245,,0.0,0.6150711221037624,0.0,142905.0,0.0,0.0,0.0,0.0,0.0,0.05,0.0,0.38492887789623764
C14-2024-0051,1257416.5,1610398.625,1576238.0340126785,3346.5,39.0,1.0237105263157895,0.3468158394098285,,0.0,0.668306364443299,0.0,243365.0,0.0,0.0,0.0,0.0,0.0,0.0,0.0,0.33169363555670095
C14-2024-0059,1239863.534883721,2621663.3636963763,3859785.4538136534,7143.209302325581,62.531007751937985,1.0237105263157893,0.18014492310947663,,0.0,0.42055349366184147,0.0,70632.48198198198,0.0,0.0,0.0,0.003566285416639309,0.01827969316917259,0.03909915739007594,0.001776485788113695,0.5794465063381586
C14-2024-0070,1239863.534883721,2621663.3636963763,3859785.4538136534,7143.209302325581,62.531007751937985,1.0237105263157893,0.18014492310947663,,0.0,0.42055349366184147,0.0,70632.48198198198,0.0,0.0,0.0,0.003566285416639309,0.01827969316917259,0.03909915739007594,0.001776485788113695,0.5794465063381586
C14-2024-0071,1239863.534883721,2621663.3636963763,3859785.4538136534,7143.209302325581,62.531007751937985,1.0237105263157893,0.18014492310947663,,0.0,0.42055349366184147,0.0,70632.48198198198,0.0,0.0,0.0,0.003566285416639309,0.01827969316917259,0.03909915739007594,0.001776485788113695,0.5794465063381586
C14-2024-0080,489500.0,5083350.612903226,17808194.79942961,1334.5,69.0,1.0237105263157895,0.1575385183095935,,0.0,0.613674350449045,0.0,243365.0,0.0,0.0,0.0,0.0,0.0,0.06451612903225806,0.0,0.38632564955095505
C14-2024-0104,1239863.534883721,2621663.3636963763,3859785.4538136534,7143.209302325581,62.531007751937985,1.0237105263157893,0.18014492310947663,,0.0,0.42055349366184147,0.0,70632.48198198198,0.0,0.0,0.0,0.003566285416639309,0.01827969316917259,0.03909915739007594,0.001776485788113695,0.5794465063381586
C14-2024-0109,295441.0,885079.3939393939,2012527.7916106207,1280.0,79.0,1.0237105263157895,0.116061702370644,,0.0,0.41629936587018135,0.0,142905.0,0.0,0.0,0.0,0.0,0.0,0.12121212121212122,0.0,0.5837006341298187
C14-2024-0122,424668.0,421834.71428571426,101911.23805014972,1841.0,60.0,1.0237105263157895,0.162770614027977,,0.0,0.6156553058393549,0.0,116518.0,0.0,0.0,0.0,0.0,0.0,0.0,0.0,0.3843446941606451
C14-96-0003,1239863.534883721,2621663.3636963763,3859785.4538136534,7143.209302325581,62.531007751937985,1.0237105263157893,0.18014492310947663,,0.0,0.42055349366184147,0.0,70632.48198198198,0.0,0.0,0.0,0.003566285416639309,0.01827969316917259,0.03909915739007594,0.001776485788113695,0.5794465063381586
C14-99-0069,1239863.534883721,2621663.3636963763,3859785.4538136534,7143.209302325581,62.531007751937985,1.0237105263157893,0.18014492310947663,,0.0,0.42055349366184147,0.0,70632.48198198198,0.0,0.0,0.0,0.003566285416639309,0.01827969316917259,0.03909915739007594,0.001776485788113695,0.5794465063381586
C14H-2010-0006,791770.0,1157671.686868687,1761653.5595247545,2346.0,104.0,1.0237105263157895,0.29456938618,,0.0,0.27631897889940715,0.0,48357.0,0.0,0.0,0.0,0.0,0.0,0.0,0.0,0.7236810211005928
C14H-2010-0019,603173.0,744998.9809885932,793900.3507491725,1769.0,97.0,1.0237105263157895,0.23082278031,,0.0,0.2951645050536732,0.0,32406.0,0.0,0.0,0.0,0.0,0.0,0.0,0.0,0.7048354949463268
C14H-2014-0014,565206.0,617241.6055045872,193348.36322684592,1248.0,89.0,1.0237105263157895,0.1944938041,,0.0,0.2868138495229205,0.0,68271.0,0.0,0.0,0.0,0.0,0.0,0.0,0.0,0.7131861504770796
C14H-2015-0006,1239863.534883721,2621663.3636963763,3859785.4538136534,7143.209302325581,62.531007751937985,1.0237105263157893,0.18014492310947663,,0.0,0.42055349366184147,0.0,70632.48198198198,0.0,0.0,0.0,0.003566285416639309,0.01827969316917259,0.03909915739007594,0.001776485788113695,0.5794465063381586
C14H-2018-0013,683398.5,792268.9361702128,483144.8138119379,1849.0,97.5,1.0237105263157895,0.284141769985,,0.0,0.22025442753803942,0.0,81709.0,0.0,0.0,0.0,0.0,0.0,0.0,0.0,0.7797455724619606
C14H-2018-0084,1892064.0,2317852.5,1133260.2452188404,5039.0,90.0,1.0237105263157895,0.25282883743,,0.0,0.22025442753803942,0.0,81709.0,0.0,0.0,0.0,0.0,0.0,0.0,0.0,0.7797455724619606
C14H-2019-0077,1239863.534883721,2621663.3636963763,3859785.4538136534,7143.209302325581,62.531007751937985,1.0237105263157893,0.18014492310947663,,0.0,0.42055349366184147,0.0,70632.48198198198,0.0,0.0,0.0,0.003566285416639309,0.01827969316917259,0.03909915739007594,0.001776485788113695,0.5794465063381586
C14H-2021-0164,534010.0,534010.0,3859785.453813654,1220.0,70.0,0.306,0.091513410210609,,0.0,0.5377932232841007,0.0,80734.0,0.0,0.0,0.0,0.0,0.0,0.0,0.0,0.46220677671589927
