case_number,year,application_start_date,final_date,gross_site_area_acres,council_district,is_protested,delta_max_height_ft,delta_max_far,delta_max_bldg_cov_pct,delta_min_lot_sqft,delta_max_height_ft_is_missing,delta_max_far_is_missing,delta_max_bldg_cov_pct_is_missing,delta_min_lot_sqft_is_missing
C14-01-0038,,,,0.0,,,,,,,1,1,1,1
C14-2007-0131,2007.0,2007-07-30,,0.746,1.0,1.0,25.0,1.6,55.0,0.0,0,0,0,0
C14-2007-0144,2007.0,2007-08-10,,1.265,9.0,1.0,340.0,7.0,40.0,-5750.0,0,0,0,0
C14-2007-0259,2007.0,2007-12-17,,38.84,,1.0,,,,,1,1,1,1
C14-2008-0016,2008.0,,,0.0,,,,,,,1,1,1,1
C14-2008-0025,2008.0,2008-01-28,,0.615,5.0,1.0,25.0,0.65,20.0,0.0,0,0,0,0
C14-2008-0031,2008.0,2008-02-01,,108.0,,1.0,,,,,1,1,1,1
C14-2008-0052,2008.0,2008-02-25,,0.517,5.0,1.0,25.0,1.65,55.0,0.0,0,0,0,0
C14-2008-0057.SH,2008.0,2008-02-27,,0.0,4.0,,5.0,0.35,15.0,2250.0,0,0,0,0
C14-2008-0060,2008.0,2008-02-29,,124.83,,1.0,,,,,1,1,1,1
C14-2008-0066,2008.0,2008-03-04,,5.99,8.0,1.0,0.0,0.25,25.0,-37810.0,0,0,0,0
C14-2008-0088,2008.0,2008-04-11,,0.0,,1.0,,,,,1,1,1,1
C14-2008-0099,2008.0,2008-05-05,,1.0,1.0,1.0,25.0,0.6,35.0,0.0,0,0,0,0
C14-2008-0112,2008.0,2008-05-12,,0.19,5.0,1.0,25.0,0.6,35.0,0.0,0,0,0,0
C14-2008-0113,2008.0,2008-05-14,,0.1147,3.0,1.0,0.0,1.0,35.0,0.0,0,0,0,0
C14-2008-0115,2008.0,2008-05-16,,2.15,8.0,1.0,5.0,0.15,10.0,0.0,0,0,0,0
C14-2008-0131,2008.0,2008-06-06,,7.4,7.0,1.0,20.0,0.5,10.0,0.0,0,0,0,0
C14-2008-0151,2008.0,2008-07-15,,0.0,10.0,1.0,25.0,0.65,35.0,0.0,0,0,0,0
C14-2008-0154,2008.0,2008-07-16,,1.44,1.0,1.0,30.0,2.0,5.0,2250.0,0,0,0,0
C14-2008-0156,2008.0,2008-07-21,,0.0,,1.0,0.0,0.0,0.0,0.0,0,0,0,0
C14-2008-0162,2008.0,2008-07-28,,0.957,9.0,1.0,5.0,0.35,15.0,2250.0,0,0,0,0
C14-2008-0166,2008.0,2008-07-30,,0.746,1.0,1.0,25.0,0.6,35.0,0.0,0,0,0,0
C14-2008-0171,2008.0,2008-07-31,,0.2,9.0,1.0,5.0,0.2999999999999999,10.0,0.0,0,0,0,0
C14-2008-0175,2008.0,2008-08-01,,0.1955,4.0,1.0,-25.0,-0.6,-35.0,0.0,0,0,0,0
C14-2008-0184,2008.0,2008-08-04,,0.3059,10.0,1.0,5.0,0.0999999999999999,5.0,2250.0,0,0,0,0
C14-2008-0223,2008.0,2008-10-24,,0.08,9.0,1.0,0.0,0.0,0.0,0.0,0,0,0,0
C14-2008-0247,2008.0,2008-12-15,,0.1489,3.0,1.0,0.0,0.0,0.0,0.0,0,0,0,0
C14-2009-0028,2009.0,2009-02-27,,0.165,3.0,1.0,25.0,1.6,55.0,0.0,0,0,0,0
C14-2009-0031,2009.0,2009-03-03,,0.48,3.0,1.0,0.0,0.05,0.0,0.0,0,0,0,0
C14-2009-0032,2009.0,2009-03-04,,2.0117,9.0,1.0,25.0,1.6,55.0,0.0,0,0,0,0
C14-2009-0059,2009.0,2009-06-02,,0.22,3.0,1.0,25.0,0.6,20.0,0.0,0,0,0,0
C14-2009-0077,2009.0,2009-07-16,,0.48,10.0,1.0,-20.0,-1.25,-40.0,2250.0,0,0,0,0
C14-2009-0099,2009.0,,,0.0,,,,,,,1,1,1,1
C14-2009-0102,2009.0,2009-09-01,2012-02-08 11:42:55,0.0,,1.0,,,,,1,1,1,1
C14-2009-0106,2009.0,2009-09-03,2012-02-08 11:47:16,23.98,,,,,,,1,1,1,1
C14-2009-0168,2009.0,2009-12-31,2012-03-06 16:22:47,4.89,10.0,1.0,20.0,1.3,45.0,0.0,0,0,0,0
C14-2010-0017,2010.0,2010-02-17,2012-03-20 10:18:02,6.689,10.0,1.0,0.0,0.0,0.0,0.0,0,0,0,0
C14-2010-0025,2010.0,2010-02-26,,1.011,7.0,0.0,25.0,1.6,55.0,0.0,0,0,0,0
C14-2010-0034,2010.0,2010-03-17,,8.21,5.0,1.0,0.0,0.0,0.0,0.0,0,0,0,0
C14-2010-0039,2010.0,2010-03-25,,0.46,9.0,1.0,0.0,0.0999999999999999,15.0,0.0,0,0,0,0
C14-2010-0045,2010.0,2010-04-07,,8.06,7.0,0.0,5.0,0.35,15.0,2250.0,0,0,0,0
C14-2010-0048,2010.0,2010-04-14,,0.0,,1.0,,,,,1,1,1,1
C14-2010-0049,2010.0,2010-04-15,,669.83,,0.0,,,,,1,1,1,1
C14-2010-0051,2010.0,,,0.0,,0.0,,,,,1,1,1,1
C14-2010-0052,2010.0,2010-04-21,,18.357,,1.0,,,,,1,1,1,1
C14-2010-0077,2010.0,2010-05-17,,0.0,5.0,1.0,5.0,0.2999999999999999,10.0,0.0,0,0,0,0
C14-2010-0079,2010.0,2010-05-24,,0.0,9.0,1.0,0.0,0.0,0.0,0.0,0,0,0,0
C14-2010-0084,2010.0,2010-06-02,,0.229,2.0,0.0,25.0,1.65,55.0,0.0,0,0,0,0
C14-2010-0101,2010.0,2010-06-25,2012-03-20 12:06:03,0.418,9.0,1.0,25.0,0.6,20.0,0.0,0,0,0,0
C14-2010-0113,2010.0,2010-06-30,2012-03-20 16:44:02,0.358,9.0,0.0,-5.0,-0.4,-20.0,-2250.0,0,0,0,0
C14-2010-0122,2010.0,2010-07-16,,0.06,5.0,1.0,0.0,0.0,0.0,0.0,0,0,0,0
C14-2010-0143,2010.0,2010-08-10,2012-04-20 13:19:05,1.68,3.0,0.0,0.0,0.0999999999999999,10.0,-3250.0,0,0,0,0
C14-2010-0191.SH,2010.0,2010-11-05,2012-06-07 16:39:59,3.081,3.0,,0.0,0.0,0.0,0.0,0,0,0,0
C14-2010-0199,2010.0,2010-12-01,2012-07-12 15:31:01,1.58,2.0,1.0,25.0,1.65,55.0,0.0,0,0,0,0
C14-2010-0204,2010.0,2010-12-09,2012-08-28 10:33:11,22.231,,1.0,-25.0,-1.55,-50.0,-2150.0,0,0,0,0
C14-2010-0206,2010.0,2010-12-29,2011-12-16 13:38:40,0.512,9.0,1.0,20.0,0.3,10.0,0.0,0,0,0,0
C14-2011-0032,2011.0,2011-04-04,,0.45,9.0,1.0,,,,,1,1,1,1
C14-2011-0054,2011.0,2011-05-18,,3.88,10.0,1.0,,,,,1,1,1,1
C14-2011-0058,2011.0,2011-05-27,2012-01-19 10:38:53,0.44,9.0,1.0,0.0,1.0,35.0,0.0,0,0,0,0
C14-2011-0133,2011.0,2011-10-04,2013-02-05 12:02:32,2.16,9.0,1.0,20.0,0.3,10.0,0.0,0,0,0,0
C14-2011-0134,2011.0,2011-10-04,,0.83,9.0,1.0,20.0,0.3,10.0,0.0,0,0,0,0
C14-2011-0141,2011.0,2011-10-20,,9.51,,1.0,0.0,0.25,25.0,-37810.0,0,0,0,0
C14-2012-0020,2012.0,2012-02-15,,6.399,,0.0,0.0,0.0,0.0,0.0,0,0,0,0
C14-2012-0052,2012.0,2012-05-14,2013-01-07 08:22:31,0.0,7.0,1.0,55.0,2.6,40.0,2250.0,0,0,0,0
C14-2012-0067,2012.0,2012-06-25,,10.65,3.0,1.0,-20.0,-1.25,-40.0,2250.0,0,0,0,0
C14-2012-0083,2012.0,2012-07-12,,1.8398,9.0,1.0,0.0,0.0,0.0,0.0,0,0,0,0
C14-2012-0097,2012.0,2012-08-03,,0.1,7.0,1.0,0.0,0.0,0.0,0.0,0,0,0,0
C14-2012-0100,2012.0,2012-08-15,,1.465,,0.0,0.0,1.0,20.0,0.0,0,0,0,0
C14-2012-0109,2012.0,2012-08-31,,2.297,5.0,1.0,0.0,0.0,0.0,0.0,0,0,0,0
C14-2012-0116,2012.0,2012-09-17,,0.387,9.0,1.0,0.0,0.0,15.0,0.0,0,0,0,0
C14-2012-0130,2012.0,2012-10-17,,0.811,9.0,1.0,0.0,0.0,0.0,0.0,0,0,0,0
C14-2012-0140,2012.0,2012-11-01,,2.59,,1.0,,,,,1,1,1,1
C14-2013-0022,2013.0,2013-02-28,2014-05-19 15:23:48,0.9513,9.0,1.0,25.0,0.6,35.0,0.0,0,0,0,0
C14-2013-0031,2013.0,2013-03-14,,1.06,5.0,1.0,0.0,0.0999999999999999,15.0,0.0,0,0,0,0
C14-2013-0034,2013.0,2013-03-18,,0.3277,,1.0,20.0,0.5,25.0,0.0,0,0,0,0
C14-2013-0040,2013.0,2013-03-26,,9.862,9.0,1.0,25.0,0.6,35.0,0.0,0,0,0,0
C14-2013-0053,2013.0,2013-05-15,,22.73,5.0,1.0,0.0,0.15,5.0,0.0,0,0,0,0
C14-2013-0060,2013.0,2013-05-24,,1.834,2.0,1.0,0.0,0.0,0.0,0.0,0,0,0,0
C14-2013-0087,2013.0,2013-07-12,2014-01-29 16:00:58,0.0,9.0,1.0,80.0,4.3,50.0,-5750.0,0,0,0,0
C14-2013-0095,2013.0,2013-08-01,2013-11-21 15:21:35,0.3069,6.0,1.0,0.0,0.15,15.0,-33560.0,0,0,0,0
C14-2013-0096,2013.0,2013-08-01,2013-11-21 15:46:44,0.5734,6.0,1.0,0.0,0.15,15.0,-33560.0,0,0,0,0
C14-2013-0097,2013.0,2013-08-01,2013-11-21 16:06:34,0.9868,6.0,1.0,0.0,0.15,15.0,-33560.0,0,0,0,0
C14-2013-0098,2013.0,2013-08-01,2013-11-21 16:14:18,0.7292,6.0,1.0,0.0,0.15,15.0,-33560.0,0,0,0,0
C14-2013-0104,2013.0,2013-08-27,2013-12-11 09:28:23,0.24,9.0,1.0,5.0,0.2999999999999999,10.0,0.0,0,0,0,0
C14-2013-0107,2013.0,2013-08-28,,5.383,3.0,1.0,0.0,0.0,0.0,0.0,0,0,0,0
C14-2013-0126,2013.0,2013-09-25,,5.957,6.0,0.0,0.0,0.2,5.0,-4250.0,0,0,0,0
C14-2013-0158,2013.0,2013-12-31,2014-12-18 16:42:28,0.2535,9.0,1.0,0.0,0.0,0.0,0.0,0,0,0,0
C14-2014-0015,2014.0,2014-02-05,,0.2,10.0,1.0,0.0,0.0,0.0,0.0,0,0,0,0
C14-2014-0031.SH,2014.0,2014-02-25,2017-01-04 13:10:43,8.948,10.0,,5.0,0.0999999999999999,5.0,2250.0,0,0,0,0
C14-2014-0036,2014.0,2014-02-27,,2.275,7.0,1.0,25.0,0.6,20.0,0.0,0,0,0,0
C14-2014-0047,2014.0,2014-03-31,,23.49,10.0,1.0,25.0,0.65,20.0,0.0,0,0,0,0
C14-2014-0070,2014.0,2014-05-05,2014-09-15 09:52:57,1.0,3.0,1.0,0.0,0.0999999999999999,15.0,0.0,0,0,0,0
C14-2014-0120,2014.0,,,0.0,,,,,,,1,1,1,1
C14-2014-0123,2014.0,2014-07-23,,0.0,3.0,0.0,0.0,0.0,0.0,0.0,0,0,0,0
C14-2014-0127,2014.0,2014-07-30,,0.0,,1.0,0.0,0.0,0.0,0.0,0,0,0,0
C14-2014-0159,2014.0,2014-09-19,,0.0,3.0,1.0,,,,,1,1,1,1
C14-2014-0178,2014.0,2014-10-24,2015-05-08 16:54:19,4.283,10.0,1.0,5.0,0.35,10.0,0.0,0,0,0,0
C14-2014-0193,2014.0,2014-12-01,,34.2,7.0,1.0,-5.0,-0.2999999999999999,-10.0,0.0,0,0,0,0
C14-2014-0194,2014.0,2014-12-04,2016-01-04 16:50:44,0.0,3.0,1.0,25.0,0.6,35.0,0.0,0,0,0,0
C14-2015-0001,2015.0,2015-02-20,,7.02,1.0,1.0,5.0,0.1999999999999999,10.0,2250.0,0,0,0,0
C14-2015-0003,2015.0,2015-01-06,2016-03-07 15:01:37,0.0,2.0,1.0,0.0,-1.0,-20.0,0.0,0,0,0,0
C14-2015-0019,2015.0,2015-02-18,2015-09-10 10:34:49,2.93,,1.0,0.0,0.0,0.0,0.0,0,0,0,0
C14-2015-0025,2015.0,2015-02-27,,0.0,7.0,1.0,5.0,0.35,15.0,2250.0,0,0,0,0
C14-2015-0043,2015.0,2015-04-03,,0.0,3.0,1.0,0.0,1.0,20.0,0.0,0,0,0,0
C14-2015-0047,2015.0,2015-04-17,,3.561,5.0,1.0,0.0,0.0,0.0,0.0,0,0,0,0
C14-2015-0050,2015.0,2015-04-23,,0.0,4.0,0.0,5.0,0.0999999999999999,10.0,0.0,0,0,0,0
C14-2015-0074,2015.0,,,0.0,,,,,,,1,1,1,1
C14-2015-0086,2015.0,2015-07-01,,10.369,1.0,1.0,20.0,0.5,25.0,0.0,0,0,0,0
C14-2015-0093,2015.0,2015-07-13,,0.16,9.0,1.0,60.0,4.0,40.0,-5750.0,0,0,0,0
C14-2015-0094,2015.0,2015-07-13,,0.124,9.0,1.0,60.0,4.0,40.0,-5750.0,0,0,0,0
C14-2015-0104,2015.0,2015-07-29,2016-12-16 12:44:58,23.091,3.0,0.0,0.0,0.0,0.0,0.0,0,0,0,0
C14-2015-0105,2015.0,2015-07-30,,0.0,5.0,1.0,0.0,0.0,0.0,0.0,0,0,0,0
C14-2015-0106,2015.0,2015-07-30,,0.0,5.0,1.0,0.0,0.0,0.0,0.0,0,0,0,0
C14-2015-0119,2015.0,2015-08-25,2017-01-26 17:12:58,0.0,9.0,1.0,0.0,0.0,0.0,0.0,0,0,0,0
C14-2015-0160,2015.0,2015-12-07,,45.35,10.0,1.0,0.0,0.0,0.0,0.0,0,0,0,0
C14-2016-0023.SH,2016.0,2016-02-29,2017-03-01 16:43:05,0.0,7.0,,0.0,0.0,0.0,2250.0,0,0,0,0
C14-2016-0025,2016.0,2016-03-03,,0.0,1.0,1.0,0.0,0.0,0.0,0.0,0,0,0,0
C14-2016-0039,2016.0,2016-04-06,2017-03-23 15:34:47,0.0,5.0,0.0,0.0,-1.0,-35.0,2250.0,0,0,0,0
C14-2016-0063.SH,2016.0,2016-06-02,,0.0,3.0,,0.0,0.0,0.0,0.0,0,0,0,0
C14-2016-0064,2016.0,2016-06-15,,0.0,2.0,1.0,5.0,0.15,10.0,0.0,0,0,0,0
C14-2016-0077,2016.0,2016-07-18,,0.0,9.0,1.0,-25.0,-0.6,-35.0,0.0,0,0,0,0
C14-2016-0079,2016.0,2016-07-25,,0.0,3.0,0.0,0.0,0.0,0.0,0.0,0,0,0,0
C14-2016-0096,2016.0,2016-09-06,,0.0,10.0,1.0,20.0,0.3,10.0,0.0,0,0,0,0
C14-2016-0125,2016.0,2016-11-14,,0.0,1.0,1.0,0.0,0.0,0.0,0.0,0,0,0,0
C14-2017-0052,2017.0,2017-04-18,,0.0,10.0,1.0,0.0,0.0,0.0,0.0,0,0,0,0
C14-2017-0074,2017.0,2017-06-19,,0.0,9.0,1.0,60.0,4.0,40.0,-5750.0,0,0,0,0
C14-2017-0092,2017.0,2017-07-21,,0.0,1.0,1.0,0.0,0.0,0.0,0.0,0,0,0,0
C14-2017-0094,2017.0,2017-07-26,,0.0,3.0,0.0,25.0,0.6,35.0,0.0,0,0,0,0
C14-2017-0098,2017.0,2017-07-31,,0.0,3.0,1.0,0.0,0.0,0.0,0.0,0,0,0,0
C14-2017-0123,2017.0,2017-09-26,2018-05-15 16:13:41,0.0,5.0,1.0,5.0,0.35,10.0,0.0,0,0,0,0
C14-2018-0002,2018.0,2018-01-05,,11.92,1.0,1.0,25.0,1.65,55.0,0.0,0,0,0,0
C14-2018-0077,2018.0,2018-07-05,2019-02-08 11:07:28,0.0,1.0,1.0,0.0,0.05,0.0,0.0,0,0,0,0
C14-2018-0093,2018.0,2018-08-14,2019-04-02 11:07:03,0.0,3.0,1.0,0.0,0.0999999999999999,15.0,0.0,0,0,0,0
C14-2018-0096,2018.0,2018-08-17,,0.0,3.0,1.0,0.0,0.0999999999999999,15.0,0.0,0,0,0,0
C14-2018-0100.SH,2018.0,2018-08-22,2019-04-12 10:26:46,0.0,1.0,,25.0,0.6,20.0,2250.0,0,0,0,0
C14-2018-0121,2018.0,,,0.0,,,,,,,1,1,1,1
C14-2018-0124,2018.0,2018-10-09,,0.0,,1.0,0.0,0.05,20.0,-33560.0,0,0,0,0
C14-2018-0140,2018.0,2018-11-07,2019-06-18 09:27:23,0.0,4.0,1.0,0.0,0.0,0.0,0.0,0,0,0,0
C14-2018-0141,2018.0,2018-11-07,,0.0,5.0,1.0,0.0,-0.05,-5.0,0.0,0,0,0,0
C14-2018-0149,2018.0,2018-12-05,2019-04-25 16:34:52,0.0,1.0,0.0,0.0,0.0,0.0,0.0,0,0,0,0
C14-2018-0150,2018.0,2018-12-11,,0.0,9.0,1.0,5.0,0.2999999999999999,10.0,0.0,0,0,0,0
C14-2019-0007,2019.0,2019-01-16,2019-10-17 16:34:58,0.0,3.0,1.0,,,,,1,1,1,1
C14-2019-0011,2019.0,2019-01-15,,0.0,1.0,1.0,-25.0,-0.5,-25.0,-3250.0,0,0,0,0
C14-2019-0026,2019.0,2019-01-16,,0.0,3.0,1.0,0.0,0.0999999999999999,10.0,-3250.0,0,0,0,0
C14-2019-0027,2019.0,2019-01-15,,0.0,2.0,1.0,-25.0,-0.5,-25.0,-3250.0,0,0,0,0
C14-2019-0049,2019.0,2019-02-28,2019-12-06 09:18:07,0.0,10.0,1.0,0.0,-0.0999999999999999,0.0,-2250.0,0,0,0,0
C14-2019-0053,2019.0,2019-03-05,2020-02-20 14:49:48,0.0,7.0,1.0,0.0,-0.05,-5.0,0.0,0,0,0,0
C14-2019-0054,2019.0,2019-03-07,,0.0,5.0,1.0,0.0,0.1999999999999999,25.0,-37810.0,0,0,0,0
C14-2019-0078,2019.0,2019-05-20,,0.0,3.0,1.0,0.0,0.0,0.0,0.0,0,0,0,0
C14-2019-0090,2019.0,2019-06-21,,0.0,5.0,0.0,0.0,0.25,25.0,-37810.0,0,0,0,0
C14-2019-0098,2019.0,2019-07-23,,0.0,3.0,1.0,0.0,0.0,0.0,0.0,0,0,0,0
C14-2019-0103,2019.0,2019-07-31,2020-09-03 16:37:21,0.0,1.0,0.0,0.0,1.0,20.0,0.0,0,0,0,0
C14-2019-0164,2019.0,2019-12-05,,0.0,1.0,1.0,0.0,0.0,0.0,0.0,0,0,0,0
C14-2020-0022,2020.0,2020-01-30,2020-12-11 09:52:35,0.0,1.0,0.0,0.0,-0.0499999999999999,-5.0,2150.0,0,0,0,0
C14-2020-0023,2020.0,2020-02-21,2020-08-27 16:55:39,0.0,,1.0,0.0,0.0,-5.0,2250.0,0,0,0,0
C14-2020-0029,2020.0,2020-03-03,,0.0,3.0,1.0,55.0,2.6,40.0,2250.0,0,0,0,0
C14-2020-0030,2020.0,2020-03-03,2021-12-21 08:50:13,0.0,3.0,1.0,0.0,0.0,0.0,0.0,0,0,0,0
C14-2020-0031.SH,2020.0,2020-03-03,2020-10-01 16:07:33,0.0,1.0,,5.0,0.35,15.0,2250.0,0,0,0,0
C14-2020-0038,2020.0,2020-03-13,2020-10-29 10:17:07,0.0,3.0,1.0,0.0,0.0,0.0,0.0,0,0,0,0
C14-2020-0039,2020.0,2020-03-13,,0.0,3.0,1.0,0.0,0.0,0.0,0.0,0,0,0,0
C14-2020-0044,2020.0,2020-03-30,,0.0,3.0,1.0,0.0,0.0,0.0,0.0,0,0,0,0
C14-2020-0048,2020.0,2020-04-22,,0.0,9.0,0.0,-25.0,-0.65,-25.0,-2250.0,0,0,0,0
C14-2020-0067,2020.0,2020-06-12,,0.0,3.0,1.0,0.0,0.0,0.0,0.0,0,0,0,0
C14-2020-0075,2020.0,2020-07-07,2021-09-30 14:19:16,0.0,9.0,1.0,30.0,2.0,5.0,2250.0,0,0,0,0
C14-2020-0081,2020.0,2020-07-21,2022-06-16 18:34:37,0.0,9.0,1.0,0.0,-0.05,-5.0,0.0,0,0,0,0
C14-2020-0089,2020.0,2020-08-06,2021-08-26 18:27:06,0.0,1.0,0.0,0.0,0.0,0.0,0.0,0,0,0,0
C14-2020-0102,2020.0,2020-09-11,,0.0,8.0,1.0,5.0,0.6499999999999999,30.0,-37810.0,0,0,0,0
C14-2020-0112,2020.0,2020-10-02,2021-05-20 16:26:06,0.0,9.0,1.0,60.0,4.0,40.0,-5750.0,0,0,0,0
C14-2020-0121,2020.0,2020-10-23,2021-12-09 16:42:46,0.0,5.0,1.0,0.0,0.35,40.0,-37810.0,0,0,0,0
C14-2020-0143,2020.0,2020-12-08,,0.0,1.0,0.0,0.0,0.0,-15.0,2250.0,0,0,0,0
C14-2020-0146,2020.0,2020-12-14,2021-11-04 16:27:19,0.0,6.0,1.0,0.0,0.0,0.0,0.0,0,0,0,0
C14-2020-0147,2020.0,2020-11-23,,0.0,9.0,1.0,0.0,0.0,0.0,0.0,0,0,0,0
C14-2020-0151,2020.0,2020-12-21,2021-11-04 16:53:21,0.0,2.0,0.0,25.0,0.85,45.0,-35560.0,0,0,0,0
C14-2021-0007,2021.0,2020-10-01,2021-05-25 09:50:39,0.0,3.0,1.0,0.0,0.0,0.0,0.0,0,0,0,0
C14-2021-0008.SH,2021.0,2021-01-14,,0.0,3.0,,25.0,0.6,20.0,2250.0,0,0,0,0
C14-2021-0009,2021.0,2020-12-23,2022-01-28 13:27:50,0.0,9.0,1.0,30.0,1.0,-15.0,2250.0,0,0,0,0
C14-2021-0015,2021.0,2021-02-02,,0.0,3.0,0.0,30.0,1.0,-15.0,2250.0,0,0,0,0
C14-2021-0017,2021.0,2021-01-24,,0.0,1.0,1.0,0.0,0.0,0.0,0.0,0,0,0,0
C14-2021-0023.SH,2021.0,2021-03-03,,0.0,1.0,,25.0,0.95,55.0,-37810.0,0,0,0,0
C14-2021-0033,2021.0,2021-03-15,,0.0,,1.0,,,,,1,1,1,1
C14-2021-0037,2021.0,2021-03-16,,0.0,,1.0,,,,,1,1,1,1
C14-2021-0039,2021.0,2021-03-16,,0.0,4.0,1.0,25.0,0.6,20.0,2250.0,0,0,0,0
C14-2021-0050,2021.0,2021-03-24,,0.0,5.0,0.0,0.0,0.0,0.0,0.0,0,0,0,0
C14-2021-0055,2021.0,2021-03-16,,0.0,7.0,1.0,25.0,0.6,20.0,2250.0,0,0,0,0
C14-2021-0056,2021.0,2021-03-25,2021-08-04 14:14:18,0.0,5.0,0.0,5.0,0.4,15.0,2250.0,0,0,0,0
C14-2021-0081,2021.0,2021-04-20,2021-11-18 19:35:17,0.0,9.0,0.0,0.0,-1.0,-20.0,0.0,0,0,0,0
C14-2021-0082,2021.0,2021-04-22,,0.0,1.0,0.0,0.0,0.0,0.0,0.0,0,0,0,0
C14-2021-0100,2021.0,2021-04-16,2021-11-04 16:45:28,0.0,10.0,0.0,50.0,2.5,30.0,2250.0,0,0,0,0
C14-2021-0117,2021.0,2021-07-08,2021-11-04 17:15:19,0.0,5.0,0.0,25.0,0.85,60.0,-37810.0,0,0,0,0
C14-2021-0119,2021.0,2021-07-11,,0.0,2.0,0.0,5.0,0.4499999999999999,35.0,-35560.0,0,0,0,0
C14-2021-0123,2021.0,2021-07-19,,0.0,2.0,0.0,25.0,0.85,60.0,-37810.0,0,0,0,0
C14-2021-0125,2021.0,2021-07-29,2022-04-18 10:16:02,0.0,3.0,0.0,25.0,1.6,55.0,0.0,0,0,0,0
C14-2021-0127,2021.0,2021-07-01,2022-01-27 17:04:03,0.0,1.0,1.0,0.0,0.15,15.0,0.0,0,0,0,0
C14-2021-0128,2021.0,2021-07-25,2022-03-08 18:31:31,0.0,3.0,1.0,0.0,0.0,0.0,0.0,0,0,0,0
C14-2021-0130,2021.0,2021-07-29,,0.0,,1.0,25.0,0.95,40.0,-37810.0,0,0,0,0
C14-2021-0136,2021.0,2021-07-28,,0.0,5.0,0.0,0.0,0.05,0.0,0.0,0,0,0,0
C14-2021-0137,2021.0,2021-08-19,,0.0,10.0,0.0,20.0,1.5,45.0,0.0,0,0,0,0
C14-2021-0139,2021.0,2021-08-04,2022-08-23 20:30:05,0.0,9.0,1.0,5.0,0.1999999999999999,10.0,2250.0,0,0,0,0
C14-2021-0141,2021.0,2021-09-03,,0.0,1.0,1.0,0.0,0.1,5.0,-2150.0,0,0,0,0
C14-2021-0150,2021.0,2021-09-03,2022-07-28 16:14:23,0.0,5.0,0.0,5.0,0.1999999999999999,10.0,2250.0,0,0,0,0
C14-2021-0161,2021.0,2021-09-17,2022-12-01 12:29:18,0.0,5.0,0.0,20.0,0.3,10.0,2250.0,0,0,0,0
C14-2021-0183,2021.0,2021-11-16,,0.0,9.0,1.0,5.0,0.0999999999999999,10.0,0.0,0,0,0,0
C14-2021-0193,2021.0,2021-12-15,2022-07-28 16:52:54,0.0,2.0,0.0,0.0,0.0,0.0,0.0,0,0,0,0
C14-2022-0004,2022.0,2022-01-07,,0.0,5.0,0.0,0.0,0.25,25.0,-37810.0,0,0,0,0
C14-2022-0008.SH,2022.0,2022-01-12,2022-07-28 17:40:29,0.0,1.0,,25.0,0.6,20.0,2250.0,0,0,0,0
C14-2022-0010,2022.0,2022-01-20,,0.0,10.0,0.0,25.0,0.65,25.0,0.0,0,0,0,0
C14-2022-0018.SH,2022.0,2022-02-17,,0.0,4.0,,20.0,1.25,40.0,-2250.0,0,0,0,0
C14-2022-0033,2022.0,2022-02-10,,0.0,2.0,0.0,5.0,0.4499999999999999,35.0,-35560.0,0,0,0,0
C14-2022-0047,2022.0,2022-03-31,,0.0,9.0,0.0,-25.0,-0.55,-15.0,-4400.0,0,0,0,0
C14-2022-0056,2022.0,2022-05-02,,0.0,5.0,0.0,0.0,0.25,25.0,-37810.0,0,0,0,0
C14-2022-0067,2022.0,2022-05-23,2022-10-27 18:52:45,0.0,2.0,0.0,0.0,-0.0499999999999999,-5.0,2150.0,0,0,0,0
C14-2022-0076,2022.0,2022-06-07,2023-04-21 16:03:38,0.0,9.0,1.0,,,,,1,1,1,1
C14-2022-0077,2022.0,2022-06-01,2022-12-01 18:54:26,0.0,2.0,0.0,0.0,1.0,20.0,0.0,0,0,0,0
C14-2022-0084,2022.0,2022-06-17,,0.0,9.0,0.0,5.0,0.35,15.0,2250.0,0,0,0,0
C14-2022-0095,2022.0,,,0.0,,,,,,,1,1,1,1
C14-2022-0114,2022.0,2022-08-17,2023-11-14 15:09:04,0.0,3.0,1.0,-25.0,-1.6,-55.0,0.0,0,0,0,0
C14-2022-0133,2022.0,2022-09-14,,0.0,1.0,1.0,25.0,0.65,20.0,2250.0,0,0,0,0
C14-2022-0150,2022.0,2022-08-19,2023-11-14 15:18:30,0.0,1.0,1.0,0.0,0.0,0.0,0.0,0,0,0,0
C14-2023-0004,2023.0,2022-11-21,,0.0,5.0,1.0,0.0,0.05,0.0,0.0,0,0,0,0
C14-2023-0006,2023.0,2022-11-21,,0.0,5.0,1.0,0.0,-0.0999999999999999,-10.0,3250.0,0,0,0,0
C14-2023-0007.SH,2023.0,2023-01-19,,0.0,2.0,,20.0,0.5,25.0,0.0,0,0,0,0
C14-2023-0014,2023.0,2022-11-29,,0.0,5.0,1.0,0.0,0.25,25.0,-37810.0,0,0,0,0
C14-2023-0032,2023.0,2023-03-13,,0.0,5.0,1.0,0.0,0.0,0.0,0.0,0,0,0,0
C14-2023-0034,2023.0,2023-03-14,,0.0,,1.0,25.0,1.65,55.0,0.0,0,0,0,0
C14-2023-0035,2023.0,2022-12-01,2024-03-01 13:46:16,0.0,4.0,1.0,25.0,0.6,35.0,0.0,0,0,0,0
C14-2023-0077,2023.0,2023-06-12,,0.0,7.0,1.0,0.0,0.0,0.0,0.0,0,0,0,0
C14-2023-0083,2023.0,2023-04-25,,0.0,10.0,1.0,0.0,0.05,0.0,0.0,0,0,0,0
C14-2023-0114,2023.0,2023-09-21,,0.0,9.0,0.0,0.0,0.0,0.0,0.0,0,0,0,0
C14-2023-0119,2023.0,2023-09-22,2024-04-22 15:45:57,0.0,3.0,0.0,0.0,0.0,0.0,0.0,0,0,0,0
C14-2023-0126,2023.0,2023-10-12,,0.0,10.0,0.0,0.0,0.05,5.0,2250.0,0,0,0,0
C14-2023-0141.SH,2023.0,2023-10-19,2024-08-29 17:15:48,0.0,1.0,,5.0,0.1999999999999999,10.0,2250.0,0,0,0,0
C14-2023-0153,2023.0,2023-12-06,2024-11-21 15:49:02,0.0,3.0,1.0,,,,,1,1,1,1
C14-2023-0154,2023.0,2023-12-04,,0.0,6.0,1.0,0.0,0.25,25.0,-37810.0,0,0,0,0
C14-2024-0019.SH,2024.0,2024-02-21,2024-08-30 13:20:31,0.0,3.0,,,,,,1,1,1,1
C14-2024-0051,2024.0,2024-03-25,,0.0,10.0,1.0,25.0,0.6,20.0,0.0,0,0,0,0
C14-2024-0059,2024.0,2024-04-12,,0.0,10.0,1.0,,,,,1,1,1,1
C14-2024-0070,2024.0,2024-04-24,,0.0,1.0,0.0,0.0,0.0,0.0,0.0,0,0,0,0
C14-2024-0071,2024.0,2024-04-26,,0.0,5.0,0.0,0.0,0.0,0.0,0.0,0,0,0,0
C14-2024-0080,2024.0,2024-04-30,,0.0,4.0,0.0,0.0,0.0,0.0,0.0,0,0,0,0
C14-2024-0104,2024.0,2024-06-13,,0.0,1.0,1.0,25.0,0.6,35.0,0.0,0,0,0,0
C14-2024-0109,2024.0,2024-06-14,,0.0,1.0,1.0,,,,,1,1,1,1
C14-2024-0122,2024.0,2024-08-09,,0.0,1.0,1.0,25.0,0.6,20.0,0.0,0,0,0,0
C14-96-0003,,1996-01-08,,0.0,,,,,,,1,1,1,1
C14-99-0069,,1999-04-29,,0.0,9.0,,,,,,1,1,1,1
C14H-2010-0006,2010.0,2010-02-10,,0.0,9.0,1.0,,,,,1,1,1,1
C14H-2010-0019,2010.0,2010-04-29,,0.0,9.0,1.0,,,,,1,1,1,1
C14H-2014-0014,2014.0,2014-10-28,,0.0,9.0,1.0,,,,,1,1,1,1
C14H-2015-0006,2015.0,2015-06-02,,0.0,5.0,1.0,0.0,0.0,0.0,0.0,0,0,0,0
C14H-2018-0013,2018.0,2018-01-29,2018-09-06 12:13:55,0.0,9.0,1.0,,,,,1,1,1,1
C14H-2018-0084,2018.0,2018-07-17,,0.0,10.0,1.0,0.0,0.0,0.0,0.0,0,0,0,0
C14H-2019-0077,2019.0,2019-05-03,2019-06-28 14:32:50,0.0,3.0,1.0,0.0,0.0,0.0,0.0,0,0,0,0
C14H-2021-0164,2021.0,2021-10-06,,0.0,7.0,1.0,0.0,0.0,0.0,0.0,0,0,0,0
