Anchor,Offset,TestYear,Topology,Target_Binning,Architecture,Metric,Score
2018,+1yr,2018,Base_Regression,Absolute_Continuous,LGBM_Depth6,MdAPE,0.28478038214827356
2018,+1yr,2018,Meta_Regression,Absolute_Continuous,LGBM_Depth6,MdAPE,0.6062143167543003
2018,+1yr,2018,Base_Regression,Absolute_Continuous,LGBM_Depth10,MdAPE,0.4764063956635817
2018,+1yr,2018,Meta_Regression,Absolute_Continuous,LGBM_Depth10,MdAPE,0.61631204983357
2018,+1yr,2018,Base_Regression,Absolute_Continuous,XGB_Depth6,MdAPE,0.8406459503679825
2018,+1yr,2018,Meta_Regression,Absolute_Continuous,XGB_Depth6,MdAPE,0.8768767811187351
2018,+1yr,2018,Base_Regression,Absolute_Continuous,CAT_Depth6,MdAPE,0.32956584995813576
2018,+1yr,2018,Meta_Regression,Absolute_Continuous,CAT_Depth6,MdAPE,0.5368323175370685
2018,+1yr,2018,Base_Classifier,Boolean_Legal,LGBM_Depth6,PR-AUC,0.6204325089479551
2018,+1yr,2018,Meta_Classifier,Boolean_Legal,LGBM_Depth6,PR-AUC,0.6381207999589599
2018,+1yr,2018,Base_Classifier,Boolean_Legal,XGB_Depth6,PR-AUC,0.5957199167821318
2018,+1yr,2018,Meta_Classifier,Boolean_Legal,XGB_Depth6,PR-AUC,0.6646912936143893
2018,+1yr,2018,Base_Classifier,Boolean_Legal,CAT_Depth6,PR-AUC,0.8933776318362558
2018,+1yr,2018,Meta_Classifier,Boolean_Legal,CAT_Depth6,PR-AUC,0.6652147194910352
2018,+2yr,2019,Base_Regression,Absolute_Continuous,LGBM_Depth6,MdAPE,0.3787167532315467
2018,+2yr,2019,Meta_Regression,Absolute_Continuous,LGBM_Depth6,MdAPE,0.5764313229914013
2018,+2yr,2019,Base_Regression,Absolute_Continuous,LGBM_Depth10,MdAPE,0.37566460942708635
2018,+2yr,2019,Meta_Regression,Absolute_Continuous,LGBM_Depth10,MdAPE,0.8329219022462762
2018,+2yr,2019,Base_Regression,Absolute_Continuous,XGB_Depth6,MdAPE,0.9262797608971596
2018,+2yr,2019,Meta_Regression,Absolute_Continuous,XGB_Depth6,MdAPE,0.9720568264534405
2018,+2yr,2019,Base_Regression,Absolute_Continuous,CAT_Depth6,MdAPE,0.7561931586223897
2018,+2yr,2019,Meta_Regression,Absolute_Continuous,CAT_Depth6,MdAPE,0.5112777808329636
2018,+2yr,2019,Base_Classifier,Boolean_Legal,LGBM_Depth6,PR-AUC,0.8217337246749012
2018,+2yr,2019,Meta_Classifier,Boolean_Legal,LGBM_Depth6,PR-AUC,0.8039592760180996
2018,+2yr,2019,Base_Classifier,Boolean_Legal,XGB_Depth6,PR-AUC,0.6442938881238115
2018,+2yr,2019,Meta_Classifier,Boolean_Legal,XGB_Depth6,PR-AUC,0.7449486559951677
2018,+2yr,2019,Base_Classifier,Boolean_Legal,CAT_Depth6,PR-AUC,0.3659194971694971
2018,+2yr,2019,Meta_Classifier,Boolean_Legal,CAT_Depth6,PR-AUC,0.8349212191317454
2018,+3yr,2020,Base_Regression,Absolute_Continuous,LGBM_Depth6,MdAPE,0.6990638958511386
2018,+3yr,2020,Meta_Regression,Absolute_Continuous,LGBM_Depth6,MdAPE,0.6135124781427759
2018,+3yr,2020,Base_Regression,Absolute_Continuous,LGBM_Depth10,MdAPE,0.7092507945652723
2018,+3yr,2020,Meta_Regression,Absolute_Continuous,LGBM_Depth10,MdAPE,0.7310336518759488
2018,+3yr,2020,Base_Regression,Absolute_Continuous,XGB_Depth6,MdAPE,0.9688663523205939
2018,+3yr,2020,Meta_Regression,Absolute_Continuous,XGB_Depth6,MdAPE,0.8214552413902947
2018,+3yr,2020,Base_Regression,Absolute_Continuous,CAT_Depth6,MdAPE,0.6421284976362756
2018,+3yr,2020,Meta_Regression,Absolute_Continuous,CAT_Depth6,MdAPE,0.6008066436386557
2018,+3yr,2020,Base_Classifier,Boolean_Legal,LGBM_Depth6,PR-AUC,0.39920439545756176
2018,+3yr,2020,Meta_Classifier,Boolean_Legal,LGBM_Depth6,PR-AUC,0.4549247667563175
2018,+3yr,2020,Base_Classifier,Boolean_Legal,XGB_Depth6,PR-AUC,0.3931603351459811
2018,+3yr,2020,Meta_Classifier,Boolean_Legal,XGB_Depth6,PR-AUC,0.572562947967475
2018,+3yr,2020,Base_Classifier,Boolean_Legal,CAT_Depth6,PR-AUC,0.5507181571282331
2018,+3yr,2020,Meta_Classifier,Boolean_Legal,CAT_Depth6,PR-AUC,0.5186227515174884
2019,+1yr,2019,Base_Regression,Absolute_Continuous,LGBM_Depth6,MdAPE,0.6514596110514466
2019,+1yr,2019,Meta_Regression,Absolute_Continuous,LGBM_Depth6,MdAPE,0.6823758687735473
2019,+1yr,2019,Base_Regression,Absolute_Continuous,LGBM_Depth10,MdAPE,0.6615022161656263
2019,+1yr,2019,Meta_Regression,Absolute_Continuous,LGBM_Depth10,MdAPE,0.6732061721671948
2019,+1yr,2019,Base_Regression,Absolute_Continuous,XGB_Depth6,MdAPE,0.7418891839884423
2019,+1yr,2019,Meta_Regression,Absolute_Continuous,XGB_Depth6,MdAPE,0.8173244498871468
2019,+1yr,2019,Base_Regression,Absolute_Continuous,CAT_Depth6,MdAPE,0.26708877527576763
2019,+1yr,2019,Meta_Regression,Absolute_Continuous,CAT_Depth6,MdAPE,0.5427438452106392
2019,+1yr,2019,Base_Classifier,Boolean_Legal,LGBM_Depth6,PR-AUC,0.45284872132698223
2019,+1yr,2019,Meta_Classifier,Boolean_Legal,LGBM_Depth6,PR-AUC,0.5493917846859023
2019,+1yr,2019,Base_Classifier,Boolean_Legal,XGB_Depth6,PR-AUC,0.3708212352949195
2019,+1yr,2019,Meta_Classifier,Boolean_Legal,XGB_Depth6,PR-AUC,0.3770860549706704
2019,+1yr,2019,Base_Classifier,Boolean_Legal,CAT_Depth6,PR-AUC,0.3480126627185451
2019,+1yr,2019,Meta_Classifier,Boolean_Legal,CAT_Depth6,PR-AUC,0.6026938648396138
2019,+2yr,2020,Base_Regression,Absolute_Continuous,LGBM_Depth6,MdAPE,0.5398340429498945
2019,+2yr,2020,Meta_Regression,Absolute_Continuous,LGBM_Depth6,MdAPE,0.48428258471383656
2019,+2yr,2020,Base_Regression,Absolute_Continuous,LGBM_Depth10,MdAPE,0.5867493854099395
2019,+2yr,2020,Meta_Regression,Absolute_Continuous,LGBM_Depth10,MdAPE,0.5699880614523318
2019,+2yr,2020,Base_Regression,Absolute_Continuous,XGB_Depth6,MdAPE,0.9744602032005787
2019,+2yr,2020,Meta_Regression,Absolute_Continuous,XGB_Depth6,MdAPE,0.573914883295437
2019,+2yr,2020,Base_Regression,Absolute_Continuous,CAT_Depth6,MdAPE,0.6130594665308089
2019,+2yr,2020,Meta_Regression,Absolute_Continuous,CAT_Depth6,MdAPE,0.5246102149862527
2019,+2yr,2020,Base_Classifier,Boolean_Legal,LGBM_Depth6,PR-AUC,0.46429813638686424
2019,+2yr,2020,Meta_Classifier,Boolean_Legal,LGBM_Depth6,PR-AUC,0.5846820045982726
2019,+2yr,2020,Base_Classifier,Boolean_Legal,XGB_Depth6,PR-AUC,0.42681366972459006
2019,+2yr,2020,Meta_Classifier,Boolean_Legal,XGB_Depth6,PR-AUC,0.5384928203110021
2019,+2yr,2020,Base_Classifier,Boolean_Legal,CAT_Depth6,PR-AUC,0.43890816316935094
2019,+2yr,2020,Meta_Classifier,Boolean_Legal,CAT_Depth6,PR-AUC,0.5268216608422068
2019,+3yr,2021,Base_Regression,Absolute_Continuous,LGBM_Depth6,MdAPE,0.6575697261732927
2019,+3yr,2021,Meta_Regression,Absolute_Continuous,LGBM_Depth6,MdAPE,0.6505287023274147
2019,+3yr,2021,Base_Regression,Absolute_Continuous,LGBM_Depth10,MdAPE,0.6924212517220371
2019,+3yr,2021,Meta_Regression,Absolute_Continuous,LGBM_Depth10,MdAPE,0.6314280838320326
2019,+3yr,2021,Base_Regression,Absolute_Continuous,XGB_Depth6,MdAPE,0.8806159996601658
2019,+3yr,2021,Meta_Regression,Absolute_Continuous,XGB_Depth6,MdAPE,0.6447987006851303
2019,+3yr,2021,Base_Regression,Absolute_Continuous,CAT_Depth6,MdAPE,0.5767527177879389
2019,+3yr,2021,Meta_Regression,Absolute_Continuous,CAT_Depth6,MdAPE,0.6676745447304512
2019,+3yr,2021,Base_Classifier,Boolean_Legal,LGBM_Depth6,PR-AUC,0.2085251168584502
2019,+3yr,2021,Meta_Classifier,Boolean_Legal,LGBM_Depth6,PR-AUC,0.21903157844334314
2019,+3yr,2021,Base_Classifier,Boolean_Legal,XGB_Depth6,PR-AUC,0.16253601165419154
2019,+3yr,2021,Meta_Classifier,Boolean_Legal,XGB_Depth6,PR-AUC,0.17710046625487805
2019,+3yr,2021,Base_Classifier,Boolean_Legal,CAT_Depth6,PR-AUC,0.14518987299997532
2019,+3yr,2021,Meta_Classifier,Boolean_Legal,CAT_Depth6,PR-AUC,0.1948487786723081
2020,+1yr,2020,Base_Regression,Absolute_Continuous,LGBM_Depth6,MdAPE,0.5610314232047486
2020,+1yr,2020,Meta_Regression,Absolute_Continuous,LGBM_Depth6,MdAPE,0.7117761165539971
2020,+1yr,2020,Base_Regression,Absolute_Continuous,LGBM_Depth10,MdAPE,0.6381343816572667
2020,+1yr,2020,Meta_Regression,Absolute_Continuous,LGBM_Depth10,MdAPE,0.7474254833465038
2020,+1yr,2020,Base_Regression,Absolute_Continuous,XGB_Depth6,MdAPE,0.8986669160792085
2020,+1yr,2020,Meta_Regression,Absolute_Continuous,XGB_Depth6,MdAPE,0.7832735021222061
2020,+1yr,2020,Base_Regression,Absolute_Continuous,CAT_Depth6,MdAPE,0.5288271248056877
2020,+1yr,2020,Meta_Regression,Absolute_Continuous,CAT_Depth6,MdAPE,0.5279186484280822
2020,+1yr,2020,Base_Classifier,Boolean_Legal,LGBM_Depth6,PR-AUC,0.4314236481612643
2020,+1yr,2020,Meta_Classifier,Boolean_Legal,LGBM_Depth6,PR-AUC,0.4514103112522085
2020,+1yr,2020,Base_Classifier,Boolean_Legal,XGB_Depth6,PR-AUC,0.383457004095549
2020,+1yr,2020,Meta_Classifier,Boolean_Legal,XGB_Depth6,PR-AUC,0.5140586923474624
2020,+1yr,2020,Base_Classifier,Boolean_Legal,CAT_Depth6,PR-AUC,0.46126332430389627
2020,+1yr,2020,Meta_Classifier,Boolean_Legal,CAT_Depth6,PR-AUC,0.4395618157708369
2020,+2yr,2021,Base_Regression,Absolute_Continuous,LGBM_Depth6,MdAPE,0.5947651367928781
2020,+2yr,2021,Meta_Regression,Absolute_Continuous,LGBM_Depth6,MdAPE,0.7010353365697939
2020,+2yr,2021,Base_Regression,Absolute_Continuous,LGBM_Depth10,MdAPE,0.7049822104965147
2020,+2yr,2021,Meta_Regression,Absolute_Continuous,LGBM_Depth10,MdAPE,0.6198894578099365
2020,+2yr,2021,Base_Regression,Absolute_Continuous,XGB_Depth6,MdAPE,0.8163476276693615
2020,+2yr,2021,Meta_Regression,Absolute_Continuous,XGB_Depth6,MdAPE,0.7819866737349546
2020,+2yr,2021,Base_Regression,Absolute_Continuous,CAT_Depth6,MdAPE,0.7119879547195873
2020,+2yr,2021,Meta_Regression,Absolute_Continuous,CAT_Depth6,MdAPE,0.6322388466635245
2020,+2yr,2021,Base_Classifier,Boolean_Legal,LGBM_Depth6,PR-AUC,0.17459982703117716
2020,+2yr,2021,Meta_Classifier,Boolean_Legal,LGBM_Depth6,PR-AUC,0.14088362496375018
2020,+2yr,2021,Base_Classifier,Boolean_Legal,XGB_Depth6,PR-AUC,0.1450678458608994
2020,+2yr,2021,Meta_Classifier,Boolean_Legal,XGB_Depth6,PR-AUC,0.17320771269204366
2020,+2yr,2021,Base_Classifier,Boolean_Legal,CAT_Depth6,PR-AUC,0.15198154117759716
2020,+2yr,2021,Meta_Classifier,Boolean_Legal,CAT_Depth6,PR-AUC,0.3248313099943535
2020,+3yr,2022,Base_Regression,Absolute_Continuous,LGBM_Depth6,MdAPE,0.6652456596793598
2020,+3yr,2022,Meta_Regression,Absolute_Continuous,LGBM_Depth6,MdAPE,0.7207509960114431
2020,+3yr,2022,Base_Regression,Absolute_Continuous,LGBM_Depth10,MdAPE,0.7132609488895053
2020,+3yr,2022,Meta_Regression,Absolute_Continuous,LGBM_Depth10,MdAPE,0.7778702210539303
2020,+3yr,2022,Base_Regression,Absolute_Continuous,XGB_Depth6,MdAPE,0.8590879009238311
2020,+3yr,2022,Meta_Regression,Absolute_Continuous,XGB_Depth6,MdAPE,0.722655709475687
2020,+3yr,2022,Base_Regression,Absolute_Continuous,CAT_Depth6,MdAPE,0.863352762167652
2020,+3yr,2022,Meta_Regression,Absolute_Continuous,CAT_Depth6,MdAPE,0.8159011912193448
2020,+3yr,2022,Base_Classifier,Boolean_Legal,LGBM_Depth6,PR-AUC,0.14234006734006735
2020,+3yr,2022,Meta_Classifier,Boolean_Legal,LGBM_Depth6,PR-AUC,0.12215608465608464
2020,+3yr,2022,Base_Classifier,Boolean_Legal,XGB_Depth6,PR-AUC,0.1574915824915825
2020,+3yr,2022,Meta_Classifier,Boolean_Legal,XGB_Depth6,PR-AUC,0.1518874643874644
2020,+3yr,2022,Base_Classifier,Boolean_Legal,CAT_Depth6,PR-AUC,0.12095127095127095
2020,+3yr,2022,Meta_Classifier,Boolean_Legal,CAT_Depth6,PR-AUC,0.12432012432012433
2021,+1yr,2021,Base_Regression,Absolute_Continuous,LGBM_Depth6,MdAPE,0.6700404009753649
2021,+1yr,2021,Meta_Regression,Absolute_Continuous,LGBM_Depth6,MdAPE,0.6713183824625597
2021,+1yr,2021,Base_Regression,Absolute_Continuous,LGBM_Depth10,MdAPE,0.7103083035752589
2021,+1yr,2021,Meta_Regression,Absolute_Continuous,LGBM_Depth10,MdAPE,0.6118848381573303
2021,+1yr,2021,Base_Regression,Absolute_Continuous,XGB_Depth6,MdAPE,0.9362016254338079
2021,+1yr,2021,Meta_Regression,Absolute_Continuous,XGB_Depth6,MdAPE,0.8934803391978877
2021,+1yr,2021,Base_Regression,Absolute_Continuous,CAT_Depth6,MdAPE,0.6758088336588861
2021,+1yr,2021,Meta_Regression,Absolute_Continuous,CAT_Depth6,MdAPE,0.658563896422439
2021,+1yr,2021,Base_Classifier,Boolean_Legal,LGBM_Depth6,PR-AUC,0.1902684593988942
2021,+1yr,2021,Meta_Classifier,Boolean_Legal,LGBM_Depth6,PR-AUC,0.18362972776016256
2021,+1yr,2021,Base_Classifier,Boolean_Legal,XGB_Depth6,PR-AUC,0.20496844433864894
2021,+1yr,2021,Meta_Classifier,Boolean_Legal,XGB_Depth6,PR-AUC,0.2228881119167497
2021,+1yr,2021,Base_Classifier,Boolean_Legal,CAT_Depth6,PR-AUC,0.16582167832167832
2021,+1yr,2021,Meta_Classifier,Boolean_Legal,CAT_Depth6,PR-AUC,0.23941016504734647
2021,+2yr,2022,Base_Regression,Absolute_Continuous,LGBM_Depth6,MdAPE,0.7072777432423442
2021,+2yr,2022,Meta_Regression,Absolute_Continuous,LGBM_Depth6,MdAPE,0.6275339564967112
2021,+2yr,2022,Base_Regression,Absolute_Continuous,LGBM_Depth10,MdAPE,0.6588604336645181
2021,+2yr,2022,Meta_Regression,Absolute_Continuous,LGBM_Depth10,MdAPE,0.7060205838813629
2021,+2yr,2022,Base_Regression,Absolute_Continuous,XGB_Depth6,MdAPE,0.7786288085865648
2021,+2yr,2022,Meta_Regression,Absolute_Continuous,XGB_Depth6,MdAPE,0.8567458837543992
2021,+2yr,2022,Base_Regression,Absolute_Continuous,CAT_Depth6,MdAPE,0.9935996966839284
2021,+2yr,2022,Meta_Regression,Absolute_Continuous,CAT_Depth6,MdAPE,0.7767381499164816
2021,+2yr,2022,Base_Classifier,Boolean_Legal,LGBM_Depth6,PR-AUC,0.14465488215488218
2021,+2yr,2022,Meta_Classifier,Boolean_Legal,LGBM_Depth6,PR-AUC,0.15444925444925445
2021,+2yr,2022,Base_Classifier,Boolean_Legal,XGB_Depth6,PR-AUC,0.12915834165834167
2021,+2yr,2022,Meta_Classifier,Boolean_Legal,XGB_Depth6,PR-AUC,0.1419006919006919
2021,+2yr,2022,Base_Classifier,Boolean_Legal,CAT_Depth6,PR-AUC,0.1280941280941281
2021,+2yr,2022,Meta_Classifier,Boolean_Legal,CAT_Depth6,PR-AUC,0.13404234654234656
2021,+3yr,2023,Base_Regression,Absolute_Continuous,LGBM_Depth6,MdAPE,1.2780691759808644
2021,+3yr,2023,Meta_Regression,Absolute_Continuous,LGBM_Depth6,MdAPE,2.0482423665152973
2021,+3yr,2023,Base_Regression,Absolute_Continuous,LGBM_Depth10,MdAPE,0.8221214653929894
2021,+3yr,2023,Meta_Regression,Absolute_Continuous,LGBM_Depth10,MdAPE,1.826923400989096
2021,+3yr,2023,Base_Regression,Absolute_Continuous,XGB_Depth6,MdAPE,0.847035857082149
2021,+3yr,2023,Meta_Regression,Absolute_Continuous,XGB_Depth6,MdAPE,0.838951198033927
2021,+3yr,2023,Base_Regression,Absolute_Continuous,CAT_Depth6,MdAPE,1.1174811162233833
2021,+3yr,2023,Meta_Regression,Absolute_Continuous,CAT_Depth6,MdAPE,1.159452375134693
2021,+3yr,2023,Base_Classifier,Boolean_Legal,LGBM_Depth6,PR-AUC,0.4769047619047619
2021,+3yr,2023,Meta_Classifier,Boolean_Legal,LGBM_Depth6,PR-AUC,0.3704229104229104
2021,+3yr,2023,Base_Classifier,Boolean_Legal,XGB_Depth6,PR-AUC,0.42571428571428566
2021,+3yr,2023,Meta_Classifier,Boolean_Legal,XGB_Depth6,PR-AUC,0.5049908424908425
2021,+3yr,2023,Base_Classifier,Boolean_Legal,CAT_Depth6,PR-AUC,0.40509462759462755
2021,+3yr,2023,Meta_Classifier,Boolean_Legal,CAT_Depth6,PR-AUC,0.5814285714285714
2022,+1yr,2022,Base_Regression,Absolute_Continuous,LGBM_Depth6,MdAPE,0.6567131630498638
2022,+1yr,2022,Meta_Regression,Absolute_Continuous,LGBM_Depth6,MdAPE,0.9842692338487499
2022,+1yr,2022,Base_Regression,Absolute_Continuous,LGBM_Depth10,MdAPE,0.7292770903470681
2022,+1yr,2022,Meta_Regression,Absolute_Continuous,LGBM_Depth10,MdAPE,0.9835915022994702
2022,+1yr,2022,Base_Regression,Absolute_Continuous,XGB_Depth6,MdAPE,0.7802270771978108
2022,+1yr,2022,Meta_Regression,Absolute_Continuous,XGB_Depth6,MdAPE,0.9887762951816955
2022,+1yr,2022,Base_Regression,Absolute_Continuous,CAT_Depth6,MdAPE,0.7651215655819685
2022,+1yr,2022,Meta_Regression,Absolute_Continuous,CAT_Depth6,MdAPE,0.8946018936311966
2022,+1yr,2022,Base_Classifier,Boolean_Legal,LGBM_Depth6,PR-AUC,0.17632275132275133
2022,+1yr,2022,Meta_Classifier,Boolean_Legal,LGBM_Depth6,PR-AUC,0.11477411477411478
2022,+1yr,2022,Base_Classifier,Boolean_Legal,XGB_Depth6,PR-AUC,0.18196248196248194
2022,+1yr,2022,Meta_Classifier,Boolean_Legal,XGB_Depth6,PR-AUC,0.11710858585858586
2022,+1yr,2022,Base_Classifier,Boolean_Legal,CAT_Depth6,PR-AUC,0.13404234654234656
2022,+1yr,2022,Meta_Classifier,Boolean_Legal,CAT_Depth6,PR-AUC,0.12432012432012433
2022,+2yr,2023,Base_Regression,Absolute_Continuous,LGBM_Depth6,MdAPE,0.5609651470394565
2022,+2yr,2023,Meta_Regression,Absolute_Continuous,LGBM_Depth6,MdAPE,1.0834538942705965
2022,+2yr,2023,Base_Regression,Absolute_Continuous,LGBM_Depth10,MdAPE,0.6109000794250263
2022,+2yr,2023,Meta_Regression,Absolute_Continuous,LGBM_Depth10,MdAPE,1.011055489242096
2022,+2yr,2023,Base_Regression,Absolute_Continuous,XGB_Depth6,MdAPE,0.8970060773632106
2022,+2yr,2023,Meta_Regression,Absolute_Continuous,XGB_Depth6,MdAPE,0.714942297793136
2022,+2yr,2023,Base_Regression,Absolute_Continuous,CAT_Depth6,MdAPE,1.0409650999112685
2022,+2yr,2023,Meta_Regression,Absolute_Continuous,CAT_Depth6,MdAPE,0.5910715106663659
2022,+2yr,2023,Base_Classifier,Boolean_Legal,LGBM_Depth6,PR-AUC,0.4211688311688311
2022,+2yr,2023,Meta_Classifier,Boolean_Legal,LGBM_Depth6,PR-AUC,0.7031501831501832
2022,+2yr,2023,Base_Classifier,Boolean_Legal,XGB_Depth6,PR-AUC,0.5131501831501832
2022,+2yr,2023,Meta_Classifier,Boolean_Legal,XGB_Depth6,PR-AUC,0.6546520146520147
2022,+2yr,2023,Base_Classifier,Boolean_Legal,CAT_Depth6,PR-AUC,0.32616522366522366
2022,+2yr,2023,Meta_Classifier,Boolean_Legal,CAT_Depth6,PR-AUC,0.5595138195138195
2022,+3yr,2024,Base_Regression,Absolute_Continuous,LGBM_Depth6,MdAPE,0.555572143380937
2022,+3yr,2024,Meta_Regression,Absolute_Continuous,LGBM_Depth6,MdAPE,0.4183884674401406
2022,+3yr,2024,Base_Regression,Absolute_Continuous,LGBM_Depth10,MdAPE,0.7842384919051032
2022,+3yr,2024,Meta_Regression,Absolute_Continuous,LGBM_Depth10,MdAPE,0.3824370099917902
2022,+3yr,2024,Base_Regression,Absolute_Continuous,XGB_Depth6,MdAPE,0.8889657979210218
2022,+3yr,2024,Meta_Regression,Absolute_Continuous,XGB_Depth6,MdAPE,0.8897629877868688
2022,+3yr,2024,Base_Regression,Absolute_Continuous,CAT_Depth6,MdAPE,0.5780339992875023
2022,+3yr,2024,Meta_Regression,Absolute_Continuous,CAT_Depth6,MdAPE,0.7890901330088301
2022,+3yr,2024,Base_Classifier,Boolean_Legal,LGBM_Depth6,PR-AUC,0.42777777777777776
2022,+3yr,2024,Meta_Classifier,Boolean_Legal,LGBM_Depth6,PR-AUC,0.27142857142857146
2022,+3yr,2024,Base_Classifier,Boolean_Legal,XGB_Depth6,PR-AUC,0.3492063492063492
2022,+3yr,2024,Meta_Classifier,Boolean_Legal,XGB_Depth6,PR-AUC,0.3138888888888889
2022,+3yr,2024,Base_Classifier,Boolean_Legal,CAT_Depth6,PR-AUC,0.3138888888888889
2022,+3yr,2024,Meta_Classifier,Boolean_Legal,CAT_Depth6,PR-AUC,0.2992063492063492
2023,+1yr,2023,Base_Regression,Absolute_Continuous,LGBM_Depth6,MdAPE,0.6053772181625453
2023,+1yr,2023,Meta_Regression,Absolute_Continuous,LGBM_Depth6,MdAPE,0.5299782300908714
2023,+1yr,2023,Base_Regression,Absolute_Continuous,LGBM_Depth10,MdAPE,0.5523596761137575
2023,+1yr,2023,Meta_Regression,Absolute_Continuous,LGBM_Depth10,MdAPE,0.5798180060024549
2023,+1yr,2023,Base_Regression,Absolute_Continuous,XGB_Depth6,MdAPE,0.8334022110419987
2023,+1yr,2023,Meta_Regression,Absolute_Continuous,XGB_Depth6,MdAPE,0.7935872149694372
2023,+1yr,2023,Base_Regression,Absolute_Continuous,CAT_Depth6,MdAPE,0.5608205748927303
2023,+1yr,2023,Meta_Regression,Absolute_Continuous,CAT_Depth6,MdAPE,0.7703445411080143
2023,+1yr,2023,Base_Classifier,Boolean_Legal,LGBM_Depth6,PR-AUC,0.7543650793650793
2023,+1yr,2023,Meta_Classifier,Boolean_Legal,LGBM_Depth6,PR-AUC,0.8599999999999999
2023,+1yr,2023,Base_Classifier,Boolean_Legal,XGB_Depth6,PR-AUC,0.4090845265845266
2023,+1yr,2023,Meta_Classifier,Boolean_Legal,XGB_Depth6,PR-AUC,0.793150183150183
2023,+1yr,2023,Base_Classifier,Boolean_Legal,CAT_Depth6,PR-AUC,0.24434537684537683
2023,+1yr,2023,Meta_Classifier,Boolean_Legal,CAT_Depth6,PR-AUC,0.7738888888888888
2023,+2yr,2024,Base_Regression,Absolute_Continuous,LGBM_Depth6,MdAPE,0.5453576581535418
2023,+2yr,2024,Meta_Regression,Absolute_Continuous,LGBM_Depth6,MdAPE,0.695641743137054
2023,+2yr,2024,Base_Regression,Absolute_Continuous,LGBM_Depth10,MdAPE,0.8004174511777489
2023,+2yr,2024,Meta_Regression,Absolute_Continuous,LGBM_Depth10,MdAPE,0.796253560724437
2023,+2yr,2024,Base_Regression,Absolute_Continuous,XGB_Depth6,MdAPE,0.9797527010570157
2023,+2yr,2024,Meta_Regression,Absolute_Continuous,XGB_Depth6,MdAPE,0.8401198639637895
2023,+2yr,2024,Base_Regression,Absolute_Continuous,CAT_Depth6,MdAPE,0.5341438232475146
2023,+2yr,2024,Meta_Regression,Absolute_Continuous,CAT_Depth6,MdAPE,0.696952458129919
2023,+2yr,2024,Base_Classifier,Boolean_Legal,LGBM_Depth6,PR-AUC,0.3214285714285714
2023,+2yr,2024,Meta_Classifier,Boolean_Legal,LGBM_Depth6,PR-AUC,0.2908730158730159
2023,+2yr,2024,Base_Classifier,Boolean_Legal,XGB_Depth6,PR-AUC,0.25456349206349205
2023,+2yr,2024,Meta_Classifier,Boolean_Legal,XGB_Depth6,PR-AUC,0.34444444444444444
2023,+2yr,2024,Base_Classifier,Boolean_Legal,CAT_Depth6,PR-AUC,0.34444444444444444
2023,+2yr,2024,Meta_Classifier,Boolean_Legal,CAT_Depth6,PR-AUC,0.3186507936507937
