Base_Feature,Temporal_Offset,Importance
gross_site_area_acres,Base / Current,0.10196036735965319
council_district_x,Base / Current,0.07681100355193073
delta_max_bldg_cov_pct,Base / Current,0.011751301406728367
latitude,Base / Current,0.03566716169491629
year_built,Base / Current,0.0
land_acres,Base / Current,0.00014908184814060627
land_market_value,Base / Current,0.0
improvement_market_value,Base / Current,5.344536461720897e-07
appraised_value,Base / Current,0.0
lui_shape_area,Base / Current,0.0
acs_race_white,Base / Current,0.0
lui_land_use_tv,Base / Current,0.0
median_appraised_value,Base / Current,0.10408495882453607
mean_appraised_value,Base / Current,0.08554066877230938
std_appraised_value,Base / Current,0.100525260858072
median_structure_age,Base / Current,0.061327327918226725
median_neighbor_acreage,Base / Current,0.2368909410871093
median_neighbor_far,Base / Current,0.15020789912695087
owner_occupancy_share,Base / Current,0.25306229905654043
median_household_income,Base / Current,0.4268401915015569
renter_share,Base / Current,0.16033006689004545
appraised_value,Base / Current,0.01847901227661701
land_market_value,Base / Current,0.026789915464748227
improvement_market_value,Base / Current,0.0
year_built,Base / Current,0.040953345158869045
land_acres,Base / Current,0.030622384561366265
age,Base / Current,0.03252298031381318
race_hispanic,Base / Current,0.04454213925837472
poverty_count,Base / Current,0.02928000143364817
appraised_value,Base / Current,0.008626676430432637
land_market_value,Base / Current,0.03311408286487424
improvement_market_value,Base / Current,0.027604544711874356
year_built,Base / Current,0.014584867783323185
land_acres,Base / Current,0.057471154571441925
gross_site_area_acres,Lag 1 Yr,0.004094712986004804
delta_max_bldg_cov_pct,Lag 1 Yr,0.015082657669732736
latitude,Lag 1 Yr,0.0
year_built,Lag 1 Yr,0.0001896843408397712
land_acres,Lag 1 Yr,0.004029877154858252
land_market_value,Lag 1 Yr,0.0
improvement_market_value,Lag 1 Yr,0.0030007161870740616
appraised_value,Lag 1 Yr,0.023928579108555073
lui_shape_area,Lag 1 Yr,0.004278867934567941
acs_race_white,Lag 1 Yr,0.009965513537928091
lui_land_use_tv,Lag 1 Yr,0.0
spatial_contagion_1yr,Lag 1 Yr,0.05779840125020773
median_appraised_value,Lag 1 Yr,0.0
mean_appraised_value,Lag 1 Yr,0.0006431054678360817
std_appraised_value,Lag 1 Yr,0.004341266271021152
median_structure_age,Lag 1 Yr,0.0
median_neighbor_acreage,Lag 1 Yr,0.0
median_neighbor_far,Lag 1 Yr,0.007275871825855181
owner_occupancy_share,Lag 1 Yr,0.008627139412597446
median_household_income,Lag 1 Yr,0.013261629770351401
renter_share,Lag 1 Yr,0.004186279474705762
appraised_value,Lag 1 Yr,0.0
land_market_value,Lag 1 Yr,4.3040223181648483e-05
improvement_market_value,Lag 1 Yr,0.0
year_built,Lag 1 Yr,0.0003047053805035014
land_acres,Lag 1 Yr,0.0
age,Lag 1 Yr,0.00570187900624734
race_hispanic,Lag 1 Yr,0.004601297679500245
poverty_count,Lag 1 Yr,0.002583431962594457
appraised_value,Lag 1 Yr,0.018862852473797913
land_market_value,Lag 1 Yr,0.013006746967188268
improvement_market_value,Lag 1 Yr,0.0
year_built,Lag 1 Yr,0.019323948927730122
land_acres,Lag 1 Yr,0.0
gross_site_area_acres,Lag 2 Yr,0.0036828040656866337
delta_max_bldg_cov_pct,Lag 2 Yr,0.005019024169267113
latitude,Lag 2 Yr,0.007700718934929782
year_built,Lag 2 Yr,0.00022727600287451155
land_acres,Lag 2 Yr,0.0033270917054057094
land_market_value,Lag 2 Yr,0.007167366098800083
improvement_market_value,Lag 2 Yr,0.0058736067351330135
appraised_value,Lag 2 Yr,0.0
lui_shape_area,Lag 2 Yr,0.0
acs_race_white,Lag 2 Yr,0.0
lui_land_use_tv,Lag 2 Yr,0.0
spatial_contagion_1yr,Lag 2 Yr,0.0
median_appraised_value,Lag 2 Yr,0.019388468431984173
mean_appraised_value,Lag 2 Yr,0.0
std_appraised_value,Lag 2 Yr,0.0
median_structure_age,Lag 2 Yr,0.0
median_neighbor_acreage,Lag 2 Yr,0.005913933606372084
median_neighbor_far,Lag 2 Yr,0.0022924747510805477
owner_occupancy_share,Lag 2 Yr,0.022379876716184268
median_household_income,Lag 2 Yr,0.0
renter_share,Lag 2 Yr,0.0
appraised_value,Lag 2 Yr,0.0
land_market_value,Lag 2 Yr,2.9893974827112617e-05
improvement_market_value,Lag 2 Yr,0.0
year_built,Lag 2 Yr,0.012588953531373882
land_acres,Lag 2 Yr,0.0
age,Lag 2 Yr,0.0029399942126968203
race_hispanic,Lag 2 Yr,0.08573941156046405
poverty_count,Lag 2 Yr,0.0016538683730749494
appraised_value,Lag 2 Yr,0.060311755556012044
land_market_value,Lag 2 Yr,0.0005556643329523158
improvement_market_value,Lag 2 Yr,0.0028309376449808903
year_built,Lag 2 Yr,0.0028027065287664628
land_acres,Lag 2 Yr,0.0
gross_site_area_acres,Lag 3 Yr,0.006507054954257732
delta_max_bldg_cov_pct,Lag 3 Yr,0.003336927429025981
latitude,Lag 3 Yr,0.00024750431765486265
year_built,Lag 3 Yr,0.0
land_acres,Lag 3 Yr,0.0
land_market_value,Lag 3 Yr,0.0
improvement_market_value,Lag 3 Yr,0.0
appraised_value,Lag 3 Yr,0.0
lui_shape_area,Lag 3 Yr,0.0
acs_race_white,Lag 3 Yr,0.003768242757496127
lui_land_use_tv,Lag 3 Yr,0.05187197096438698
spatial_contagion_1yr,Lag 3 Yr,0.0
median_appraised_value,Lag 3 Yr,0.0
mean_appraised_value,Lag 3 Yr,0.0
std_appraised_value,Lag 3 Yr,0.01705236101803077
median_structure_age,Lag 3 Yr,0.0029839042610991973
median_neighbor_acreage,Lag 3 Yr,0.0
median_neighbor_far,Lag 3 Yr,0.0
owner_occupancy_share,Lag 3 Yr,0.0007182756440151754
median_household_income,Lag 3 Yr,0.0
renter_share,Lag 3 Yr,0.0010207076444813802
appraised_value,Lag 3 Yr,0.002193600394271014
land_market_value,Lag 3 Yr,0.0
improvement_market_value,Lag 3 Yr,0.0
year_built,Lag 3 Yr,0.0007656309275326524
land_acres,Lag 3 Yr,0.0
age,Lag 3 Yr,0.005187815737692173
race_hispanic,Lag 3 Yr,0.001909585628402256
poverty_count,Lag 3 Yr,0.0012849960217665541
appraised_value,Lag 3 Yr,0.0
land_market_value,Lag 3 Yr,0.0
improvement_market_value,Lag 3 Yr,0.003463353357547205
year_built,Lag 3 Yr,0.0
land_acres,Lag 3 Yr,0.0
gross_site_area_acres,Lag 4 Yr,0.018851343778363533
delta_max_bldg_cov_pct,Lag 4 Yr,0.028423646233548462
latitude,Lag 4 Yr,0.0
year_built,Lag 4 Yr,0.0
land_acres,Lag 4 Yr,0.0
land_market_value,Lag 4 Yr,0.027300286956539212
improvement_market_value,Lag 4 Yr,0.0
appraised_value,Lag 4 Yr,0.0
lui_shape_area,Lag 4 Yr,0.05204575368193675
acs_race_white,Lag 4 Yr,0.04311652519877038
lui_land_use_tv,Lag 4 Yr,0.03082508201243767
spatial_contagion_1yr,Lag 4 Yr,0.0291034562539758
median_appraised_value,Lag 4 Yr,0.0008643738242844852
mean_appraised_value,Lag 4 Yr,0.033222954921822555
std_appraised_value,Lag 4 Yr,0.0
median_structure_age,Lag 4 Yr,0.0
median_neighbor_acreage,Lag 4 Yr,0.0
median_neighbor_far,Lag 4 Yr,0.0017730701187493282
owner_occupancy_share,Lag 4 Yr,0.0006197441878672233
median_household_income,Lag 4 Yr,0.007239457522261399
renter_share,Lag 4 Yr,0.007084097210625155
appraised_value,Lag 4 Yr,0.0
land_market_value,Lag 4 Yr,0.0
improvement_market_value,Lag 4 Yr,0.0
year_built,Lag 4 Yr,0.006169555458392991
land_acres,Lag 4 Yr,0.011432647360037598
age,Lag 4 Yr,0.012041437126231047
race_hispanic,Lag 4 Yr,0.0
poverty_count,Lag 4 Yr,0.006461345555843689
appraised_value,Lag 4 Yr,0.0
land_market_value,Lag 4 Yr,0.0014548445541344571
improvement_market_value,Lag 4 Yr,0.0
year_built,Lag 4 Yr,0.0
land_acres,Lag 4 Yr,0.0
gross_site_area_acres,Lag 5 Yr,0.004097760336987474
delta_max_bldg_cov_pct,Lag 5 Yr,0.0019243623225992728
latitude,Lag 5 Yr,0.0
year_built,Lag 5 Yr,0.002018121142426123
land_acres,Lag 5 Yr,0.0
land_market_value,Lag 5 Yr,0.0
improvement_market_value,Lag 5 Yr,0.0
appraised_value,Lag 5 Yr,0.0
lui_shape_area,Lag 5 Yr,0.003957195324333623
acs_race_white,Lag 5 Yr,0.019224049266768354
lui_land_use_tv,Lag 5 Yr,0.0
spatial_contagion_1yr,Lag 5 Yr,0.0
median_appraised_value,Lag 5 Yr,0.012386882601883028
mean_appraised_value,Lag 5 Yr,0.000159317159577839
std_appraised_value,Lag 5 Yr,0.0033458120788974794
median_structure_age,Lag 5 Yr,0.014835060138032529
median_neighbor_acreage,Lag 5 Yr,0.0
median_neighbor_far,Lag 5 Yr,0.0
owner_occupancy_share,Lag 5 Yr,0.0
median_household_income,Lag 5 Yr,2.367632601237612e-05
renter_share,Lag 5 Yr,0.00551058802392633
appraised_value,Lag 5 Yr,0.0
land_market_value,Lag 5 Yr,0.0
improvement_market_value,Lag 5 Yr,0.0
year_built,Lag 5 Yr,0.0019152171555339799
land_acres,Lag 5 Yr,0.0
age,Lag 5 Yr,0.015594691862612127
race_hispanic,Lag 5 Yr,6.684499125713705e-05
poverty_count,Lag 5 Yr,0.0
appraised_value,Lag 5 Yr,0.0019604039336650206
land_market_value,Lag 5 Yr,0.01798194817187387
improvement_market_value,Lag 5 Yr,8.543427433129873e-05
year_built,Lag 5 Yr,0.0
land_acres,Lag 5 Yr,0.0
gross_site_area_acres,Lag 6 Yr,0.00017169031695363478
delta_max_bldg_cov_pct,Lag 6 Yr,0.0003511235784631521
latitude,Lag 6 Yr,0.03001693983046316
year_built,Lag 6 Yr,0.0
land_acres,Lag 6 Yr,0.0
land_market_value,Lag 6 Yr,0.0
improvement_market_value,Lag 6 Yr,0.0
appraised_value,Lag 6 Yr,0.0
lui_shape_area,Lag 6 Yr,0.007860646184026935
acs_race_white,Lag 6 Yr,0.0
lui_land_use_tv,Lag 6 Yr,0.0
spatial_contagion_1yr,Lag 6 Yr,0.0
median_appraised_value,Lag 6 Yr,0.0
mean_appraised_value,Lag 6 Yr,0.01586924036153654
std_appraised_value,Lag 6 Yr,0.027197498314634583
median_structure_age,Lag 6 Yr,0.0
median_neighbor_acreage,Lag 6 Yr,0.0
median_neighbor_far,Lag 6 Yr,0.03404448966886231
owner_occupancy_share,Lag 6 Yr,0.024991091701739385
median_household_income,Lag 6 Yr,0.0
renter_share,Lag 6 Yr,0.00010771169992209802
appraised_value,Lag 6 Yr,0.0
land_market_value,Lag 6 Yr,0.0
improvement_market_value,Lag 6 Yr,0.0
year_built,Lag 6 Yr,1.5562744400008632e-05
land_acres,Lag 6 Yr,0.01263846458289183
age,Lag 6 Yr,0.0012490608200523546
race_hispanic,Lag 6 Yr,0.017531206547829144
poverty_count,Lag 6 Yr,0.04863185030613816
appraised_value,Lag 6 Yr,0.0
land_market_value,Lag 6 Yr,0.024110906324641107
improvement_market_value,Lag 6 Yr,0.05541003769790895
year_built,Lag 6 Yr,3.305259078717882e-05
land_acres,Lag 6 Yr,0.0
