Model,Anchor,Evaluate_Year,PRAUC,Lift
CatBoost,Pre-2018,2018,0.0032738946334207814,4.3753263279502015
XGBoost,Pre-2018,2018,0.0022468559268703247,3.0027624565531266
Logistic (L2),Pre-2018,2018,0.013597295335116003,18.171813980001456
Spatial-FE Logistic,Pre-2018,2018,0.01180802323881115,15.780579628439758
Anchor Regression (Causal),Pre-2018,2018,0.00434348342482627,5.8047553484642505
Deep (MLP),Pre-2018,2018,0.003272627051712878,4.373632295539139
CatBoost,Pre-2018,2019,0.19345760233918133,338.002674220273
XGBoost,Pre-2018,2019,0.01459054912620376,25.492121081665672
Logistic (L2),Pre-2018,2019,0.003440009869277907,6.010270576606716
Spatial-FE Logistic,Pre-2018,2019,0.003426111400260334,5.985987634821513
Anchor Regression (Causal),Pre-2018,2019,0.0011751201567446765,2.0531307671924073
Deep (MLP),Pre-2018,2019,0.004663101439383393,8.147215398176018
CatBoost,Pre-2018,2020,0.004149254213154437,3.945940756709869
XGBoost,Pre-2018,2020,0.0064659101876771725,6.149080588480992
Logistic (L2),Pre-2018,2020,0.002149949010051782,2.0446015085592446
Spatial-FE Logistic,Pre-2018,2020,0.0022570660342282347,2.1464697985510512
Anchor Regression (Causal),Pre-2018,2020,0.0018015899808249223,1.7133120717645012
Deep (MLP),Pre-2018,2020,0.03189435071007998,30.331527525286063
CatBoost,Pre-2018,2021,0.04729140976542344,38.42972713553333
XGBoost,Pre-2018,2021,0.03767030768438801,30.611471567528845
Logistic (L2),Pre-2018,2021,0.0028071192856152054,2.281108317941464
Spatial-FE Logistic,Pre-2018,2021,0.003010527081608062,2.446400622315967
Anchor Regression (Causal),Pre-2018,2021,0.0019464532661608055,1.5817178695171346
Deep (MLP),Pre-2018,2021,0.019778177742433085,16.0720515131587
CatBoost,Pre-2018,2022,0.07955983340000825,49.12191608502614
XGBoost,Pre-2018,2022,0.24869269839052546,153.548107622066
Logistic (L2),Pre-2018,2022,0.002082025315222523,1.2854862617302851
Spatial-FE Logistic,Pre-2018,2022,0.0020751364821681214,1.2812329511744334
Anchor Regression (Causal),Pre-2018,2022,0.009610653086981117,5.933819545440815
Deep (MLP),Pre-2018,2022,0.09212242113497615,56.87832222812659
CatBoost,Pre-2018,2023,0.035549769739837006,16.88329664484339
XGBoost,Pre-2018,2023,0.07117896937952327,33.80431613772319
Logistic (L2),Pre-2018,2023,0.001874979358130185,0.8904651967631874
Spatial-FE Logistic,Pre-2018,2023,0.0019887976896173568,0.944519798753075
Anchor Regression (Causal),Pre-2018,2023,0.005589660936448913,2.6546417719383175
Deep (MLP),Pre-2018,2023,0.012090609149281093,5.742072097176576
CatBoost,Pre-2018,2024,0.016002383897513076,5.774860289015031
XGBoost,Pre-2018,2024,0.00832091338527829,3.0028096179123027
Logistic (L2),Pre-2018,2024,0.006297454674581321,2.2725939556895343
Spatial-FE Logistic,Pre-2018,2024,0.00607520781823625,2.1923906214060067
Anchor Regression (Causal),Pre-2018,2024,0.0039255687056414775,1.4166396066483682
Deep (MLP),Pre-2018,2024,0.011929231380661109,4.304961374496077
CatBoost,Pre-2019,2019,0.033499393197454104,58.5290231481519
XGBoost,Pre-2019,2019,0.07956902313734428,139.0203449247967
Logistic (L2),Pre-2019,2019,0.0046675422986151745,8.154974319397146
Spatial-FE Logistic,Pre-2019,2019,0.0042027145191983655,7.342842717459411
Anchor Regression (Causal),Pre-2019,2019,0.16964591429736625,296.3996865965484
Deep (MLP),Pre-2019,2019,0.044245756005633574,77.30471003450947
CatBoost,Pre-2019,2020,0.038522879508110675,36.635258412213254
XGBoost,Pre-2019,2020,0.00150004198608034,1.4265399287624032
Logistic (L2),Pre-2019,2020,0.0024583191662481477,2.3378615271019885
Spatial-FE Logistic,Pre-2019,2020,0.0025097810131803314,2.386801743534495
Anchor Regression (Causal),Pre-2019,2020,0.004393390962861584,4.178114805681367
Deep (MLP),Pre-2019,2020,0.022471579961652666,21.370472543531687
CatBoost,Pre-2019,2021,0.09752577939082324,79.25094872958898
XGBoost,Pre-2019,2021,0.07220006577871645,58.67088422202774
Logistic (L2),Pre-2019,2021,0.003351470261129089,2.7234562952744383
Spatial-FE Logistic,Pre-2019,2021,0.003517286453579731,2.8582010842781753
Anchor Regression (Causal),Pre-2019,2021,0.08044100835732543,65.36760094513737
Deep (MLP),Pre-2019,2021,0.07047867712404472,57.272057318339115
CatBoost,Pre-2019,2022,0.13383481978615644,82.63243531112639
XGBoost,Pre-2019,2022,0.24667858470379198,152.30455142948335
Logistic (L2),Pre-2019,2022,0.0024238896963463086,1.4965605277809761
Spatial-FE Logistic,Pre-2019,2022,0.0022251886134644254,1.3738782960290092
Anchor Regression (Causal),Pre-2019,2022,0.06422198768780238,39.65200724029525
Deep (MLP),Pre-2019,2022,0.09429673532506609,58.2207895841237
CatBoost,Pre-2019,2023,0.10647645741726287,50.56779915660648
XGBoost,Pre-2019,2023,0.14456479602088143,68.656712926237
Logistic (L2),Pre-2019,2023,0.002226455541078985,1.0573882655692315
Spatial-FE Logistic,Pre-2019,2023,0.00230353568860066,1.0939951692302252
Anchor Regression (Causal),Pre-2019,2023,0.03936344471607806,18.694487164559792
Deep (MLP),Pre-2019,2023,0.050031106729766565,23.760773208100737
CatBoost,Pre-2019,2024,0.06026092844366203,21.746662552106535
XGBoost,Pre-2019,2024,0.016297405170564716,5.8813260909275416
Logistic (L2),Pre-2019,2024,0.006648557089825638,2.399298039790827
Spatial-FE Logistic,Pre-2019,2024,0.006519266777986197,2.352640398505769
Anchor Regression (Causal),Pre-2019,2024,0.00424295641223404,1.5311768952649591
Deep (MLP),Pre-2019,2024,0.01932749444542512,6.97480955799279
CatBoost,Pre-2020,2020,0.04461577493681658,42.42960196491257
XGBoost,Pre-2020,2020,0.0076794965090139465,7.303201180072263
Logistic (L2),Pre-2020,2020,0.0026470339805603157,2.5173293155128604
Spatial-FE Logistic,Pre-2020,2020,0.0025751296268668976,2.4489482751504195
Anchor Regression (Causal),Pre-2020,2020,0.05005523125384523,47.602524922406815
Deep (MLP),Pre-2020,2020,0.02692833758813205,25.60884904631358
CatBoost,Pre-2020,2021,0.06397356475409717,51.98590292786788
XGBoost,Pre-2020,2021,0.02037161722065572,16.55428956300054
Logistic (L2),Pre-2020,2021,0.00331842263153678,2.696601283042657
Spatial-FE Logistic,Pre-2020,2021,0.0034113629682948118,2.7721260305435687
Anchor Regression (Causal),Pre-2020,2021,0.0709921481198077,57.689311749049885
Deep (MLP),Pre-2020,2021,0.019095916671087287,15.517635670258931
CatBoost,Pre-2020,2022,0.10215938473374336,63.07535485850229
XGBoost,Pre-2020,2022,0.2643892094444788,163.2394639996411
Logistic (L2),Pre-2020,2022,0.0026334274496039953,1.6259335479633932
Spatial-FE Logistic,Pre-2020,2022,0.0023609224754668756,1.4576832399843114
Anchor Regression (Causal),Pre-2020,2022,0.04282478736092614,26.440925291106556
Deep (MLP),Pre-2020,2022,0.07650855501925308,47.23799257530831
CatBoost,Pre-2020,2023,0.050796387330240306,24.124220270877725
XGBoost,Pre-2020,2023,0.2003477822855441,95.1491687630506
Logistic (L2),Pre-2020,2023,0.0025934790876338074,1.2316950882990478
Spatial-FE Logistic,Pre-2020,2023,0.002596396811323869,1.2330807736339318
Anchor Regression (Causal),Pre-2020,2023,0.08890183192834401,42.221258019409134
Deep (MLP),Pre-2020,2023,0.013457882641412181,6.391417624059472
CatBoost,Pre-2020,2024,0.0034800253189941365,1.255854136992009
XGBoost,Pre-2020,2024,0.014523434418447147,5.2411443957571135
Logistic (L2),Pre-2020,2024,0.006631687371007564,2.3932101800123546
Spatial-FE Logistic,Pre-2020,2024,0.006398697420645288,2.309129931675368
Anchor Regression (Causal),Pre-2020,2024,0.006711522070490989,2.4220205271884354
Deep (MLP),Pre-2020,2024,0.027848632524528558,10.049875262289243
CatBoost,Pre-2021,2021,0.08734617953316212,70.97884927602497
XGBoost,Pre-2021,2021,0.10634422645904928,86.4169544856459
Logistic (L2),Pre-2021,2021,0.010875583803250558,8.837666715195299
Spatial-FE Logistic,Pre-2021,2021,0.0067355901442651845,5.473444175693647
Anchor Regression (Causal),Pre-2021,2021,0.04116050923690976,33.44766304451652
Deep (MLP),Pre-2021,2021,0.09639493987579845,78.33201114214883
CatBoost,Pre-2021,2022,0.13117482389894133,80.99009785044636
XGBoost,Pre-2021,2022,0.28240007501182757,174.35975157703945
Logistic (L2),Pre-2021,2022,0.002859792970040375,1.765696385870718
Spatial-FE Logistic,Pre-2021,2022,0.0024927895546912452,1.5391007508464736
Anchor Regression (Causal),Pre-2021,2022,0.0385047366358989,23.77363502503842
Deep (MLP),Pre-2021,2022,0.09583235881366318,59.1689158548991
CatBoost,Pre-2021,2023,0.007663211418453194,3.6394123668517904
XGBoost,Pre-2021,2023,0.04059702535972761,19.280339283841837
Logistic (L2),Pre-2021,2023,0.0023013218409392525,1.0929437686988697
Spatial-FE Logistic,Pre-2021,2023,0.0022802521788282196,1.0829373647690979
Anchor Regression (Causal),Pre-2021,2023,0.04576741478867411,21.735860631437106
Deep (MLP),Pre-2021,2023,0.009807589799873338,4.657820547755845
CatBoost,Pre-2021,2024,0.007869049616873045,2.8397432804890603
XGBoost,Pre-2021,2024,0.013715447548031175,4.94956213389575
Logistic (L2),Pre-2021,2024,0.007891779890567574,2.8479460680085733
Spatial-FE Logistic,Pre-2021,2024,0.007307848151033254,2.6372197015041254
Anchor Regression (Causal),Pre-2021,2024,0.012138681647042505,4.380546739376464
Deep (MLP),Pre-2021,2024,0.014013824032814927,5.057238747842087
CatBoost,Pre-2022,2022,0.10733867007329771,66.27315466472923
XGBoost,Pre-2022,2022,0.16194382349149078,99.98752596729886
Logistic (L2),Pre-2022,2022,0.0036967959584526945,2.2824796520320296
Spatial-FE Logistic,Pre-2022,2022,0.0032624668841726616,2.014315737801552
Anchor Regression (Causal),Pre-2022,2022,0.07277501999796743,44.93282945242926
Deep (MLP),Pre-2022,2022,0.08064118356765579,49.789564443798426
CatBoost,Pre-2022,2023,0.083264334761814,39.5438978650807
XGBoost,Pre-2022,2023,0.043731399179789306,20.768916098465535
Logistic (L2),Pre-2022,2023,0.0022770429106820506,1.0814132191411194
Spatial-FE Logistic,Pre-2022,2023,0.0022731946810701717,1.0795856179338459
Anchor Regression (Causal),Pre-2022,2023,0.010515210914248204,4.993883967394757
Deep (MLP),Pre-2022,2023,0.017705529281474834,8.408709966358028
CatBoost,Pre-2022,2024,0.03817208943623106,13.775352775299883
XGBoost,Pre-2022,2024,0.030432681836292882,10.982394057672193
Logistic (L2),Pre-2022,2024,0.008328294411387768,3.0054732457095605
Spatial-FE Logistic,Pre-2022,2024,0.0075346012818514226,2.719049237588132
Anchor Regression (Causal),Pre-2022,2024,0.0053747917786769045,1.9396279831300278
Deep (MLP),Pre-2022,2024,0.021850660226558138,7.885357009259168
CatBoost,Pre-2023,2023,0.22435061483837637,106.5485939990417
XGBoost,Pre-2023,2023,0.2217688753746299,105.32247429291922
Logistic (L2),Pre-2023,2023,0.004570962379121813,2.1708414530925313
Spatial-FE Logistic,Pre-2023,2023,0.004651637590014312,2.2091557242495967
Anchor Regression (Causal),Pre-2023,2023,0.06760693506722269,32.1078856021254
Deep (MLP),Pre-2023,2023,0.06499155257086038,30.865788146953008
CatBoost,Pre-2023,2024,0.034260168879677866,12.36363844445375
XGBoost,Pre-2023,2024,0.015858906072549226,5.723082728931201
Logistic (L2),Pre-2023,2024,0.009037509291871606,3.261411165704166
Spatial-FE Logistic,Pre-2023,2024,0.008323836323053502,3.003864433081932
Anchor Regression (Causal),Pre-2023,2024,0.022575401661070277,8.146898074438736
Deep (MLP),Pre-2023,2024,0.023238422908888605,8.386165867245175
CatBoost,Pre-2024,2024,0.042991067117239705,15.514401345933878
XGBoost,Pre-2024,2024,0.04517174059644045,16.301351887740445
Logistic (L2),Pre-2024,2024,0.012358261357982504,4.459787567561936
Spatial-FE Logistic,Pre-2024,2024,0.011320768112673452,4.085382192661032
Anchor Regression (Causal),Pre-2024,2024,0.011406506774805175,4.1163231323578175
Deep (MLP),Pre-2024,2024,0.04990483761185127,18.009408273176827
CatBoost,Pre-2018,2018,0.03414513775826802,7.985694093214933
XGBoost,Pre-2018,2018,0.14610993387640492,34.1714607853442
Logistic (L2),Pre-2018,2018,0.1412526276401691,33.035458289344554
Spatial-FE Logistic,Pre-2018,2018,0.1345305107589349,31.463323203745905
Anchor Regression (Causal),Pre-2018,2018,0.05413749501536511,12.661406646718516
Deep (MLP),Pre-2018,2018,0.006357469570103878,1.4868531957080446
CatBoost,Pre-2018,2019,0.07198363296599596,16.768987208500793
XGBoost,Pre-2018,2019,0.09868194593866789,22.988507539445678
Logistic (L2),Pre-2018,2019,0.015150864481267762,3.5294780523806657
Spatial-FE Logistic,Pre-2018,2019,0.015771218716002063,3.6739930177744364
Anchor Regression (Causal),Pre-2018,2019,0.022367983622928737,5.210746051536932
Deep (MLP),Pre-2018,2019,0.00815070162169025,1.89875122444842
CatBoost,Pre-2018,2020,0.04136222899478115,5.213135873667537
XGBoost,Pre-2018,2020,0.019655018418169114,2.477242743041772
Logistic (L2),Pre-2018,2020,0.010386530660190345,1.3090782799548337
Spatial-FE Logistic,Pre-2018,2020,0.0106118286861123,1.3374739745231417
Anchor Regression (Causal),Pre-2018,2020,0.014578711802736476,1.8374446285352561
Deep (MLP),Pre-2018,2020,0.014027178257915086,1.7679314669403579
CatBoost,Pre-2018,2021,0.08606823130701166,14.664916056891471
XGBoost,Pre-2018,2021,0.15378092816017383,26.202285888452845
Logistic (L2),Pre-2018,2021,0.012941530743906462,2.2050698512681914
Spatial-FE Logistic,Pre-2018,2021,0.012930064058374002,2.203116076010693
Anchor Regression (Causal),Pre-2018,2021,0.02365080538205315,4.029792065419508
Deep (MLP),Pre-2018,2021,0.06739428490571889,11.483116544258296
CatBoost,Pre-2018,2022,0.029653102906210992,2.99879784648932
XGBoost,Pre-2018,2022,0.1824377175761959,18.449800559365123
Logistic (L2),Pre-2018,2022,0.010504558976242433,1.0623188047439653
Spatial-FE Logistic,Pre-2018,2022,0.010636401695780815,1.0756519680448684
Anchor Regression (Causal),Pre-2018,2022,0.04102681694355946,4.1490137031456555
Deep (MLP),Pre-2018,2022,0.18229975018206349,18.435848011946437
CatBoost,Pre-2018,2023,0.012215856698813449,0.9866589563606264
XGBoost,Pre-2018,2023,0.0926845676012339,7.48601272877177
Logistic (L2),Pre-2018,2023,0.009414867774957956,0.7604267013066381
Spatial-FE Logistic,Pre-2018,2023,0.009819866800318607,0.79313794911689
Anchor Regression (Causal),Pre-2018,2023,0.04068865129484012,3.286369774310454
Deep (MLP),Pre-2018,2023,0.022794653817779148,1.8410947263842983
CatBoost,Pre-2018,2024,0.013426357824735053,0.8472545363936634
XGBoost,Pre-2018,2024,0.018511127760543658,1.1681229692828317
Logistic (L2),Pre-2018,2024,0.044499857345510055,2.808111216535247
Spatial-FE Logistic,Pre-2018,2024,0.043244347931591515,2.728883770021961
Anchor Regression (Causal),Pre-2018,2024,0.03519500390507299,2.2209393721081034
Deep (MLP),Pre-2018,2024,0.03133394523969422,1.9772918012458407
CatBoost,Pre-2019,2019,0.14834051665642753,34.55674746909622
XGBoost,Pre-2019,2019,0.04969656622912324,11.577091195108865
Logistic (L2),Pre-2019,2019,0.021114209890157307,4.9186724950782015
Spatial-FE Logistic,Pre-2019,2019,0.02050179947187873,4.776008085860106
Anchor Regression (Causal),Pre-2019,2019,0.05161827488882348,12.024763903545256
Deep (MLP),Pre-2019,2019,0.028158708425853038,6.559727565071499
CatBoost,Pre-2019,2020,0.07715943787204657,9.72487806722264
XGBoost,Pre-2019,2020,0.016495264986704623,2.078999602721892
Logistic (L2),Pre-2019,2020,0.01143055755081285,1.4406634040849784
Spatial-FE Logistic,Pre-2019,2020,0.011349971913682914,1.4305067010727344
Anchor Regression (Causal),Pre-2019,2020,0.01717200812011552,2.164293698126849
Deep (MLP),Pre-2019,2020,0.04086426598305159,5.150374535526538
CatBoost,Pre-2019,2021,0.09390633388488073,16.000427599352903
XGBoost,Pre-2019,2021,0.12873975501938245,21.935593097173488
Logistic (L2),Pre-2019,2021,0.01514054181164705,2.5797529628748297
Spatial-FE Logistic,Pre-2019,2021,0.015618750851837086,2.6612336128839837
Anchor Regression (Causal),Pre-2019,2021,0.07188485848030339,12.248252338482661
Deep (MLP),Pre-2019,2021,0.16005351285656522,27.271053384141208
CatBoost,Pre-2019,2022,0.26799379755233443,27.102027923158925
XGBoost,Pre-2019,2022,0.26863178609608174,27.16654726459599
Logistic (L2),Pre-2019,2022,0.012154536402385563,1.2291798839343537
Spatial-FE Logistic,Pre-2019,2022,0.01182560849473827,1.195915631480816
Anchor Regression (Causal),Pre-2019,2022,0.0779888357834285,7.886957177374135
Deep (MLP),Pre-2019,2022,0.11812261347161354,11.945658436512918
CatBoost,Pre-2019,2023,0.15027752599617977,12.13772153845335
XGBoost,Pre-2019,2023,0.12888689756986227,10.410028128210714
Logistic (L2),Pre-2019,2023,0.010577442938320379,0.8543263946032508
Spatial-FE Logistic,Pre-2019,2023,0.011070845984153593,0.8941779208833716
Anchor Regression (Causal),Pre-2019,2023,0.08336812826656895,6.733535965367165
Deep (MLP),Pre-2019,2023,0.034871185338846394,2.8165005682185256
CatBoost,Pre-2019,2024,0.02637035153463746,1.664070052032751
XGBoost,Pre-2019,2024,0.052030605704826,3.2833302441493477
Logistic (L2),Pre-2019,2024,0.0466497864020873,2.9437799637776183
Spatial-FE Logistic,Pre-2019,2024,0.046112806504319884,2.9098944782070277
Anchor Regression (Causal),Pre-2019,2024,0.04660289391593928,2.940820868531513
Deep (MLP),Pre-2019,2024,0.052913504125548474,3.33904451170401
CatBoost,Pre-2020,2020,0.04686209796296644,5.906318154103517
XGBoost,Pre-2020,2020,0.07303977686105051,9.205651876427101
Logistic (L2),Pre-2020,2020,0.01237624010941316,1.5598535877659163
Spatial-FE Logistic,Pre-2020,2020,0.011776445537395564,1.484257792369819
Anchor Regression (Causal),Pre-2020,2020,0.050168938627003216,6.323099602133501
Deep (MLP),Pre-2020,2020,0.14976889397119467,18.87629397388756
CatBoost,Pre-2020,2021,0.029842056176948618,5.084701313762665
XGBoost,Pre-2020,2021,0.08497859095190524,14.479255400256887
Logistic (L2),Pre-2020,2021,0.01578228290310086,2.6890973643283465
Spatial-FE Logistic,Pre-2020,2021,0.015716179365372215,2.6778341744482597
Anchor Regression (Causal),Pre-2020,2021,0.14471777383669676,24.658041335659107
Deep (MLP),Pre-2020,2021,0.13589250421142363,23.154329265959344
CatBoost,Pre-2020,2022,0.19026136573612495,19.241000702159326
XGBoost,Pre-2020,2022,0.2257328065846844,22.828203052111487
Logistic (L2),Pre-2020,2022,0.013511899488532302,1.3664490767239004
Spatial-FE Logistic,Pre-2020,2022,0.012503272145617854,1.2644472891400262
Anchor Regression (Causal),Pre-2020,2022,0.1249594083875098,12.63705879132653
Deep (MLP),Pre-2020,2022,0.1860650653291566,18.816631736002897
CatBoost,Pre-2020,2023,0.1279051379377833,10.330732671668715
XGBoost,Pre-2020,2023,0.11211221727878115,9.05515888265965
Logistic (L2),Pre-2020,2023,0.011349149890807233,0.9166561677112536
Spatial-FE Logistic,Pre-2020,2023,0.01166199423098458,0.9419242007107478
Anchor Regression (Causal),Pre-2020,2023,0.10705440986231435,8.64664631493373
Deep (MLP),Pre-2020,2023,0.02720321442723858,2.1971684686707733
CatBoost,Pre-2020,2024,0.01996997693298226,1.2601819323610883
XGBoost,Pre-2020,2024,0.05960778325778212,3.761479131480153
Logistic (L2),Pre-2020,2024,0.04896217602937569,3.0897005944657407
Spatial-FE Logistic,Pre-2020,2024,0.0477605253155094,3.013871837942637
Anchor Regression (Causal),Pre-2020,2024,0.037766358751932065,2.3832016987284783
Deep (MLP),Pre-2020,2024,0.03396762662842842,2.1434871710660732
CatBoost,Pre-2021,2021,0.19158482597688598,32.6435822841907
XGBoost,Pre-2021,2021,0.3855856005920374,65.69881104281102
Logistic (L2),Pre-2021,2021,0.039231446380755,6.684532251069288
Spatial-FE Logistic,Pre-2021,2021,0.02855761161296689,4.865848533538423
Anchor Regression (Causal),Pre-2021,2021,0.16155303894062842,27.526553280141915
Deep (MLP),Pre-2021,2021,0.3767640194090112,64.19572743607733
CatBoost,Pre-2021,2022,0.18607162962118853,18.817295578328988
XGBoost,Pre-2021,2022,0.290524899818032,29.3805827565977
Logistic (L2),Pre-2021,2022,0.01430545476986762,1.4467007750458367
Spatial-FE Logistic,Pre-2021,2022,0.013821420493755517,1.3977507225193617
Anchor Regression (Causal),Pre-2021,2022,0.06560714140439929,6.634804963922483
Deep (MLP),Pre-2021,2022,0.19764581749870944,19.98778521618414
CatBoost,Pre-2021,2023,0.13249995262545453,10.701849915115794
XGBoost,Pre-2021,2023,0.08192867656881524,6.617273312255397
Logistic (L2),Pre-2021,2023,0.010426810743257508,0.8421600269026965
Spatial-FE Logistic,Pre-2021,2023,0.010691786836907111,0.8635618035006676
Anchor Regression (Causal),Pre-2021,2023,0.07288182274882321,5.886570622427062
Deep (MLP),Pre-2021,2023,0.02963352029131551,2.393461132100606
CatBoost,Pre-2021,2024,0.01702155740074371,1.0741253817693353
XGBoost,Pre-2021,2024,0.06122109080790554,3.8632850090147173
Logistic (L2),Pre-2021,2024,0.05770559378091869,3.6414436993554595
Spatial-FE Logistic,Pre-2021,2024,0.05366684938906739,3.3865834794806027
Anchor Regression (Causal),Pre-2021,2024,0.03826237837812816,2.4145024344842843
Deep (MLP),Pre-2021,2024,0.030089278097687373,1.8987485435633542
CatBoost,Pre-2022,2022,0.2902316678490841,29.350928409806944
XGBoost,Pre-2022,2022,0.34791993559444334,35.184903141882884
Logistic (L2),Pre-2022,2022,0.015845798564022233,1.6024746806426278
Spatial-FE Logistic,Pre-2022,2022,0.016059902926900783,1.624126907202354
Anchor Regression (Causal),Pre-2022,2022,0.07981937990993249,8.07207884244326
Deep (MLP),Pre-2022,2022,0.21500837136561732,21.743648314569455
CatBoost,Pre-2022,2023,0.23937354339426486,19.333891705578957
XGBoost,Pre-2022,2023,0.0781052534244572,6.308460366725037
Logistic (L2),Pre-2022,2023,0.01074613018304877,0.8679510453288303
Spatial-FE Logistic,Pre-2022,2023,0.011017598266425715,0.8898771715460716
Anchor Regression (Causal),Pre-2022,2023,0.04312811801219915,3.4834023480193235
Deep (MLP),Pre-2022,2023,0.03821881054486651,3.0868839292462593
CatBoost,Pre-2022,2024,0.06748493031335495,4.258557241850399
XGBoost,Pre-2022,2024,0.0600624372919417,3.7901695401494147
Logistic (L2),Pre-2022,2024,0.05973848309817114,3.769726791353445
Spatial-FE Logistic,Pre-2022,2024,0.05340243359268354,3.369897831302238
Anchor Regression (Causal),Pre-2022,2024,0.021197872875432934,1.337666863199451
Deep (MLP),Pre-2022,2024,0.04999381820619808,3.1548011619954943
CatBoost,Pre-2023,2023,0.33420931544572574,26.993654437327223
XGBoost,Pre-2023,2023,0.3971988171641419,32.08123507612147
Logistic (L2),Pre-2023,2023,0.02285008012042227,1.8455714372093446
Spatial-FE Logistic,Pre-2023,2023,0.02436682368718976,1.9680768546802996
Anchor Regression (Causal),Pre-2023,2023,0.11525037958162794,9.30862419573244
Deep (MLP),Pre-2023,2023,0.15102741927711807,12.198289449504918
CatBoost,Pre-2023,2024,0.05002578409405042,3.1568183317928646
XGBoost,Pre-2023,2024,0.03367248393905855,2.124862538405728
Logistic (L2),Pre-2023,2024,0.05724096229255265,3.612123675160645
Spatial-FE Logistic,Pre-2023,2024,0.05224330766600628,3.296752551513883
Anchor Regression (Causal),Pre-2023,2024,0.06779875505027819,4.278360783172746
Deep (MLP),Pre-2023,2024,0.03464484425965409,2.1862221940463686
CatBoost,Pre-2024,2024,0.043864198568881636,2.7679987162483344
XGBoost,Pre-2024,2024,0.12405139509920253,7.828117544292847
Logistic (L2),Pre-2024,2024,0.07262016721128818,4.5826103330926555
Spatial-FE Logistic,Pre-2024,2024,0.06470419904818596,4.083082462341265
Anchor Regression (Causal),Pre-2024,2024,0.04922713096065548,3.1064202641183036
Deep (MLP),Pre-2024,2024,0.03237766624761727,2.0431545892212255
CatBoost,Pre-2018,2018,0.21179796605560153,24.767124655626905
XGBoost,Pre-2018,2018,0.3159252723062093,36.943511530307354
Logistic (L2),Pre-2018,2018,0.17961207779157728,21.00338734675257
Spatial-FE Logistic,Pre-2018,2018,0.1777675729150356,20.787695557751977
Anchor Regression (Causal),Pre-2018,2018,0.03865757619911375,4.520520316783864
Deep (MLP),Pre-2018,2018,0.11619275253029887,13.587289999011825
CatBoost,Pre-2018,2019,0.3365178144135187,37.52889626060549
XGBoost,Pre-2018,2019,0.14169579664884932,15.802096130530716
Logistic (L2),Pre-2018,2019,0.028618928371832587,3.1916194268289466
Spatial-FE Logistic,Pre-2018,2019,0.029130289252852718,3.2486470450814364
Anchor Regression (Causal),Pre-2018,2019,0.053907448885035805,6.011827517679046
Deep (MLP),Pre-2018,2019,0.034821161268889504,3.8833003572528577
CatBoost,Pre-2018,2020,0.074636285560848,3.865198926990252
XGBoost,Pre-2018,2020,0.053571355984253693,2.7743067076795933
Logistic (L2),Pre-2018,2020,0.0262374663123458,1.3587630450170762
Spatial-FE Logistic,Pre-2018,2020,0.02605873394858889,1.3495070090900414
Anchor Regression (Causal),Pre-2018,2020,0.031526661815920384,1.6326752933482334
Deep (MLP),Pre-2018,2020,0.051201921662939055,2.6516005075049773
CatBoost,Pre-2018,2021,0.20781602981504657,14.443214072145736
XGBoost,Pre-2018,2021,0.30966865794663273,21.521971727290975
Logistic (L2),Pre-2018,2021,0.0352394364701763,2.4491408346772525
Spatial-FE Logistic,Pre-2018,2021,0.03599093758671959,2.5013701622770115
Anchor Regression (Causal),Pre-2018,2021,0.06862578777637629,4.769492250458152
Deep (MLP),Pre-2018,2021,0.19736537917714803,13.716893852811786
CatBoost,Pre-2018,2022,0.09529660762718911,4.218583034243606
XGBoost,Pre-2018,2022,0.14109522044894032,6.245992570137807
Logistic (L2),Pre-2018,2022,0.02449672838441056,1.0844193233113975
Spatial-FE Logistic,Pre-2018,2022,0.023835114392999825,1.0551310450727582
Anchor Regression (Causal),Pre-2018,2022,0.14381697177135494,6.366478852263263
Deep (MLP),Pre-2018,2022,0.09189201516526982,4.067868792089737
CatBoost,Pre-2018,2023,0.1881832803553194,7.785017727033822
XGBoost,Pre-2018,2023,0.11260008085947076,4.658190801548768
Logistic (L2),Pre-2018,2023,0.019552287718703536,0.8088651988995368
Spatial-FE Logistic,Pre-2018,2023,0.020358471136732878,0.842216473193134
Anchor Regression (Causal),Pre-2018,2023,0.10286872039893563,4.2556108616604975
Deep (MLP),Pre-2018,2023,0.09099876255423278,3.764558563785386
CatBoost,Pre-2018,2024,0.07390710222955948,2.3642083560857423
XGBoost,Pre-2018,2024,0.0481274585143574,1.5395454042210508
Logistic (L2),Pre-2018,2024,0.07873332921068109,2.518594143282397
Spatial-FE Logistic,Pre-2018,2024,0.07855694022496185,2.5129516501879765
Anchor Regression (Causal),Pre-2018,2024,0.07120757463883809,2.277853384845713
Deep (MLP),Pre-2018,2024,0.06500478141933978,2.0794327308325093
CatBoost,Pre-2019,2019,0.32289524658947605,36.00969010635614
XGBoost,Pre-2019,2019,0.30015935542251776,33.47415449887504
Logistic (L2),Pre-2019,2019,0.03791481259779958,4.228308302795032
Spatial-FE Logistic,Pre-2019,2019,0.03609984832987479,4.025901170660398
Anchor Regression (Causal),Pre-2019,2019,0.0802442753173913,8.948944022895882
Deep (MLP),Pre-2019,2019,0.1255671850520899,14.003412775543175
CatBoost,Pre-2019,2020,0.06059846489038506,3.1382205010807827
XGBoost,Pre-2019,2020,0.044475185554454046,2.303242158837345
Logistic (L2),Pre-2019,2020,0.02891294765097996,1.4973185414698085
Spatial-FE Logistic,Pre-2019,2020,0.027704832213052963,1.4347537117858764
Anchor Regression (Causal),Pre-2019,2020,0.025443176469510123,1.3176290546908187
Deep (MLP),Pre-2019,2020,0.04897032708897921,2.5360326320683737
CatBoost,Pre-2019,2021,0.30071360603183445,20.899595619212494
XGBoost,Pre-2019,2021,0.2784001838584863,19.3488127781648
Logistic (L2),Pre-2019,2021,0.03926610198408009,2.7289940878935663
Spatial-FE Logistic,Pre-2019,2021,0.04000061354070031,2.7800426410786714
Anchor Regression (Causal),Pre-2019,2021,0.11961469437238725,8.313221258880914
Deep (MLP),Pre-2019,2021,0.20854778939512678,14.49407136296131
CatBoost,Pre-2019,2022,0.2672609286327037,11.831086618076403
XGBoost,Pre-2019,2022,0.22976472890418542,10.171207678396224
Logistic (L2),Pre-2019,2022,0.031047603024484678,1.374412947472565
Spatial-FE Logistic,Pre-2019,2022,0.02854239062944052,1.263512394241384
Anchor Regression (Causal),Pre-2019,2022,0.12902223484376496,5.711546554536629
Deep (MLP),Pre-2019,2022,0.06808978698832541,3.014193551547341
CatBoost,Pre-2019,2023,0.1228998892092329,5.084287054289972
XGBoost,Pre-2019,2023,0.09775131569517237,4.043907216894709
Logistic (L2),Pre-2019,2023,0.02222939903790442,0.9196155218712166
Spatial-FE Logistic,Pre-2019,2023,0.023549603123530556,0.9742314908908651
Anchor Regression (Causal),Pre-2019,2023,0.0543096324605998,2.2467535407829318
Deep (MLP),Pre-2019,2023,0.0326213693802425,1.3495244552321226
CatBoost,Pre-2019,2024,0.037522654849702346,1.2003091917018358
XGBoost,Pre-2019,2024,0.047674540183353084,1.5250570361145748
Logistic (L2),Pre-2019,2024,0.0806454534353215,2.579760931498872
Spatial-FE Logistic,Pre-2019,2024,0.0832620187239722,2.6634620283225234
Anchor Regression (Causal),Pre-2019,2024,0.05881069200611528,1.881290502179001
Deep (MLP),Pre-2019,2024,0.060263565088624696,1.9277663425025984
CatBoost,Pre-2020,2020,0.07229720805176752,3.744064818958119
XGBoost,Pre-2020,2020,0.0793030995529381,4.106879823877651
Logistic (L2),Pre-2020,2020,0.03094489212981194,1.6025471117324885
Spatial-FE Logistic,Pre-2020,2020,0.028871408227630364,1.4951673340061447
Anchor Regression (Causal),Pre-2020,2020,0.07410911070142166,3.8378980546909505
Deep (MLP),Pre-2020,2020,0.05510834656845212,2.8539030368939486
CatBoost,Pre-2020,2021,0.16026036238862373,11.138095186009348
XGBoost,Pre-2020,2021,0.2103239625789919,14.617515399239938
Logistic (L2),Pre-2020,2021,0.042075935199035776,2.9242774963329863
Spatial-FE Logistic,Pre-2020,2021,0.04158792303207631,2.8903606507293036
Anchor Regression (Causal),Pre-2020,2021,0.20872417734966445,14.50633032580168
Deep (MLP),Pre-2020,2021,0.15837902732873055,11.007342399346772
CatBoost,Pre-2020,2022,0.18007973589033527,7.9717561574698985
XGBoost,Pre-2020,2022,0.19303766734848177,8.545376889302036
Logistic (L2),Pre-2020,2022,0.03365729509544696,1.4899385991120313
Spatial-FE Logistic,Pre-2020,2022,0.02995534447465468,1.3260609284232983
Anchor Regression (Causal),Pre-2020,2022,0.20830240148830956,9.221114988148527
Deep (MLP),Pre-2020,2022,0.07561518133074238,3.3473271403431655
CatBoost,Pre-2020,2023,0.13093177656980426,5.416560917119463
XGBoost,Pre-2020,2023,0.11409679410935378,4.720108837840966
Logistic (L2),Pre-2020,2023,0.022957485107112714,0.9497359605461646
Spatial-FE Logistic,Pre-2020,2023,0.024034561827337764,0.9942939114145688
Anchor Regression (Causal),Pre-2020,2023,0.0875216690177595,3.6207135060900995
Deep (MLP),Pre-2020,2023,0.04278308693838881,1.769907983343172
CatBoost,Pre-2020,2024,0.07523025947526454,2.4065347269261914
XGBoost,Pre-2020,2024,0.05336784301839083,1.7071796431478596
Logistic (L2),Pre-2020,2024,0.08193493973164616,2.6210102050444597
Spatial-FE Logistic,Pre-2020,2024,0.08502531771558733,2.7198680581152423
Anchor Regression (Causal),Pre-2020,2024,0.07205423577982095,2.304937160070284
Deep (MLP),Pre-2020,2024,0.04306710406862237,1.3776701323669007
CatBoost,Pre-2021,2021,0.46335322863274775,32.203049389975966
XGBoost,Pre-2021,2021,0.3906215030263513,27.148194460331414
Logistic (L2),Pre-2021,2021,0.07580222583101742,5.2682546952557106
Spatial-FE Logistic,Pre-2021,2021,0.06629022964517017,4.607170960339327
Anchor Regression (Causal),Pre-2021,2021,0.11626405627509703,8.080351911119243
Deep (MLP),Pre-2021,2021,0.2615159097322883,18.175355726394034
CatBoost,Pre-2021,2022,0.3206595644465599,14.194933398198469
XGBoost,Pre-2021,2022,0.13779811006368306,6.100036336441758
Logistic (L2),Pre-2021,2022,0.0353218376777,1.5636244445173537
Spatial-FE Logistic,Pre-2021,2022,0.032612809743712626,1.4437014003905388
Anchor Regression (Causal),Pre-2021,2022,0.09513857400054232,4.211587213586272
Deep (MLP),Pre-2021,2022,0.06103851734081167,2.7020484789624972
CatBoost,Pre-2021,2023,0.23648467503184548,9.783214448268645
XGBoost,Pre-2021,2023,0.0783880744126542,3.242862743907468
Logistic (L2),Pre-2021,2023,0.021279287322435537,0.8803100291960876
Spatial-FE Logistic,Pre-2021,2023,0.021924691044138186,0.9070099538921695
Anchor Regression (Causal),Pre-2021,2023,0.1333081034614227,5.514867987447636
Deep (MLP),Pre-2021,2023,0.03702082139686485,1.5315268726305795
CatBoost,Pre-2021,2024,0.03525535062237999,1.1277805789120339
XGBoost,Pre-2021,2024,0.0726623089619606,2.324388764245765
Logistic (L2),Pre-2021,2024,0.08719942173261887,2.7894152968650494
Spatial-FE Logistic,Pre-2021,2024,0.0878783697522652,2.811134110523985
Anchor Regression (Causal),Pre-2021,2024,0.05535427884562853,1.7707235792501894
Deep (MLP),Pre-2021,2024,0.04865093308833493,1.556290790316044
CatBoost,Pre-2022,2022,0.41313938820796847,18.288823256859164
XGBoost,Pre-2022,2022,0.465507071791218,20.607031921444445
Logistic (L2),Pre-2022,2022,0.042604685725048184,1.8860210122284538
Spatial-FE Logistic,Pre-2022,2022,0.04149029631313467,1.8366893058467275
Anchor Regression (Causal),Pre-2022,2022,0.25836022127364033,11.437070776456887
Deep (MLP),Pre-2022,2022,0.1689622730710393,7.479609152439102
CatBoost,Pre-2022,2023,0.23404927470574244,9.682463549063693
XGBoost,Pre-2022,2023,0.21452385723463407,8.874709954518503
Logistic (L2),Pre-2022,2023,0.023833785573686282,0.9859879307190844
Spatial-FE Logistic,Pre-2022,2023,0.024614357712799195,1.0182796833591108
Anchor Regression (Causal),Pre-2022,2023,0.0912670480002803,3.7756573550777977
Deep (MLP),Pre-2022,2023,0.029737909056794416,1.230237610562091
CatBoost,Pre-2022,2024,0.048946324854440865,1.5657400537924742
XGBoost,Pre-2022,2024,0.09640104538570365,3.083765296714975
Logistic (L2),Pre-2022,2024,0.08715676054256001,2.7880506114833326
Spatial-FE Logistic,Pre-2022,2024,0.08315310343249087,2.6599779458127553
Anchor Regression (Causal),Pre-2022,2024,0.08901095779546675,2.8473643784544325
Deep (MLP),Pre-2022,2024,0.03879461749011137,1.2409979024260558
CatBoost,Pre-2023,2023,0.40330863396610855,16.684611188430686
XGBoost,Pre-2023,2023,0.3477573961428916,14.386493255764988
Logistic (L2),Pre-2023,2023,0.044673950178287986,1.8481317437868057
Spatial-FE Logistic,Pre-2023,2023,0.04891699683900198,2.0236637751549496
Anchor Regression (Causal),Pre-2023,2023,0.13051131984436493,5.39916690073918
Deep (MLP),Pre-2023,2023,0.21156720739966617,8.752395308209882
CatBoost,Pre-2023,2024,0.09064508027891613,2.8996381913044975
XGBoost,Pre-2023,2024,0.054348756182064695,1.7385579955415045
Logistic (L2),Pre-2023,2024,0.0958244843157652,3.0653217309652536
Spatial-FE Logistic,Pre-2023,2024,0.09158136699896127,2.9295889919778526
Anchor Regression (Causal),Pre-2023,2024,0.09032467205034389,2.889388678219865
Deep (MLP),Pre-2023,2024,0.03077249704491834,0.9843789359410443
CatBoost,Pre-2024,2024,0.22858839986659177,7.3122959602753514
XGBoost,Pre-2024,2024,0.27418394196145507,8.770848093548153
Logistic (L2),Pre-2024,2024,0.10917459034977413,3.4923772004409743
Spatial-FE Logistic,Pre-2024,2024,0.10403664889273959,3.3280200039151158
Anchor Regression (Causal),Pre-2024,2024,0.08487200938227907,2.7149638901566724
Deep (MLP),Pre-2024,2024,0.11826334725926439,3.783116715096912
CatBoost,Pre-2018,2018,0.5811198633986595,33.55787853144729
XGBoost,Pre-2018,2018,0.5863546667324966,33.86017226717596
Logistic (L2),Pre-2018,2018,0.1467409037898314,8.473834289838722
Spatial-FE Logistic,Pre-2018,2018,0.1469580604423789,8.486374416286758
Anchor Regression (Causal),Pre-2018,2018,0.09300987608404121,5.371033276334602
Deep (MLP),Pre-2018,2018,0.30717434721273956,17.738370482562832
CatBoost,Pre-2018,2019,0.168943871390147,9.176365822709382
XGBoost,Pre-2018,2019,0.06571809086160403,3.569547909337798
Logistic (L2),Pre-2018,2019,0.0453386984709714,2.4626195651357157
Spatial-FE Logistic,Pre-2018,2019,0.046616850572750945,2.532043754166571
Anchor Regression (Causal),Pre-2018,2019,0.08742222971482325,4.748431264769389
Deep (MLP),Pre-2018,2019,0.08193047579730646,4.450140817529345
CatBoost,Pre-2018,2020,0.0747743452845124,1.8985787039351563
XGBoost,Pre-2018,2020,0.10379954849889551,2.6355511573955
Logistic (L2),Pre-2018,2020,0.0794089379526647,2.0162546114631685
Spatial-FE Logistic,Pre-2018,2020,0.07812611689503321,1.9836827884440351
Anchor Regression (Causal),Pre-2018,2020,0.09895993425556074,2.512669592833546
Deep (MLP),Pre-2018,2020,0.08397694285318229,2.1322398038522814
CatBoost,Pre-2018,2021,0.21550016509014658,6.7353365207464755
XGBoost,Pre-2018,2021,0.2963714514791777,9.26292311664507
Logistic (L2),Pre-2018,2021,0.09135368106853504,2.8552079491361075
Spatial-FE Logistic,Pre-2018,2021,0.09092431773455815,2.8417884394907467
Anchor Regression (Causal),Pre-2018,2021,0.2343570816004228,7.324698846233333
Deep (MLP),Pre-2018,2021,0.2050665035889982,6.409238295604075
CatBoost,Pre-2018,2022,0.18224902449443914,3.4991216143114
XGBoost,Pre-2018,2022,0.1207257931950934,2.3178957119012122
Logistic (L2),Pre-2018,2022,0.07217709735540384,1.385776643332639
Spatial-FE Logistic,Pre-2018,2022,0.07072824529006606,1.3579591579341488
Anchor Regression (Causal),Pre-2018,2022,0.08078419736606862,1.5510301461560572
Deep (MLP),Pre-2018,2022,0.09138411844421099,1.7545451611604568
CatBoost,Pre-2018,2023,0.08895361525793964,1.996495791980184
XGBoost,Pre-2018,2023,0.09994761529319279,2.2432477058148925
Logistic (L2),Pre-2018,2023,0.058180018625610085,1.3058059756935132
Spatial-FE Logistic,Pre-2018,2023,0.060634471782363766,1.3608942976786484
Anchor Regression (Causal),Pre-2018,2023,0.09736229333158744,2.1852221336974247
Deep (MLP),Pre-2018,2023,0.10056163251097916,2.257028852179311
CatBoost,Pre-2018,2024,0.058323910023959265,1.3773507422427027
XGBoost,Pre-2018,2024,0.05098159153528343,1.2039579121665707
Logistic (L2),Pre-2018,2024,0.09720477057671499,2.295543334601032
Spatial-FE Logistic,Pre-2018,2024,0.10369819702831648,2.4488891191881366
Anchor Regression (Causal),Pre-2018,2024,0.07237132294652668,1.7090880110153173
Deep (MLP),Pre-2018,2024,0.08995615394539756,2.124363324665544
CatBoost,Pre-2019,2019,0.39034939544413066,21.202242033372134
XGBoost,Pre-2019,2019,0.43990618194246844,23.89397153006682
Logistic (L2),Pre-2019,2019,0.05550470854676439,3.014797200496016
Spatial-FE Logistic,Pre-2019,2019,0.05346978938237372,2.9042684046395006
Anchor Regression (Causal),Pre-2019,2019,0.09087542548566518,4.935995260964912
Deep (MLP),Pre-2019,2019,0.06676160990204569,3.62622775442044
CatBoost,Pre-2019,2020,0.10391402761920927,2.638457871176088
XGBoost,Pre-2019,2020,0.07846261631414175,1.992226770053973
Logistic (L2),Pre-2019,2020,0.08673045947633466,2.202153729567808
Spatial-FE Logistic,Pre-2019,2020,0.08269936128976497,2.099801015660756
Anchor Regression (Causal),Pre-2019,2020,0.071692471056265,1.8203275235912335
Deep (MLP),Pre-2019,2020,0.07189778742813513,1.8255406657420428
CatBoost,Pre-2019,2021,0.1755020210138513,5.4852170118056955
XGBoost,Pre-2019,2021,0.3580898801952016,11.191897912373108
Logistic (L2),Pre-2019,2021,0.09849022160357966,3.078256511894129
Spatial-FE Logistic,Pre-2019,2021,0.09604839228328835,3.0019385091143733
Anchor Regression (Causal),Pre-2019,2021,0.177809663873587,5.557341092191045
Deep (MLP),Pre-2019,2021,0.11742602330823342,3.670084349787509
CatBoost,Pre-2019,2022,0.14114717213962447,2.7099795030604494
XGBoost,Pre-2019,2022,0.23920844769413294,4.592723895089809
Logistic (L2),Pre-2019,2022,0.09226833948192656,1.7715219156505408
Spatial-FE Logistic,Pre-2019,2022,0.08602378239098836,1.6516284635494016
Anchor Regression (Causal),Pre-2019,2022,0.23563686640091752,4.524150703353786
Deep (MLP),Pre-2019,2022,0.08502783669042664,1.632506632103756
CatBoost,Pre-2019,2023,0.07257161690893799,1.628814381020455
XGBoost,Pre-2019,2023,0.1015835961086517,2.279966042718377
Logistic (L2),Pre-2019,2023,0.06695914482536688,1.5028467419878657
Spatial-FE Logistic,Pre-2019,2023,0.06926361633816026,1.5545688407995781
Anchor Regression (Causal),Pre-2019,2023,0.10220448267692953,2.2939013663954335
Deep (MLP),Pre-2019,2023,0.07805269057311694,1.7518328831278211
CatBoost,Pre-2019,2024,0.05063512010891928,1.1957758016723925
XGBoost,Pre-2019,2024,0.0603735873379741,1.4257549827789877
Logistic (L2),Pre-2019,2024,0.09950080730287905,2.349765486162878
Spatial-FE Logistic,Pre-2019,2024,0.10817741120422146,2.554668189338138
Anchor Regression (Causal),Pre-2019,2024,0.08317506189160365,1.9642241609902638
Deep (MLP),Pre-2019,2024,0.059843897121355766,1.4132460612626103
CatBoost,Pre-2020,2020,0.2506295945135549,6.363680068461888
XGBoost,Pre-2020,2020,0.533114086588822,13.536180727683659
Logistic (L2),Pre-2020,2020,0.09225681561930288,2.3424722043532222
Spatial-FE Logistic,Pre-2020,2020,0.08734929313685125,2.2178663968558276
Anchor Regression (Causal),Pre-2020,2020,0.06686023903205206,1.697633399306545
Deep (MLP),Pre-2020,2020,0.14733468856625162,3.740942177406695
CatBoost,Pre-2020,2021,0.15714532160162256,4.911488690531186
XGBoost,Pre-2020,2021,0.3293259964813242,10.292898895942926
Logistic (L2),Pre-2020,2021,0.10146723985354365,3.1713015438249563
Spatial-FE Logistic,Pre-2020,2021,0.10055464610471307,3.1427789392017424
Anchor Regression (Causal),Pre-2020,2021,0.060767776514361986,1.8992626955553849
Deep (MLP),Pre-2020,2021,0.17089206755433933,5.341135507822607
CatBoost,Pre-2020,2022,0.15272847842330103,2.9323367927720856
XGBoost,Pre-2020,2022,0.23465120351351643,4.505226298554928
Logistic (L2),Pre-2020,2022,0.09418728157940395,1.8083649757904874
Spatial-FE Logistic,Pre-2020,2022,0.08720730473893899,1.6743517052250299
Anchor Regression (Causal),Pre-2020,2022,0.24583713951005892,4.719992608171033
Deep (MLP),Pre-2020,2022,0.10157055460217174,1.9501214010443153
CatBoost,Pre-2020,2023,0.09034444618015665,2.027711927215501
XGBoost,Pre-2020,2023,0.10740296467158829,2.410577314831319
Logistic (L2),Pre-2020,2023,0.06709028918508324,1.5057901767381725
Spatial-FE Logistic,Pre-2020,2023,0.06775567095934255,1.5207241612481552
Anchor Regression (Causal),Pre-2020,2023,0.1505420091818642,3.3788001418077007
Deep (MLP),Pre-2020,2023,0.0552832638347151,1.2407905321542012
CatBoost,Pre-2020,2024,0.040816065222715935,0.963893499369987
XGBoost,Pre-2020,2024,0.07218147666422303,1.7046046881767845
Logistic (L2),Pre-2020,2024,0.09467495893226247,2.2358004616559652
Spatial-FE Logistic,Pre-2020,2024,0.10325224391420118,2.438357694726371
Anchor Regression (Causal),Pre-2020,2024,0.08130594726110464,1.9200840060761482
Deep (MLP),Pre-2020,2024,0.035582941694673964,0.8403104513089876
CatBoost,Pre-2021,2021,0.5276875775303641,16.492578606599903
XGBoost,Pre-2021,2021,0.5406866927767713,16.898858646431396
Logistic (L2),Pre-2021,2021,0.15828849962778918,4.947218077124157
Spatial-FE Logistic,Pre-2021,2021,0.15703093547419805,4.907913616418427
Anchor Regression (Causal),Pre-2021,2021,0.09895174550769752,3.0926811820808187
Deep (MLP),Pre-2021,2021,0.1935804707238976,6.050248795051049
CatBoost,Pre-2021,2022,0.09255861483086361,1.7770951073336514
XGBoost,Pre-2021,2022,0.28503369480070495,5.472553639455106
Logistic (L2),Pre-2021,2022,0.1051931491999904,2.019674031530421
Spatial-FE Logistic,Pre-2021,2022,0.09715112048591514,1.8652697126354671
Anchor Regression (Causal),Pre-2021,2022,0.11144519883497325,2.1397113380246666
Deep (MLP),Pre-2021,2022,0.12010273979844004,2.305933290630933
CatBoost,Pre-2021,2023,0.12260920071540482,2.7518696410094545
XGBoost,Pre-2021,2023,0.13939743901518206,3.128668796648878
Logistic (L2),Pre-2021,2023,0.06431366267475941,1.4434709204866134
Spatial-FE Logistic,Pre-2021,2023,0.06333963097299922,1.4216095246548577
Anchor Regression (Causal),Pre-2021,2023,0.09987912122334772,2.2417104088559685
Deep (MLP),Pre-2021,2023,0.13685789992461642,3.0716707860207384
CatBoost,Pre-2021,2024,0.10079408024908504,2.3803068276409696
XGBoost,Pre-2021,2024,0.06360582561583013,1.5020860413325283
Logistic (L2),Pre-2021,2024,0.09909310570942159,2.340137392090799
Spatial-FE Logistic,Pre-2021,2024,0.10490681605799333,2.4774313125515484
Anchor Regression (Causal),Pre-2021,2024,0.051267963821749495,1.2107207489029923
Deep (MLP),Pre-2021,2024,0.05300642790645155,1.2517755203756697
CatBoost,Pre-2022,2022,0.637739161579021,12.244383149727488
XGBoost,Pre-2022,2022,0.6436253978167169,12.357396958736343
Logistic (L2),Pre-2022,2022,0.1435706907114224,2.7565102663432013
Spatial-FE Logistic,Pre-2022,2022,0.13954516576382142,2.67922150503337
Anchor Regression (Causal),Pre-2022,2022,0.10053237200957897,1.93018863509717
Deep (MLP),Pre-2022,2022,0.2547954730988898,4.891989680725165
CatBoost,Pre-2022,2023,0.14875239789500905,3.3386336865925186
XGBoost,Pre-2022,2023,0.12519274811306463,2.8098553843977627
Logistic (L2),Pre-2022,2023,0.07187795757454349,1.61324572832241
Spatial-FE Logistic,Pre-2022,2023,0.07185341371685358,1.612694860227226
Anchor Regression (Causal),Pre-2022,2023,0.06455157600293554,1.448810702992162
Deep (MLP),Pre-2022,2023,0.043075673445049374,0.9668005119339721
CatBoost,Pre-2022,2024,0.09132497671588591,2.1566888161861972
XGBoost,Pre-2022,2024,0.05652334464765886,1.3348294151148559
Logistic (L2),Pre-2022,2024,0.0970437210664482,2.291740063139762
Spatial-FE Logistic,Pre-2022,2024,0.09897593029820508,2.3373702312549534
Anchor Regression (Causal),Pre-2022,2024,0.09953748861246708,2.3506317351672186
Deep (MLP),Pre-2022,2024,0.030740500822867396,0.7259535858946272
CatBoost,Pre-2023,2023,0.4734570571362505,10.626381170848209
XGBoost,Pre-2023,2023,0.6030778878666588,13.535621479472288
Logistic (L2),Pre-2023,2023,0.10965843330290234,2.4611995814846117
Spatial-FE Logistic,Pre-2023,2023,0.10905021228832114,2.447548526463586
Anchor Regression (Causal),Pre-2023,2023,0.12581613450579862,2.823846814720883
Deep (MLP),Pre-2023,2023,0.21081296555386767,4.731535614406561
CatBoost,Pre-2023,2024,0.07860138750015938,1.8562143616602056
XGBoost,Pre-2023,2024,0.07748823830212158,1.82992674010818
Logistic (L2),Pre-2023,2024,0.10628975888447229,2.5100902568463925
Spatial-FE Logistic,Pre-2023,2024,0.10754215076117536,2.53966616971381
Anchor Regression (Causal),Pre-2023,2024,0.06430230125782922,1.5185336910540121
Deep (MLP),Pre-2023,2024,0.03508506489016063,0.828552820759867
CatBoost,Pre-2024,2024,0.601088937367173,14.195040999419454
XGBoost,Pre-2024,2024,0.7371456547877682,17.40809411347474
Logistic (L2),Pre-2024,2024,0.11890798599919812,2.808076528259182
Spatial-FE Logistic,Pre-2024,2024,0.12102464242645004,2.8580625168520353
Anchor Regression (Causal),Pre-2024,2024,0.13890629673188715,3.2803474737419895
Deep (MLP),Pre-2024,2024,0.32341173875888507,7.637543474821278
CatBoost,Pre-2018,2018,0.5505504046577356,14.508166297389064
XGBoost,Pre-2018,2018,0.6034336120463463,15.901750537164986
Logistic (L2),Pre-2018,2018,0.13512408179958044,3.5608050288311976
Spatial-FE Logistic,Pre-2018,2018,0.14071705455875694,3.7081916771751304
Anchor Regression (Causal),Pre-2018,2018,0.1110373692226206,2.9260692650073685
Deep (MLP),Pre-2018,2018,0.2697455074670595,7.108364006631949
CatBoost,Pre-2018,2019,0.12956577600736655,2.2450215370003694
XGBoost,Pre-2018,2019,0.15006836719562092,2.6002755261350314
Logistic (L2),Pre-2018,2019,0.11366385578142163,1.9694846283580874
Spatial-FE Logistic,Pre-2018,2019,0.11652720081847345,2.0190985887273674
Anchor Regression (Causal),Pre-2018,2019,0.11423390051460232,1.9793619489166545
Deep (MLP),Pre-2018,2019,0.07194663173736027,1.2466389099218969
CatBoost,Pre-2018,2020,0.11572186890716174,1.6140886275170918
XGBoost,Pre-2018,2020,0.14651266924864487,2.0435587106800983
Logistic (L2),Pre-2018,2020,0.1416404897281387,1.9756015507280784
Spatial-FE Logistic,Pre-2018,2020,0.1473370597941161,2.055057310008331
Anchor Regression (Causal),Pre-2018,2020,0.15389358066841557,2.14650766316306
Deep (MLP),Pre-2018,2020,0.08398451987066231,1.1714160831559979
CatBoost,Pre-2018,2021,0.20312348832534619,2.261113309450956
XGBoost,Pre-2018,2021,0.28315222566358084,3.151970613182369
Logistic (L2),Pre-2018,2021,0.16470871023857372,1.8334908482194865
Spatial-FE Logistic,Pre-2018,2021,0.16834286055913605,1.8739451832947451
Anchor Regression (Causal),Pre-2018,2021,0.17258925478922643,1.9212148446716417
Deep (MLP),Pre-2018,2021,0.1312005438298288,1.4604874025482733
CatBoost,Pre-2018,2022,0.16442452382504913,1.7519201534892381
XGBoost,Pre-2018,2022,0.17511179902901564,1.8657915662210556
Logistic (L2),Pre-2018,2022,0.12465901445466081,1.3282242493802232
Spatial-FE Logistic,Pre-2018,2022,0.12527860431443014,1.3348258921095184
Anchor Regression (Causal),Pre-2018,2022,0.14394057240745414,1.5336665348881422
Deep (MLP),Pre-2018,2022,0.10393835773029247,1.1074485690590925
CatBoost,Pre-2018,2023,0.11940754244176102,1.7459676741515133
XGBoost,Pre-2018,2023,0.10129175352978834,1.4810800365260801
Logistic (L2),Pre-2018,2023,0.098671597524589,1.4427683219328145
Spatial-FE Logistic,Pre-2018,2023,0.10310818628897506,1.5076397731637943
Anchor Regression (Causal),Pre-2018,2023,0.11568879558927986,1.6915924507777338
Deep (MLP),Pre-2018,2023,0.08275405415728232,1.210023257400755
CatBoost,Pre-2018,2024,0.0677777679485056,1.600608720387204
XGBoost,Pre-2018,2024,0.052886807323904425,1.2489506154937593
Logistic (L2),Pre-2018,2024,0.08557807859191885,2.0209727026165214
Spatial-FE Logistic,Pre-2018,2024,0.09050996870791526,2.137441960406964
Anchor Regression (Causal),Pre-2018,2024,0.08370986206242961,1.9768537568444524
Deep (MLP),Pre-2018,2024,0.05827491926737256,1.3761937989767248
CatBoost,Pre-2019,2019,0.5381962351445753,9.325472947141458
XGBoost,Pre-2019,2019,0.4973834390357068,8.61829849820052
Logistic (L2),Pre-2019,2019,0.11778052853959628,2.0408153399679136
Spatial-FE Logistic,Pre-2019,2019,0.11930560292844852,2.067240719832935
Anchor Regression (Causal),Pre-2019,2019,0.1216241824315236,2.107415379222582
Deep (MLP),Pre-2019,2019,0.162919978808526,2.8229589055368227
CatBoost,Pre-2019,2020,0.2590257283890849,3.612890859570956
XGBoost,Pre-2019,2020,0.20242296007126614,2.82339544707402
Logistic (L2),Pre-2019,2020,0.14714794747446866,2.0524195713738886
Spatial-FE Logistic,Pre-2019,2020,0.15116813643794935,2.1084931670365177
Anchor Regression (Causal),Pre-2019,2020,0.17042358474148797,2.3770681599742742
Deep (MLP),Pre-2019,2020,0.10774549661224993,1.502834186747662
CatBoost,Pre-2019,2021,0.2565073465698019,2.855367343691662
XGBoost,Pre-2019,2021,0.20160761000811805,2.2442389801114424
Logistic (L2),Pre-2019,2021,0.17170928115848288,1.9114192267209833
Spatial-FE Logistic,Pre-2019,2021,0.1740915878711049,1.937938392276451
Anchor Regression (Causal),Pre-2019,2021,0.2203628002540917,2.453016461416464
Deep (MLP),Pre-2019,2021,0.14701530919996397,1.6365329045188823
CatBoost,Pre-2019,2022,0.14889184324572102,1.5864216286244806
XGBoost,Pre-2019,2022,0.17214605086969353,1.8341919371047908
Logistic (L2),Pre-2019,2022,0.1313461616409974,1.399474861226649
Spatial-FE Logistic,Pre-2019,2022,0.13124919348980957,1.3984416792270262
Anchor Regression (Causal),Pre-2019,2022,0.20599578719997164,2.1948561123005152
Deep (MLP),Pre-2019,2022,0.13774912235971692,1.4676975062687003
CatBoost,Pre-2019,2023,0.10156125512586725,1.485020667622441
XGBoost,Pre-2019,2023,0.11542837471748571,1.6877845973161427
Logistic (L2),Pre-2019,2023,0.10225078860738299,1.4951029718416975
Spatial-FE Logistic,Pre-2019,2023,0.10614692945770125,1.552072036270058
Anchor Regression (Causal),Pre-2019,2023,0.12615909900856226,1.8446884021288914
Deep (MLP),Pre-2019,2023,0.07752100463710032,1.133506019773759
CatBoost,Pre-2019,2024,0.057358903897618926,1.3545615996108453
XGBoost,Pre-2019,2024,0.055928732808158584,1.320787334291647
Logistic (L2),Pre-2019,2024,0.08408329628844305,1.9856726084640908
Spatial-FE Logistic,Pre-2019,2024,0.08985159637077345,2.1218941408787155
Anchor Regression (Causal),Pre-2019,2024,0.11166430603332585,2.6370131003534705
Deep (MLP),Pre-2019,2024,0.03770831734652782,0.8905023491159576
CatBoost,Pre-2020,2020,0.5180353042690926,7.225556423945304
XGBoost,Pre-2020,2020,0.7176681863408922,10.010035863082765
Logistic (L2),Pre-2020,2020,0.15192513785261288,2.1190518227682444
Spatial-FE Logistic,Pre-2020,2020,0.15841188139108112,2.209528921642799
Anchor Regression (Causal),Pre-2020,2020,0.13156277055760016,1.8350375237374068
Deep (MLP),Pre-2020,2020,0.29542504629631866,4.120588545741052
CatBoost,Pre-2020,2021,0.24320876376342998,2.707331275444546
XGBoost,Pre-2020,2021,0.283791986681249,3.1590922521609213
Logistic (L2),Pre-2020,2021,0.17293971867170083,1.92511610963946
Spatial-FE Logistic,Pre-2020,2021,0.1757143456093588,1.9560024731478043
Anchor Regression (Causal),Pre-2020,2021,0.12854985598879434,1.4309806940628276
Deep (MLP),Pre-2020,2021,0.1667480846561804,1.8561925883117911
CatBoost,Pre-2020,2022,0.20996866488432156,2.237186564721141
XGBoost,Pre-2020,2022,0.16613460630129037,1.7701408415262827
Logistic (L2),Pre-2020,2022,0.13130853187028707,1.3990739213172911
Spatial-FE Logistic,Pre-2020,2022,0.1310718586048884,1.396552200993593
Anchor Regression (Causal),Pre-2020,2022,0.11508188776582998,1.2261813127892383
Deep (MLP),Pre-2020,2022,0.17996896268945803,1.917543961226187
CatBoost,Pre-2020,2023,0.116461489914394,1.7028907262975372
XGBoost,Pre-2020,2023,0.10163208824482532,1.4860563839049399
Logistic (L2),Pre-2020,2023,0.09690138631726308,1.416884433183331
Spatial-FE Logistic,Pre-2020,2023,0.09860112426683461,1.4417378675124721
Anchor Regression (Causal),Pre-2020,2023,0.10959885001160455,1.602545746536676
Deep (MLP),Pre-2020,2023,0.07201659933148788,1.053021039239847
CatBoost,Pre-2020,2024,0.05811017589581407,1.3723032949792657
XGBoost,Pre-2020,2024,0.08926416646920309,2.1080216654117736
Logistic (L2),Pre-2020,2024,0.07575658388282122,1.7890327825742731
Spatial-FE Logistic,Pre-2020,2024,0.08020336622319468,1.8940459573526631
Anchor Regression (Causal),Pre-2020,2024,0.08912764227836587,2.1047975726596504
Deep (MLP),Pre-2020,2024,0.03365231524487365,0.7947176614474457
CatBoost,Pre-2021,2021,0.6429639543982362,7.157293165714401
XGBoost,Pre-2021,2021,0.7377462560336973,8.212382980758669
Logistic (L2),Pre-2021,2021,0.19759141658474896,2.1995318491056777
Spatial-FE Logistic,Pre-2021,2021,0.20189502164330508,2.247438365268572
Anchor Regression (Causal),Pre-2021,2021,0.13039129532737181,1.451479076752746
Deep (MLP),Pre-2021,2021,0.3110401059734561,3.462410621183973
CatBoost,Pre-2021,2022,0.2551200510794242,2.7182682281677795
XGBoost,Pre-2021,2022,0.3564665695593078,3.7981011148957666
Logistic (L2),Pre-2021,2022,0.13704045995058411,1.4601468080656694
Spatial-FE Logistic,Pre-2021,2022,0.13632571153495723,1.452531264320239
Anchor Regression (Causal),Pre-2021,2022,0.13011868955794345,1.386396318986589
Deep (MLP),Pre-2021,2022,0.1390339381565104,1.4813870377057434
CatBoost,Pre-2021,2023,0.12651268072019806,1.8498584460479208
XGBoost,Pre-2021,2023,0.17950190648602754,2.6246627287051787
Logistic (L2),Pre-2021,2023,0.09066739337559322,1.3257314797394315
Spatial-FE Logistic,Pre-2021,2023,0.09141495867099182,1.3366623205673474
Anchor Regression (Causal),Pre-2021,2023,0.1274534055262148,1.8636136500157003
Deep (MLP),Pre-2021,2023,0.0686530683456775,1.003839754271218
CatBoost,Pre-2021,2024,0.06614963607914615,1.5621595039713287
XGBoost,Pre-2021,2024,0.06935385548305818,1.6378288816326296
Logistic (L2),Pre-2021,2024,0.07436472216450225,1.7561632138152803
Spatial-FE Logistic,Pre-2021,2024,0.07778988644594403,1.8370503244944003
Anchor Regression (Causal),Pre-2021,2024,0.07484231222685435,1.7674417619544256
Deep (MLP),Pre-2021,2024,0.036384844263886676,0.8592478150498228
CatBoost,Pre-2022,2022,0.7919812699958293,8.43844893580479
XGBoost,Pre-2022,2022,0.8536024070753794,9.095013476295437
Logistic (L2),Pre-2022,2022,0.15023243347098747,1.6007054287449172
Spatial-FE Logistic,Pre-2022,2022,0.14877156008096817,1.5851400284376362
Anchor Regression (Causal),Pre-2022,2022,0.11270107126036227,1.2008140480974656
Deep (MLP),Pre-2022,2022,0.33414316930635163,3.560248427913543
CatBoost,Pre-2022,2023,0.24257086233022387,3.546852030106833
XGBoost,Pre-2022,2023,0.3999754983083694,5.84841021110255
Logistic (L2),Pre-2022,2023,0.09185824708486096,1.3431440488159534
Spatial-FE Logistic,Pre-2022,2023,0.09479851649904014,1.386136436444709
Anchor Regression (Causal),Pre-2022,2023,0.10130114921549394,1.4812174195019208
Deep (MLP),Pre-2022,2023,0.06838624275689054,0.9999382515425633
CatBoost,Pre-2022,2024,0.043119304519126024,1.018285743531426
XGBoost,Pre-2022,2024,0.0723970230709077,1.7096949333800453
Logistic (L2),Pre-2022,2024,0.07272661153836919,1.7174783436504857
Spatial-FE Logistic,Pre-2022,2024,0.07571911381697952,1.7881479066635573
Anchor Regression (Causal),Pre-2022,2024,0.06965907185534556,1.6450367316677517
Deep (MLP),Pre-2022,2024,0.031809791488837856,0.7512054644439664
CatBoost,Pre-2023,2023,0.7796011327467428,11.399266316628175
XGBoost,Pre-2023,2023,0.781518428976083,11.427300870976644
Logistic (L2),Pre-2023,2023,0.1055460697834914,1.5432863134721595
Spatial-FE Logistic,Pre-2023,2023,0.1103517813477767,1.6135550491898436
Anchor Regression (Causal),Pre-2023,2023,0.10362001256932427,1.515123656694073
Deep (MLP),Pre-2023,2023,0.1918035211950676,2.804535969395367
CatBoost,Pre-2023,2024,0.3173647465482741,7.494740476767832
XGBoost,Pre-2023,2024,0.34166496010878983,8.068603188826799
Logistic (L2),Pre-2023,2024,0.08189396379600952,1.9339703352071944
Spatial-FE Logistic,Pre-2023,2024,0.08317348217702333,1.964186855174367
Anchor Regression (Causal),Pre-2023,2024,0.07392663228783113,1.7458174839670222
Deep (MLP),Pre-2023,2024,0.05256086886724183,1.2412534022063573
CatBoost,Pre-2024,2024,0.7813553334987133,18.452129634444052
XGBoost,Pre-2024,2024,0.8092020247733696,19.109744339637775
Logistic (L2),Pre-2024,2024,0.09711178024869081,2.2933473176112096
Spatial-FE Logistic,Pre-2024,2024,0.09809543659170376,2.316576895216759
Anchor Regression (Causal),Pre-2024,2024,0.08190188713128231,1.9341574490634932
Deep (MLP),Pre-2024,2024,0.3587701452258287,8.472551405046769
