case_number,tcad_id,protested
C14-2007-0131,0209061701,0
C14-2007-0131,0209060206,0
C14-2007-0131,0209061501,0
C14-2007-0131,0209060609,0
C14-2007-0131,0209060511,0
C14-2007-0131,0209060505,0
C14-2007-0131,0209060501,0
C14-2007-0131,0209060510,0
C14-2007-0131,0209060610,0
C14-2007-0131,0209060601,0
C14-2007-0131,0209060611,0
C14-2007-0144,0208000512,0
C14-2007-0144,0107000224,0
C14-2007-0144,0107000322,0
C14-2007-0144,0107000303,0
C14-2007-0144,0107000223,0
C14-2007-0144,0107000221,0
C14-2007-0144,0107000222,0
C14-2007-0144,0208000511,0
C14-2007-0259,0202140801,0
C14-2007-0259,0202140804,0
C14-2007-0259,0202140706,0
C14-2007-0259,0202141102,0
C14-2007-0259,0202140705,0
C14-2007-0259,0202140803,0
C14-2007-0259,0202141104,0
C14-2007-0259,0202140805,0
C14-2007-0259,0202141103,0
C14-2007-0259,0202140806,0
C14-2007-0259,0202141101,0
C14-2007-0259,0202140808,0
C14-2007-0259,0202140704,0
C14-2008-0025,0428250449,0
C14-2008-0025,0428250451,0
C14-2008-0025,0428250450,0
C14-2008-0025,0428250807,0
C14-2008-0025,0428250806,0
C14-2008-0025,0428250452,0
C14-2008-0031,0214120724,0
C14-2008-0031,0214120720,0
C14-2008-0031,0214120725,0
C14-2008-0031,0214120717,0
C14-2008-0031,0214120728,0
C14-2008-0031,0214120723,0
C14-2008-0031,0214120312,0
C14-2008-0031,0214120718,0
C14-2008-0031,0214120731,0
C14-2008-0031,0212120623,0
C14-2008-0031,0214120311,0
C14-2008-0031,0214130114,0
C14-2008-0031,0214120722,0
C14-2008-0031,0214120727,0
C14-2008-0031,0214120716,0
C14-2008-0031,0214120338,0
C14-2008-0031,0214120719,0
C14-2008-0031,0212121801,0
C14-2008-0031,0214120721,0
C14-2008-0052,0431271005,0
C14-2008-0052,0430190409,0
C14-2008-0052,0430190121,0
C14-2008-0052,0430190107,0
C14-2008-0052,0430190105,0
C14-2008-0052,0430190124,0
C14-2008-0060,0401090808,0
C14-2008-0060,0401090172,0
C14-2008-0060,0401091501,0
C14-2008-0060,0401090118,0
C14-2008-0060,0401090116,0
C14-2008-0060,0401090117,0
C14-2008-0060,0401090173,0
C14-2008-0060,0401090807,0
C14-2008-0066,0414280934,0
C14-2008-0066,0414280935,0
C14-2008-0066,0414300117,0
C14-2008-0066,0414300401,0
C14-2008-0066,0414300106,0
C14-2008-0088,0232030804,0
C14-2008-0088,0234031101,0
C14-2008-0088,0232030508,0
C14-2008-0088,0232030503,0
C14-2008-0088,0232040102,0
C14-2008-0088,0234031109,0
C14-2008-0088,0232030509,0
C14-2008-0088,0232030206,0
C14-2008-0088,0232030205,0
C14-2008-0088,0232040105,0
C14-2008-0088,0232030901,0
C14-2008-0088,0232030215,0
C14-2008-0088,0232030504,0
C14-2008-0088,0232030513,0
C14-2008-0088,0234031104,0
C14-2008-0088,0232030806,0
C14-2008-0088,0232030507,0
C14-2008-0088,0232030209,0
C14-2008-0088,0232030207,0
C14-2008-0088,0232030211,0
C14-2008-0088,0234031107,0
C14-2008-0088,0232030812,0
C14-2008-0088,0232030506,0
C14-2008-0088,0232030501,0
C14-2008-0088,0232030203,0
C14-2008-0088,0234031108,0
C14-2008-0088,0232030204,0
C14-2008-0088,0232030505,0
C14-2008-0088,0234031103,0
C14-2008-0088,0234031110,0
C14-2008-0088,0232030210,0
C14-2008-0088,0234031111,0
C14-2008-0088,0232030218,0
C14-2008-0088,0234031102,0
C14-2008-0088,0232030502,0
C14-2008-0088,0232030208,0
C14-2008-0088,0232030217,0
C14-2008-0088,0232030214,0
C14-2008-0088,0232030212,0
C14-2008-0088,0232030807,0
C14-2008-0088,0232030213,0
C14-2008-0088,0234031105,0
C14-2008-0088,0232030216,0
C14-2008-0112,0406100239,0
C14-2008-0112,0406091001,0
C14-2008-0112,0406100228,0
C14-2008-0112,0406100224,0
C14-2008-0112,0406090143,0
C14-2008-0112,0406090145,0
C14-2008-0112,0406090129,0
C14-2008-0112,0406090127,0
C14-2008-0112,0406090126,0
C14-2008-0112,0406090125,0
C14-2008-0112,0406090141,0
C14-2008-0112,0406090131,0
C14-2008-0112,0406090101,0
C14-2008-0113,0202100403,0
C14-2008-0113,0202100609,0
C14-2008-0113,0202100402,0
C14-2008-0113,0202100505,0
C14-2008-0113,0202100514,0
C14-2008-0113,0202100404,0
C14-2008-0113,0202100506,0
C14-2008-0113,0202100503,0
C14-2008-0113,0202100516,0
C14-2008-0113,0202100513,0
C14-2008-0113,0202100401,0
C14-2008-0113,0202100405,0
C14-2008-0113,0202100515,0
C14-2008-0113,0202100511,0
C14-2008-0113,0202100602,0
C14-2008-0113,0202100612,0
C14-2008-0113,0202100406,0
C14-2008-0113,0202100501,0
C14-2008-0113,0202100510,0
C14-2008-0113,0202100512,0
C14-2008-0113,0202100601,0
C14-2008-0113,0202100507,0
C14-2008-0115,0410280807,0
C14-2008-0115,0410280817,0
C14-2008-0115,0410280821,0
C14-2008-0115,0410280805,0
C14-2008-0115,0410280806,0
C14-2008-0115,0410280804,0
C14-2008-0115,0410280818,0
C14-2008-0115,0410280816,0
C14-2008-0115,0410280808,0
C14-2008-0115,0410280809,0
C14-2008-0131,0248180115,0
C14-2008-0131,0248180113,0
C14-2008-0131,0248180204,0
C14-2008-0131,0248180116,0
C14-2008-0131,0248180203,0
C14-2008-0151,0164010944,0
C14-2008-0151,0164010902,0
C14-2008-0151,0164010943,0
C14-2008-0151,0164030303,0
C14-2008-0151,0164010945,0
C14-2008-0151,0164010903,0
C14-2008-0151,0164030302,0
C14-2008-0151,0164011203,0
C14-2008-0151,0164011202,0
C14-2008-0151,0164011219,0
C14-2008-0151,0164011220,0
C14-2008-0151,0164011221,0
C14-2008-0151,0164010901,0
C14-2008-0156,0208061717,0
C14-2008-0156,0205070515,0
C14-2008-0156,0205070501,0
C14-2008-0156,0205071501,0
C14-2008-0156,0206051208,0
C14-2008-0156,0206051207,0
C14-2008-0156,0208061810,0
C14-2008-0156,0205070512,0
C14-2008-0156,0205070514,0
C14-2008-0156,0208061811,0
C14-2008-0156,0208061809,0
C14-2008-0156,0205070517,0
C14-2008-0156,0205070505,0
C14-2008-0162,0303050727,0
C14-2008-0162,0303050361,0
C14-2008-0162,0303050349,0
C14-2008-0162,0303051301,0
C14-2008-0162,0303051501,0
C14-2008-0162,0303051006,0
C14-2008-0162,0303050709,0
C14-2008-0162,0303050708,0
C14-2008-0162,0304060201,0
C14-2008-0162,0303051701,0
C14-2008-0166,0209061701,0
C14-2008-0166,0209060206,0
C14-2008-0166,0209061501,0
C14-2008-0166,0209060609,0
C14-2008-0166,0209060511,0
C14-2008-0166,0209060505,0
C14-2008-0166,0209060501,0
C14-2008-0166,0209060510,0
C14-2008-0166,0209060610,0
C14-2008-0166,0209060601,0
C14-2008-0166,0209060611,0
C14-2008-0171,0218110302,0
C14-2008-0171,0218110304,0
C14-2008-0171,0218130117,0
C14-2008-0171,0218130104,0
C14-2008-0171,0218130105,0
C14-2008-0171,0219131101,0
C14-2008-0171,0218130303,0
C14-2008-0171,0218110201,0
C14-2008-0171,0218130204,0
C14-2008-0171,0218110303,0
C14-2008-0171,0218110305,0
C14-2008-0171,0219130601,0
C14-2008-0175,0222140203,0
C14-2008-0175,0222140124,0
C14-2008-0175,0222140153,0
C14-2008-0175,0222140206,0
C14-2008-0175,0222140201,0
C14-2008-0175,0222140232,0
C14-2008-0175,0222140233,0
C14-2008-0175,0222140239,0
C14-2008-0175,0222140202,0
C14-2008-0175,0222140231,0
C14-2008-0175,0222140126,0
C14-2008-0175,0222140204,0
C14-2008-0175,0222140127,0
C14-2008-0175,0222140205,0
C14-2008-0184,0114050603,0
C14-2008-0184,0114050806,0
C14-2008-0184,0114050807,0
C14-2008-0184,0114050626,0
C14-2008-0184,0114050624,0
C14-2008-0184,0114050803,0
C14-2008-0184,0114050605,0
C14-2008-0184,0114050625,0
C14-2008-0184,0114050628,0
C14-2008-0223,0218031514,0
C14-2008-0223,0218031510,0
C14-2008-0223,0218031511,0
C14-2008-0223,0218031801,0
C14-2008-0223,0218031520,0
C14-2008-0223,0218031613,0
C14-2008-0223,0218031506,0
C14-2008-0223,0218031507,0
C14-2008-0223,0218031612,0
C14-2008-0223,0218031802,0
C14-2008-0223,0218031817,0
C14-2008-0223,0218031516,0
C14-2008-0247,0202081512,0
C14-2008-0247,0202081006,0
C14-2008-0247,0202081002,0
C14-2008-0247,0203090507,0
C14-2008-0247,0202081012,0
C14-2008-0247,0202081003,0
C14-2008-0247,0202081011,0
C14-2008-0247,0203090509,0
C14-2008-0247,0202081009,0
C14-2008-0247,0203090508,0
C14-2008-0247,0202081502,0
C14-2008-0247,0202081010,0
C14-2008-0247,0203090510,0
C14-2008-0247,0202081013,0
C14-2008-0247,0203090611,0
C14-2008-0247,0203090506,0
C14-2008-0247,0202083601,0
C14-2008-0247,0202081007,0
C14-2008-0247,0202081008,0
C14-2009-0028,0409050339,0
C14-2009-0028,0409050607,0
C14-2009-0028,0409050340,0
C14-2009-0028,0409050601,0
C14-2009-0028,0409050331,0
C14-2009-0028,0409050614,0
C14-2009-0028,0409050613,0
C14-2009-0028,0409050612,0
C14-2009-0028,0409050606,0
C14-2009-0028,0409050609,0
C14-2009-0028,0409050330,0
C14-2009-0028,0409050608,0
C14-2009-0028,0409051001,0
C14-2009-0028,0409050619,0
C14-2009-0028,0409050604,0
C14-2009-0031,0416090201,0
C14-2009-0031,0415080308,0
C14-2009-0031,0415080304,0
C14-2009-0031,0415080303,0
C14-2009-0031,0415080302,0
C14-2009-0031,0415080307,0
C14-2009-0031,0416090203,0
C14-2009-0031,0416090202,0
C14-2009-0031,0415080301,0
C14-2009-0032,0300010201,0
C14-2009-0032,0300010202,0
C14-2009-0032,0300011401,0
C14-2009-0032,0300010206,0
C14-2009-0032,0300010208,0
C14-2009-0032,0300010210,0
C14-2009-0032,0300010203,0
C14-2009-0032,0300010205,0
C14-2009-0032,0300010204,0
C14-2009-0032,0300010701,0
C14-2009-0077,0130020513,0
C14-2009-0077,0130020516,0
C14-2009-0077,0131030303,0
C14-2009-0077,0130020511,0
C14-2009-0077,0128020303,0
C14-2009-0077,0128020901,0
C14-2009-0077,0130020512,0
C14-2009-0077,0129040601,0
C14-2009-0077,0130020510,0
C14-2009-0077,0130020428,0
C14-2009-0077,0129040503,0
C14-2009-0077,0129040212,0
C14-2009-0077,0129040211,0
C14-2009-0077,0128020302,0
C14-2009-0077,0130020514,0
C14-2009-0077,0130020509,0
C14-2009-0077,0129040518,0
C14-2009-0077,0130020515,0
C14-2009-0168,0151370432,0
C14-2009-0168,0151370411,0
C14-2009-0168,0151370434,0
C14-2010-0025,0226040109,0
C14-2010-0025,0226040226,0
C14-2010-0025,0226040104,0
C14-2010-0025,0226040113,0
C14-2010-0025,0226040130,0
C14-2010-0025,0226040223,0
C14-2010-0025,0226040116,0
C14-2010-0025,0226045501,0
C14-2010-0025,0226041401,0
C14-2010-0025,0226040115,0
C14-2010-0025,0226040222,0
C14-2010-0025,0226040112,0
C14-2010-0025,0226044901,0
C14-2010-0025,0226045401,0
C14-2010-0025,0226040111,0
C14-2010-0025,0226040114,0
C14-2010-0045,0266160313,0
C14-2010-0045,0264160801,0
C14-2010-0045,0264160502,0
C14-2010-0045,0266160314,0
C14-2010-0045,0264160705,0
C14-2010-0045,0264160816,0
C14-2010-0045,0266160310,0
C14-2010-0045,0264160704,0
C14-2010-0045,0264160501,0
C14-2010-0045,0266160311,0
C14-2010-0045,0266160401,0
C14-2010-0045,0266160312,0
C14-2010-0045,0264160703,0
C14-2010-0049,0239190251,0
C14-2010-0049,0239190226,0
C14-2010-0049,0239190244,0
C14-2010-0049,0239190401,0
C14-2010-0049,0239190119,0
C14-2010-0049,0239190243,0
C14-2010-0049,0239190229,0
C14-2010-0049,0239190241,0
C14-2010-0049,0239190242,0
C14-2010-0051,0120010917,0
C14-2010-0051,0120010918,0
C14-2010-0051,0120010912,0
C14-2010-0051,0120010908,0
C14-2010-0051,0120010916,0
C14-2010-0051,0120010914,0
C14-2010-0051,0120010933,0
C14-2010-0051,0120010909,0
C14-2010-0051,0120010913,0
C14-2010-0051,0120010919,0
C14-2010-0051,0120010915,0
C14-2010-0051,0120011207,0
C14-2010-0051,0120011206,0
C14-2010-0077,0409120452,0
C14-2010-0077,0409120453,0
C14-2010-0077,0409120420,0
C14-2010-0077,0409120421,0
C14-2010-0077,0409120303,0
C14-2010-0077,0409120305,0
C14-2010-0077,0409120306,0
C14-2010-0077,0409120419,0
C14-2010-0077,0409120454,0
C14-2010-0077,0409120455,0
C14-2010-0077,0409120304,0
C14-2010-0077,0409120445,0
C14-2010-0077,0409120307,0
C14-2010-0077,0409120302,0
C14-2010-0077,0409120424,0
C14-2010-0084,0430111064,0
C14-2010-0084,0430110506,0
C14-2010-0084,0430090203,0
C14-2010-0084,0430110510,0
C14-2010-0084,0430111071,0
C14-2010-0084,0430090202,0
C14-2010-0084,0430111066,0
C14-2010-0084,0430110511,0
C14-2010-0084,0430110508,0
C14-2010-0084,0430111063,0
C14-2010-0084,0430111072,0
C14-2010-0084,0430110509,0
C14-2010-0084,0430111061,0
C14-2010-0084,0430111062,0
C14-2010-0084,0430110507,0
C14-2010-0084,0430111065,0
C14-2010-0113,0110010406,0
C14-2010-0113,0110010507,0
C14-2010-0113,0110010409,0
C14-2010-0113,0110010509,0
C14-2010-0113,0110010408,0
C14-2010-0113,0110010410,0
C14-2010-0113,0110010404,0
C14-2010-0113,0110010405,0
C14-2010-0113,0110010407,0
C14-2010-0113,0110010508,0
C14-2010-0113,0110010510,0
C14-2010-0113,0110010403,0
C14-2010-0113,0110010411,0
C14-2010-0113,0110010506,0
C14-2010-0113,0110010402,0
C14-2010-0122,0401070616,0
C14-2010-0122,0401070608,0
C14-2010-0122,0401070626,0
C14-2010-0122,0401070508,0
C14-2010-0122,0401070617,0
C14-2010-0122,0401070610,0
C14-2010-0122,0401070607,0
C14-2010-0143,0308160418,0
C14-2010-0143,0308160419,0
C14-2010-0143,0308160416,0
C14-2010-0143,0308160417,0
C14-2010-0143,0308160332,0
C14-2010-0143,0308160330,0
C14-2010-0143,0308160329,0
C14-2010-0143,0308160414,0
C14-2010-0143,0308160415,0
C14-2010-0143,0308160327,0
C14-2010-0143,0308160315,0
C14-2010-0143,0308160328,0
C14-2010-0143,0308160412,0
C14-2010-0143,0308160331,0
C14-2010-0143,0308160801,0
C14-2010-0143,0308160333,0
C14-2010-0143,0308160420,0
C14-2010-0143,0308160413,0
C14-2010-0143,0308160422,0
C14-2010-0143,0308160314,0
C14-2010-0199,0424070228,0
C14-2010-0199,0424070205,0
C14-2010-0199,0424070204,0
C14-2010-0199,0424070208,0
C14-2010-0199,0424070209,0
C14-2010-0206,0211010807,0
C14-2010-0206,0211010704,0
C14-2010-0206,0211010708,0
C14-2010-0206,0211010730,0
C14-2010-0206,0211010707,0
C14-2010-0206,0211010806,0
C14-2010-0206,0211010703,0
C14-2010-0206,0211010711,0
C14-2023-0154,0172210315,0
C14-2023-0154,0172210216,0
C14-2023-0154,0172210310,0
C14H-2010-0019,0220061401,0
C14H-2010-0019,0220060911,0
C14H-2010-0019,0220060910,0
C14H-2010-0019,0220061304,0
C14H-2010-0019,0220060905,0
C14H-2010-0019,0220060904,0
C14H-2010-0019,0220060909,0
C14H-2010-0019,0220060906,0
C14H-2010-0019,0220061402,0
C14H-2010-0019,0220060908,0
C14H-2010-0019,0220061306,0
C14H-2010-0019,0220060907,0
C14H-2010-0019,0220061001,0
C14H-2010-0019,0220061305,0
C14H-2021-0164,0234030612,0
C14H-2021-0164,0234030617,0
C14H-2021-0164,0234030705,0
C14H-2021-0164,0234030614,0
C14H-2021-0164,0234030706,0
C14H-2021-0164,0234030611,0
C14H-2021-0164,0234030903,0
C14H-2021-0164,0234030905,0
C14H-2021-0164,0234030904,0
C14H-2021-0164,0234030619,0
C14H-2021-0164,0234030618,0
C14H-2021-0164,0234030613,0
C14H-2021-0164,0234030610,0
C14H-2021-0164,0234030902,0
C14H-2021-0164,0234030615,0
