Anchor,Model,Profile,Evaluate_Year,PRAUC
Pre-2018,CatBoost,Default,2019,0.7870842364466654
Pre-2018,XGBoost,Default,2019,0.7256093915516666
Pre-2018,RandomForest,Default,2019,0.7158314909420689
Pre-2018,LightGBM,Default,2019,0.7561557002705424
Pre-2018,Logistic,Default,2019,0.7848628382370317
Pre-2018,TabNet,Default,2019,0.7216234553200498
Pre-2018,TabNetVREx,Default,2019,0.5336020894138541
Pre-2018,CatBoost,HighCap,2019,0.7291547149877321
Pre-2018,XGBoost,HighCap,2019,0.68324220801057
Pre-2018,RandomForest,HighCap,2019,0.7099478192058837
Pre-2018,LightGBM,HighCap,2019,0.7468311809366438
Pre-2018,Logistic,HighCap,2019,0.6803469891738143
Pre-2018,TabNet,HighCap,2019,0.23551620961864372
Pre-2018,TabNetVREx,HighCap,2019,0.3988897540368128
Pre-2018,CatBoost,Regularized,2019,0.6759863642914503
Pre-2018,XGBoost,Regularized,2019,0.6913263197847239
Pre-2018,RandomForest,Regularized,2019,0.6368042638365219
Pre-2018,LightGBM,Regularized,2019,0.7512625940367876
Pre-2018,Logistic,Regularized,2019,0.9022936670622507
Pre-2018,TabNet,Regularized,2019,0.7456842620384955
Pre-2018,TabNetVREx,Regularized,2019,0.673990031791914
Pre-2018,CatBoost,ExtShallow,2019,0.7310873248615184
Pre-2018,XGBoost,ExtShallow,2019,0.6594214883842403
Pre-2018,RandomForest,ExtShallow,2019,0.6708481341005885
Pre-2018,LightGBM,ExtShallow,2019,0.7808918812031591
Pre-2018,Logistic,ExtShallow,2019,0.8403145662191945
Pre-2018,TabNet,ExtShallow,2019,0.509420614473246
Pre-2018,TabNetVREx,ExtShallow,2019,0.4559390874779869
Pre-2018,CatBoost,ExtDeep,2019,0.6867696745419465
Pre-2018,XGBoost,ExtDeep,2019,0.6966886415996182
Pre-2018,RandomForest,ExtDeep,2019,0.7086524479105124
Pre-2018,LightGBM,ExtDeep,2019,0.7476932248095236
Pre-2018,Logistic,ExtDeep,2019,0.6782715488357512
Pre-2018,TabNet,ExtDeep,2019,0.5219647259597755
Pre-2018,TabNetVREx,ExtDeep,2019,0.4341529780318481
Pre-2018,CatBoost,Default,2020,0.6431136765833804
Pre-2018,XGBoost,Default,2020,0.6323744449933083
Pre-2018,RandomForest,Default,2020,0.7446088084356549
Pre-2018,LightGBM,Default,2020,0.5637238204078098
Pre-2018,Logistic,Default,2020,0.6833347733032608
Pre-2018,TabNet,Default,2020,0.6616854118042751
Pre-2018,TabNetVREx,Default,2020,0.4701165839296092
Pre-2018,CatBoost,HighCap,2020,0.7392636867039786
Pre-2018,XGBoost,HighCap,2020,0.604409523593513
Pre-2018,RandomForest,HighCap,2020,0.716859375329079
Pre-2018,LightGBM,HighCap,2020,0.6721293038132932
Pre-2018,Logistic,HighCap,2020,0.7132834952162684
Pre-2018,TabNet,HighCap,2020,0.25058996583544596
Pre-2018,TabNetVREx,HighCap,2020,0.2379641880188816
Pre-2018,CatBoost,Regularized,2020,0.6909286359004403
Pre-2018,XGBoost,Regularized,2020,0.5777675230931533
Pre-2018,RandomForest,Regularized,2020,0.813706155999389
Pre-2018,LightGBM,Regularized,2020,0.5780816847656742
Pre-2018,Logistic,Regularized,2020,0.7456745843963888
Pre-2018,TabNet,Regularized,2020,0.3814675322102045
Pre-2018,TabNetVREx,Regularized,2020,0.6107961063356859
Pre-2018,CatBoost,ExtShallow,2020,0.6552251761948799
Pre-2018,XGBoost,ExtShallow,2020,0.56334008545143
Pre-2018,RandomForest,ExtShallow,2020,0.7951099704389177
Pre-2018,LightGBM,ExtShallow,2020,0.5791260768814949
Pre-2018,Logistic,ExtShallow,2020,0.8434089563318887
Pre-2018,TabNet,ExtShallow,2020,0.43780249486830697
Pre-2018,TabNetVREx,ExtShallow,2020,0.4216690879476121
Pre-2018,CatBoost,ExtDeep,2020,0.724624482660197
Pre-2018,XGBoost,ExtDeep,2020,0.621072424184985
Pre-2018,RandomForest,ExtDeep,2020,0.7077607358732967
Pre-2018,LightGBM,ExtDeep,2020,0.6897424446407197
Pre-2018,Logistic,ExtDeep,2020,0.7036546995193612
Pre-2018,TabNet,ExtDeep,2020,0.19335274107213593
Pre-2018,TabNetVREx,ExtDeep,2020,0.16070848523488176
Pre-2018,CatBoost,Default,2021,0.5433134648162113
Pre-2018,XGBoost,Default,2021,0.4692695410804222
Pre-2018,RandomForest,Default,2021,0.46719718509189556
Pre-2018,LightGBM,Default,2021,0.43176213276885866
Pre-2018,Logistic,Default,2021,0.48026585521123966
Pre-2018,TabNet,Default,2021,0.3400777337480273
Pre-2018,TabNetVREx,Default,2021,0.3273244702110613
Pre-2018,CatBoost,HighCap,2021,0.5290037969549248
Pre-2018,XGBoost,HighCap,2021,0.47903095123238437
Pre-2018,RandomForest,HighCap,2021,0.5936051046599476
Pre-2018,LightGBM,HighCap,2021,0.4796467887035309
Pre-2018,Logistic,HighCap,2021,0.5031280387317539
Pre-2018,TabNet,HighCap,2021,0.25012106714129817
Pre-2018,TabNetVREx,HighCap,2021,0.20078597899179804
Pre-2018,CatBoost,Regularized,2021,0.4476392846370276
Pre-2018,XGBoost,Regularized,2021,0.501646845669616
Pre-2018,RandomForest,Regularized,2021,0.44094947814451746
Pre-2018,LightGBM,Regularized,2021,0.46589462955663485
Pre-2018,Logistic,Regularized,2021,0.5090566226490596
Pre-2018,TabNet,Regularized,2021,0.287478932752052
Pre-2018,TabNetVREx,Regularized,2021,0.37260245841815703
Pre-2018,CatBoost,ExtShallow,2021,0.5425779439001032
Pre-2018,XGBoost,ExtShallow,2021,0.5171813190336277
Pre-2018,RandomForest,ExtShallow,2021,0.565818446742092
Pre-2018,LightGBM,ExtShallow,2021,0.5035299402294476
Pre-2018,Logistic,ExtShallow,2021,0.47025529662665977
Pre-2018,TabNet,ExtShallow,2021,0.26810853556309855
Pre-2018,TabNetVREx,ExtShallow,2021,0.3129614304686699
Pre-2018,CatBoost,ExtDeep,2021,0.6336819371265908
Pre-2018,XGBoost,ExtDeep,2021,0.46542264658827415
Pre-2018,RandomForest,ExtDeep,2021,0.651649343498083
Pre-2018,LightGBM,ExtDeep,2021,0.5373327867126999
Pre-2018,Logistic,ExtDeep,2021,0.4812170585063273
Pre-2018,TabNet,ExtDeep,2021,0.26882613978690756
Pre-2018,TabNetVREx,ExtDeep,2021,0.10552961060730898
Pre-2018,CatBoost,Default,2022,0.27275641025641023
Pre-2018,XGBoost,Default,2022,0.2506604506604506
Pre-2018,RandomForest,Default,2022,0.33809523809523806
Pre-2018,LightGBM,Default,2022,0.2700757575757576
Pre-2018,Logistic,Default,2022,0.31799242424242424
Pre-2018,TabNet,Default,2022,0.4394230769230769
Pre-2018,TabNetVREx,Default,2022,0.2763888888888889
Pre-2018,CatBoost,HighCap,2022,0.26726190476190476
Pre-2018,XGBoost,HighCap,2022,0.28154761904761905
Pre-2018,RandomForest,HighCap,2022,0.475
Pre-2018,LightGBM,HighCap,2022,0.2638888888888889
Pre-2018,Logistic,HighCap,2022,0.33819444444444446
Pre-2018,TabNet,HighCap,2022,0.12107023411371237
Pre-2018,TabNetVREx,HighCap,2022,0.04210479966634541
Pre-2018,CatBoost,Regularized,2022,0.2422161172161172
Pre-2018,XGBoost,Regularized,2022,0.2505952380952381
Pre-2018,RandomForest,Regularized,2022,0.25535714285714284
Pre-2018,LightGBM,Regularized,2022,0.261038961038961
Pre-2018,Logistic,Regularized,2022,0.29166666666666663
Pre-2018,TabNet,Regularized,2022,0.26957070707070707
Pre-2018,TabNetVREx,Regularized,2022,0.27976190476190477
Pre-2018,CatBoost,ExtShallow,2022,0.23769841269841266
Pre-2018,XGBoost,ExtShallow,2022,0.25270562770562766
Pre-2018,RandomForest,ExtShallow,2022,0.2790334665334665
Pre-2018,LightGBM,ExtShallow,2022,0.27827380952380953
Pre-2018,Logistic,ExtShallow,2022,0.2701048951048951
Pre-2018,TabNet,ExtShallow,2022,0.16295080340165904
Pre-2018,TabNetVREx,ExtShallow,2022,0.16291266115209777
Pre-2018,CatBoost,ExtDeep,2022,0.36442307692307696
Pre-2018,XGBoost,ExtDeep,2022,0.2854437229437229
Pre-2018,RandomForest,ExtDeep,2022,0.5333333333333333
Pre-2018,LightGBM,ExtDeep,2022,0.2640151515151515
Pre-2018,Logistic,ExtDeep,2022,0.29924242424242425
Pre-2018,TabNet,ExtDeep,2022,0.09132412398921833
Pre-2018,TabNetVREx,ExtDeep,2022,0.1319976076555024
Pre-2018,CatBoost,Default,2023,0.9332467532467531
Pre-2018,XGBoost,Default,2023,0.7998809523809522
Pre-2018,RandomForest,Default,2023,0.8499342324342324
Pre-2018,LightGBM,Default,2023,0.795103785103785
Pre-2018,Logistic,Default,2023,0.8326911976911977
Pre-2018,TabNet,Default,2023,0.8354501054501055
Pre-2018,TabNetVREx,Default,2023,0.3331257482640274
Pre-2018,CatBoost,HighCap,2023,0.7657864357864358
Pre-2018,XGBoost,HighCap,2023,0.8234920634920635
Pre-2018,RandomForest,HighCap,2023,0.8177228327228327
Pre-2018,LightGBM,HighCap,2023,0.6939177489177489
Pre-2018,Logistic,HighCap,2023,0.8193578643578643
Pre-2018,TabNet,HighCap,2023,0.2323149686231082
Pre-2018,TabNetVREx,HighCap,2023,0.31588095735110655
Pre-2018,CatBoost,Regularized,2023,0.8322546897546897
Pre-2018,XGBoost,Regularized,2023,0.8308225108225108
Pre-2018,RandomForest,Regularized,2023,0.7925929625929626
Pre-2018,LightGBM,Regularized,2023,0.8046142746142746
Pre-2018,Logistic,Regularized,2023,0.7152669552669552
Pre-2018,TabNet,Regularized,2023,0.47173872180451126
Pre-2018,TabNetVREx,Regularized,2023,0.5780655455655456
Pre-2018,CatBoost,ExtShallow,2023,0.7242957042957041
Pre-2018,XGBoost,ExtShallow,2023,0.8671717171717171
Pre-2018,RandomForest,ExtShallow,2023,0.7991197691197692
Pre-2018,LightGBM,ExtShallow,2023,0.7735031635031634
Pre-2018,Logistic,ExtShallow,2023,0.7603418803418803
Pre-2018,TabNet,ExtShallow,2023,0.5537720458553792
Pre-2018,TabNetVREx,ExtShallow,2023,0.5588873699400014
Pre-2018,CatBoost,ExtDeep,2023,0.8180298786181138
Pre-2018,XGBoost,ExtDeep,2023,0.8377777777777777
Pre-2018,RandomForest,ExtDeep,2023,0.8427228327228327
Pre-2018,LightGBM,ExtDeep,2023,0.7602669552669552
Pre-2018,Logistic,ExtDeep,2023,0.8645959595959595
Pre-2018,TabNet,ExtDeep,2023,0.2040533086792321
Pre-2018,TabNetVREx,ExtDeep,2023,0.2986669948917534
Pre-2018,CatBoost,Default,2024,0.8253968253968254
Pre-2018,XGBoost,Default,2024,0.5453968253968254
Pre-2018,RandomForest,Default,2024,0.6644444444444444
Pre-2018,LightGBM,Default,2024,0.6644444444444444
Pre-2018,Logistic,Default,2024,0.38055555555555554
Pre-2018,TabNet,Default,2024,0.5192857142857144
Pre-2018,TabNetVREx,Default,2024,0.06322293282907715
Pre-2018,CatBoost,HighCap,2024,0.7892857142857141
Pre-2018,XGBoost,HighCap,2024,0.5783333333333333
Pre-2018,RandomForest,HighCap,2024,0.6977777777777778
Pre-2018,LightGBM,HighCap,2024,0.7644444444444445
Pre-2018,Logistic,HighCap,2024,0.3912698412698412
Pre-2018,TabNet,HighCap,2024,0.09366433897502663
Pre-2018,TabNetVREx,HighCap,2024,0.04549209624187201
Pre-2018,CatBoost,Regularized,2024,0.7611111111111111
Pre-2018,XGBoost,Regularized,2024,0.5944444444444444
Pre-2018,RandomForest,Regularized,2024,1.0
Pre-2018,LightGBM,Regularized,2024,0.7295238095238095
Pre-2018,Logistic,Regularized,2024,0.5392857142857143
Pre-2018,TabNet,Regularized,2024,0.15394383394383396
Pre-2018,TabNetVREx,Regularized,2024,0.2210857316887468
Pre-2018,CatBoost,ExtShallow,2024,0.49111111111111116
Pre-2018,XGBoost,ExtShallow,2024,0.6544444444444445
Pre-2018,RandomForest,ExtShallow,2024,0.525952380952381
Pre-2018,LightGBM,ExtShallow,2024,0.6726190476190477
Pre-2018,Logistic,ExtShallow,2024,0.6511111111111112
Pre-2018,TabNet,ExtShallow,2024,0.2879166666666667
Pre-2018,TabNetVREx,ExtShallow,2024,0.2891666666666667
Pre-2018,CatBoost,ExtDeep,2024,0.8711111111111112
Pre-2018,XGBoost,ExtDeep,2024,0.885
Pre-2018,RandomForest,ExtDeep,2024,0.6644444444444444
Pre-2018,LightGBM,ExtDeep,2024,0.6787301587301587
Pre-2018,Logistic,ExtDeep,2024,0.3912698412698412
Pre-2018,TabNet,ExtDeep,2024,0.049501241254795755
Pre-2018,TabNetVREx,ExtDeep,2024,0.026800739400142347
Pre-2019,CatBoost,Default,2020,0.6589434816988998
Pre-2019,XGBoost,Default,2020,0.5909354976194869
Pre-2019,RandomForest,Default,2020,0.6480216654199403
Pre-2019,LightGBM,Default,2020,0.5717324784164678
Pre-2019,Logistic,Default,2020,0.6962219536937583
Pre-2019,TabNet,Default,2020,0.7112358696392309
Pre-2019,TabNetVREx,Default,2020,0.43112188048213196
Pre-2019,CatBoost,HighCap,2020,0.6884128218825255
Pre-2019,XGBoost,HighCap,2020,0.5810715520412557
Pre-2019,RandomForest,HighCap,2020,0.6815702596828206
Pre-2019,LightGBM,HighCap,2020,0.6509841790967399
Pre-2019,Logistic,HighCap,2020,0.6688932308293211
Pre-2019,TabNet,HighCap,2020,0.07733369550166802
Pre-2019,TabNetVREx,HighCap,2020,0.16365623565754836
Pre-2019,CatBoost,Regularized,2020,0.6993044862405764
Pre-2019,XGBoost,Regularized,2020,0.5616245308085202
Pre-2019,RandomForest,Regularized,2020,0.8358149995368038
Pre-2019,LightGBM,Regularized,2020,0.5524692020103343
Pre-2019,Logistic,Regularized,2020,0.7726250149182481
Pre-2019,TabNet,Regularized,2020,0.4135460893590232
Pre-2019,TabNetVREx,Regularized,2020,0.42438355028837405
Pre-2019,CatBoost,ExtShallow,2020,0.6161880228720122
Pre-2019,XGBoost,ExtShallow,2020,0.5623898369309692
Pre-2019,RandomForest,ExtShallow,2020,0.7646677935681694
Pre-2019,LightGBM,ExtShallow,2020,0.5496541599095778
Pre-2019,Logistic,ExtShallow,2020,0.8434089563318887
Pre-2019,TabNet,ExtShallow,2020,0.6495844434859356
Pre-2019,TabNetVREx,ExtShallow,2020,0.6402408348197227
Pre-2019,CatBoost,ExtDeep,2020,0.6852880463312794
Pre-2019,XGBoost,ExtDeep,2020,0.5841698217748638
Pre-2019,RandomForest,ExtDeep,2020,0.7123073797056547
Pre-2019,LightGBM,ExtDeep,2020,0.662479231663221
Pre-2019,Logistic,ExtDeep,2020,0.6581789451150354
Pre-2019,TabNet,ExtDeep,2020,0.29245621640195213
Pre-2019,TabNetVREx,ExtDeep,2020,0.3220008988160076
Pre-2019,CatBoost,Default,2021,0.3983895880068423
Pre-2019,XGBoost,Default,2021,0.5521876226589416
Pre-2019,RandomForest,Default,2021,0.5136237576465281
Pre-2019,LightGBM,Default,2021,0.5005584078621428
Pre-2019,Logistic,Default,2021,0.4683308406992618
Pre-2019,TabNet,Default,2021,0.4519456296504616
Pre-2019,TabNetVREx,Default,2021,0.16354133396583023
Pre-2019,CatBoost,HighCap,2021,0.4306892767583944
Pre-2019,XGBoost,HighCap,2021,0.4948726534049943
Pre-2019,RandomForest,HighCap,2021,0.5956101265883874
Pre-2019,LightGBM,HighCap,2021,0.5519235487307935
Pre-2019,Logistic,HighCap,2021,0.4979867052689194
Pre-2019,TabNet,HighCap,2021,0.054602295924270176
Pre-2019,TabNetVREx,HighCap,2021,0.10433610469980704
Pre-2019,CatBoost,Regularized,2021,0.4155668747414153
Pre-2019,XGBoost,Regularized,2021,0.5129909031061105
Pre-2019,RandomForest,Regularized,2021,0.4572003209247181
Pre-2019,LightGBM,Regularized,2021,0.47484046784049216
Pre-2019,Logistic,Regularized,2021,0.4971857204420229
Pre-2019,TabNet,Regularized,2021,0.3271493533580428
Pre-2019,TabNetVREx,Regularized,2021,0.3104642395049212
Pre-2019,CatBoost,ExtShallow,2021,0.4629955894111445
Pre-2019,XGBoost,ExtShallow,2021,0.5309529172698242
Pre-2019,RandomForest,ExtShallow,2021,0.5169287715086034
Pre-2019,LightGBM,ExtShallow,2021,0.4843139162606309
Pre-2019,Logistic,ExtShallow,2021,0.46311243948380265
Pre-2019,TabNet,ExtShallow,2021,0.32786159513894014
Pre-2019,TabNetVREx,ExtShallow,2021,0.36409558601195263
Pre-2019,CatBoost,ExtDeep,2021,0.600283015717122
Pre-2019,XGBoost,ExtDeep,2021,0.46537286851499493
Pre-2019,RandomForest,ExtDeep,2021,0.632089267330864
Pre-2019,LightGBM,ExtDeep,2021,0.4785173677254422
Pre-2019,Logistic,ExtDeep,2021,0.5033450387799623
Pre-2019,TabNet,ExtDeep,2021,0.13337488517155197
Pre-2019,TabNetVREx,ExtDeep,2021,0.3989849654579098
Pre-2019,CatBoost,Default,2022,0.256547619047619
Pre-2019,XGBoost,Default,2022,0.2724567099567099
Pre-2019,RandomForest,Default,2022,0.29910714285714285
Pre-2019,LightGBM,Default,2022,0.2641233766233766
Pre-2019,Logistic,Default,2022,0.31799242424242424
Pre-2019,TabNet,Default,2022,0.21329365079365079
Pre-2019,TabNetVREx,Default,2022,0.6678571428571428
Pre-2019,CatBoost,HighCap,2022,0.27849927849927847
Pre-2019,XGBoost,HighCap,2022,0.25847069597069594
Pre-2019,RandomForest,HighCap,2022,0.29166666666666663
Pre-2019,LightGBM,HighCap,2022,0.28733766233766234
Pre-2019,Logistic,HighCap,2022,0.2875
Pre-2019,TabNet,HighCap,2022,0.020979865478686233
Pre-2019,TabNetVREx,HighCap,2022,0.014180939885640646
Pre-2019,CatBoost,Regularized,2022,0.2582001332001332
Pre-2019,XGBoost,Regularized,2022,0.25608974358974357
Pre-2019,RandomForest,Regularized,2022,0.2470238095238095
Pre-2019,LightGBM,Regularized,2022,0.25270562770562766
Pre-2019,Logistic,Regularized,2022,0.28525641025641024
Pre-2019,TabNet,Regularized,2022,0.31858974358974357
Pre-2019,TabNetVREx,Regularized,2022,0.27275641025641023
Pre-2019,CatBoost,ExtShallow,2022,0.2853174603174603
Pre-2019,XGBoost,ExtShallow,2022,0.2922619047619048
Pre-2019,RandomForest,ExtShallow,2022,0.315018315018315
Pre-2019,LightGBM,ExtShallow,2022,0.28660714285714284
Pre-2019,Logistic,ExtShallow,2022,0.2701048951048951
Pre-2019,TabNet,ExtShallow,2022,0.2775895638629284
Pre-2019,TabNetVREx,ExtShallow,2022,0.2662751491743505
Pre-2019,CatBoost,ExtDeep,2022,0.31726190476190474
Pre-2019,XGBoost,ExtDeep,2022,0.2708333333333333
Pre-2019,RandomForest,ExtDeep,2022,0.4992424242424242
Pre-2019,LightGBM,ExtDeep,2022,0.2631313131313131
Pre-2019,Logistic,ExtDeep,2022,0.2641233766233766
Pre-2019,TabNet,ExtDeep,2022,0.012556989971513208
Pre-2019,TabNetVREx,ExtDeep,2022,0.06060223977625328
Pre-2019,CatBoost,Default,2023,0.8552669552669552
Pre-2019,XGBoost,Default,2023,0.8577777777777778
Pre-2019,RandomForest,Default,2023,0.8132034632034633
Pre-2019,LightGBM,Default,2023,0.7634523809523809
Pre-2019,Logistic,Default,2023,0.8367528223410576
Pre-2019,TabNet,Default,2023,0.5281215516509634
Pre-2019,TabNetVREx,Default,2023,0.43014046829345337
Pre-2019,CatBoost,HighCap,2023,0.807008547008547
Pre-2019,XGBoost,HighCap,2023,0.8377777777777777
Pre-2019,RandomForest,HighCap,2023,0.7936752136752137
Pre-2019,LightGBM,HighCap,2023,0.710982905982906
Pre-2019,Logistic,HighCap,2023,0.701110686698922
Pre-2019,TabNet,HighCap,2023,0.07388620308263166
Pre-2019,TabNetVREx,HighCap,2023,0.08977546653244338
Pre-2019,CatBoost,Regularized,2023,0.8004151404151404
Pre-2019,XGBoost,Regularized,2023,0.840103785103785
Pre-2019,RandomForest,Regularized,2023,0.7381990231990231
Pre-2019,LightGBM,Regularized,2023,0.7865323565323564
Pre-2019,Logistic,Regularized,2023,0.6574891774891775
Pre-2019,TabNet,Regularized,2023,0.3765019382891639
Pre-2019,TabNetVREx,Regularized,2023,0.3829551820728291
Pre-2019,CatBoost,ExtShallow,2023,0.7574891774891774
Pre-2019,XGBoost,ExtShallow,2023,0.8259523809523809
Pre-2019,RandomForest,ExtShallow,2023,0.7507864357864357
Pre-2019,LightGBM,ExtShallow,2023,0.737008547008547
Pre-2019,Logistic,ExtShallow,2023,0.7603418803418803
Pre-2019,TabNet,ExtShallow,2023,0.45575309747723536
Pre-2019,TabNetVREx,ExtShallow,2023,0.4428436147186147
Pre-2019,CatBoost,ExtDeep,2023,0.8196019176901529
Pre-2019,XGBoost,ExtDeep,2023,0.8152272727272727
Pre-2019,RandomForest,ExtDeep,2023,0.8186752136752136
Pre-2019,LightGBM,ExtDeep,2023,0.7575557775557775
Pre-2019,Logistic,ExtDeep,2023,0.7444828700711053
Pre-2019,TabNet,ExtDeep,2023,0.13532181465660736
Pre-2019,TabNetVREx,ExtDeep,2023,0.34522570939956654
Pre-2019,CatBoost,Default,2024,0.5644444444444444
Pre-2019,XGBoost,Default,2024,0.7277777777777779
Pre-2019,RandomForest,Default,2024,0.5783333333333333
Pre-2019,LightGBM,Default,2024,0.6961904761904762
Pre-2019,Logistic,Default,2024,0.3912698412698412
Pre-2019,TabNet,Default,2024,0.18785247432306254
Pre-2019,TabNetVREx,Default,2024,0.10730469249456592
Pre-2019,CatBoost,HighCap,2024,0.8583333333333332
Pre-2019,XGBoost,HighCap,2024,0.6977777777777778
Pre-2019,RandomForest,HighCap,2024,0.5783333333333333
Pre-2019,LightGBM,HighCap,2024,0.6944444444444444
Pre-2019,Logistic,HighCap,2024,0.37146464646464644
Pre-2019,TabNet,HighCap,2024,0.016344303502529973
Pre-2019,TabNetVREx,HighCap,2024,0.04728390392859257
Pre-2019,CatBoost,Regularized,2024,0.8392857142857142
Pre-2019,XGBoost,Regularized,2024,0.731111111111111
Pre-2019,RandomForest,Regularized,2024,1.0
Pre-2019,LightGBM,Regularized,2024,0.8766666666666667
Pre-2019,Logistic,Regularized,2024,0.48571428571428565
Pre-2019,TabNet,Regularized,2024,0.2677523983554135
Pre-2019,TabNetVREx,Regularized,2024,0.20185457789673242
Pre-2019,CatBoost,ExtShallow,2024,0.5644444444444444
Pre-2019,XGBoost,ExtShallow,2024,0.6683333333333334
Pre-2019,RandomForest,ExtShallow,2024,0.5059523809523809
Pre-2019,LightGBM,ExtShallow,2024,0.7392857142857143
Pre-2019,Logistic,ExtShallow,2024,0.6511111111111112
Pre-2019,TabNet,ExtShallow,2024,0.3847979797979798
Pre-2019,TabNetVREx,ExtShallow,2024,0.3938888888888889
Pre-2019,CatBoost,ExtDeep,2024,0.8392857142857142
Pre-2019,XGBoost,ExtDeep,2024,0.9028571428571428
Pre-2019,RandomForest,ExtDeep,2024,0.6783333333333333
Pre-2019,LightGBM,ExtDeep,2024,0.8253968253968254
Pre-2019,Logistic,ExtDeep,2024,0.3638888888888889
Pre-2019,TabNet,ExtDeep,2024,0.014556106248381972
Pre-2019,TabNetVREx,ExtDeep,2024,0.09159959758551307
Pre-2020,CatBoost,Default,2021,0.3953952978072227
Pre-2020,XGBoost,Default,2021,0.5688983020263808
Pre-2020,RandomForest,Default,2021,0.6904183520526608
Pre-2020,LightGBM,Default,2021,0.5176314026117901
Pre-2020,Logistic,Default,2021,0.5338232575809121
Pre-2020,TabNet,Default,2021,0.5051210412394623
Pre-2020,TabNetVREx,Default,2021,0.17849801783185698
Pre-2020,CatBoost,HighCap,2021,0.5156885898265209
Pre-2020,XGBoost,HighCap,2021,0.6109912930689516
Pre-2020,RandomForest,HighCap,2021,0.6318756920017424
Pre-2020,LightGBM,HighCap,2021,0.5071121026008244
Pre-2020,Logistic,HighCap,2021,0.42633817250265943
Pre-2020,TabNet,HighCap,2021,0.21379090604027728
Pre-2020,TabNetVREx,HighCap,2021,0.15498519706768832
Pre-2020,CatBoost,Regularized,2021,0.4633217767454221
Pre-2020,XGBoost,Regularized,2021,0.48578640581540633
Pre-2020,RandomForest,Regularized,2021,0.42944642683607026
Pre-2020,LightGBM,Regularized,2021,0.4746051067078917
Pre-2020,Logistic,Regularized,2021,0.49647494145873716
Pre-2020,TabNet,Regularized,2021,0.16870442506495503
Pre-2020,TabNetVREx,Regularized,2021,0.30095001796247955
Pre-2020,CatBoost,ExtShallow,2021,0.44864822892773204
Pre-2020,XGBoost,ExtShallow,2021,0.49176443116535284
Pre-2020,RandomForest,ExtShallow,2021,0.6232775537270612
Pre-2020,LightGBM,ExtShallow,2021,0.45461033675319384
Pre-2020,Logistic,ExtShallow,2021,0.441302486511846
Pre-2020,TabNet,ExtShallow,2021,0.24171597888738158
Pre-2020,TabNetVREx,ExtShallow,2021,0.26134518468396517
Pre-2020,CatBoost,ExtDeep,2021,0.48545716378764137
Pre-2020,XGBoost,ExtDeep,2021,0.5314766177317909
Pre-2020,RandomForest,ExtDeep,2021,0.6953031517717689
Pre-2020,LightGBM,ExtDeep,2021,0.5519777951666496
Pre-2020,Logistic,ExtDeep,2021,0.4896963665961476
Pre-2020,TabNet,ExtDeep,2021,0.30659762064115853
Pre-2020,TabNetVREx,ExtDeep,2021,0.37565644829727185
Pre-2020,CatBoost,Default,2022,0.23637473637473638
Pre-2020,XGBoost,Default,2022,0.29851190476190476
Pre-2020,RandomForest,Default,2022,0.44358974358974357
Pre-2020,LightGBM,Default,2022,0.28525641025641024
Pre-2020,Logistic,Default,2022,0.3506944444444444
Pre-2020,TabNet,Default,2022,0.5166666666666666
Pre-2020,TabNetVREx,Default,2022,0.21827518886342415
Pre-2020,CatBoost,HighCap,2022,0.34794372294372294
Pre-2020,XGBoost,HighCap,2022,0.2761904761904762
Pre-2020,RandomForest,HighCap,2022,0.4583333333333333
Pre-2020,LightGBM,HighCap,2022,0.32916666666666666
Pre-2020,Logistic,HighCap,2022,0.40158730158730155
Pre-2020,TabNet,HighCap,2022,0.03335371024324513
Pre-2020,TabNetVREx,HighCap,2022,0.09995928603999739
Pre-2020,CatBoost,Regularized,2022,0.27976190476190477
Pre-2020,XGBoost,Regularized,2022,0.2519230769230769
Pre-2020,RandomForest,Regularized,2022,0.37976190476190474
Pre-2020,LightGBM,Regularized,2022,0.2922619047619048
Pre-2020,Logistic,Regularized,2022,0.29166666666666663
Pre-2020,TabNet,Regularized,2022,0.33706896551724136
Pre-2020,TabNetVREx,Regularized,2022,0.2263548951048951
Pre-2020,CatBoost,ExtShallow,2022,0.2992424242424242
Pre-2020,XGBoost,ExtShallow,2022,0.33247863247863246
Pre-2020,RandomForest,ExtShallow,2022,0.3318452380952381
Pre-2020,LightGBM,ExtShallow,2022,0.28585164835164834
Pre-2020,Logistic,ExtShallow,2022,0.2644230769230769
Pre-2020,TabNet,ExtShallow,2022,0.09893031131512921
Pre-2020,TabNetVREx,ExtShallow,2022,0.11481159059818431
Pre-2020,CatBoost,ExtDeep,2022,0.6396103896103896
Pre-2020,XGBoost,ExtDeep,2022,0.41025641025641024
Pre-2020,RandomForest,ExtDeep,2022,0.5520833333333333
Pre-2020,LightGBM,ExtDeep,2022,0.3081709956709957
Pre-2020,Logistic,ExtDeep,2022,0.32767857142857143
Pre-2020,TabNet,ExtDeep,2022,0.16479378916152485
Pre-2020,TabNetVREx,ExtDeep,2022,0.10053175990675992
Pre-2020,CatBoost,Default,2023,0.8757783882783882
Pre-2020,XGBoost,Default,2023,0.7966117216117216
Pre-2020,RandomForest,Default,2023,0.8548523698523698
Pre-2020,LightGBM,Default,2023,0.7828860028860027
Pre-2020,Logistic,Default,2023,0.7847527472527472
Pre-2020,TabNet,Default,2023,0.6142316017316017
Pre-2020,TabNetVREx,Default,2023,0.262999944343705
Pre-2020,CatBoost,HighCap,2023,0.8230341880341879
Pre-2020,XGBoost,HighCap,2023,0.8308974358974358
Pre-2020,RandomForest,HighCap,2023,0.8438736263736263
Pre-2020,LightGBM,HighCap,2023,0.7225649350649351
Pre-2020,Logistic,HighCap,2023,0.7667199467199467
Pre-2020,TabNet,HighCap,2023,0.2167467272460484
Pre-2020,TabNetVREx,HighCap,2023,0.07479732984824145
Pre-2020,CatBoost,Regularized,2023,0.8243578643578643
Pre-2020,XGBoost,Regularized,2023,0.8043894993894993
Pre-2020,RandomForest,Regularized,2023,0.8315323565323564
Pre-2020,LightGBM,Regularized,2023,0.8402120102120101
Pre-2020,Logistic,Regularized,2023,0.7791197691197691
Pre-2020,TabNet,Regularized,2023,0.263934401486549
Pre-2020,TabNetVREx,Regularized,2023,0.43737064565868916
Pre-2020,CatBoost,ExtShallow,2023,0.7068939393939393
Pre-2020,XGBoost,ExtShallow,2023,0.7758180708180707
Pre-2020,RandomForest,ExtShallow,2023,0.821078921078921
Pre-2020,LightGBM,ExtShallow,2023,0.8038566988566989
Pre-2020,Logistic,ExtShallow,2023,0.7651037851037851
Pre-2020,TabNet,ExtShallow,2023,0.5366187244128421
Pre-2020,TabNetVREx,ExtShallow,2023,0.531673669467787
Pre-2020,CatBoost,ExtDeep,2023,0.8684706959706959
Pre-2020,XGBoost,ExtDeep,2023,0.7801748251748252
Pre-2020,RandomForest,ExtDeep,2023,0.8490384615384615
Pre-2020,LightGBM,ExtDeep,2023,0.7119605394605394
Pre-2020,Logistic,ExtDeep,2023,0.7343506493506493
Pre-2020,TabNet,ExtDeep,2023,0.23038387712386874
Pre-2020,TabNetVREx,ExtDeep,2023,0.1800980293097722
Pre-2020,CatBoost,Default,2024,0.4720634920634921
Pre-2020,XGBoost,Default,2024,0.7753968253968253
Pre-2020,RandomForest,Default,2024,0.696190476190476
Pre-2020,LightGBM,Default,2024,0.5592857142857143
Pre-2020,Logistic,Default,2024,0.39388888888888884
Pre-2020,TabNet,Default,2024,0.6116666666666666
Pre-2020,TabNetVREx,Default,2024,0.15808694450203883
Pre-2020,CatBoost,HighCap,2024,0.7753968253968253
Pre-2020,XGBoost,HighCap,2024,0.6644444444444444
Pre-2020,RandomForest,HighCap,2024,0.5453968253968253
Pre-2020,LightGBM,HighCap,2024,0.6587301587301588
Pre-2020,Logistic,HighCap,2024,0.4046031746031746
Pre-2020,TabNet,HighCap,2024,0.12432306255835666
Pre-2020,TabNetVREx,HighCap,2024,0.014371091696878632
Pre-2020,CatBoost,Regularized,2024,0.7783333333333333
Pre-2020,XGBoost,Regularized,2024,0.8444444444444443
Pre-2020,RandomForest,Regularized,2024,1.0
Pre-2020,LightGBM,Regularized,2024,0.8528571428571428
Pre-2020,Logistic,Regularized,2024,0.5253968253968254
Pre-2020,TabNet,Regularized,2024,0.15412742019884876
Pre-2020,TabNetVREx,Regularized,2024,0.1437587412587413
Pre-2020,CatBoost,ExtShallow,2024,0.5587301587301587
Pre-2020,XGBoost,ExtShallow,2024,0.7944444444444445
Pre-2020,RandomForest,ExtShallow,2024,0.5311111111111111
Pre-2020,LightGBM,ExtShallow,2024,0.7277777777777779
Pre-2020,Logistic,ExtShallow,2024,0.6511111111111112
Pre-2020,TabNet,ExtShallow,2024,0.23534798534798537
Pre-2020,TabNetVREx,ExtShallow,2024,0.19363153786104606
Pre-2020,CatBoost,ExtDeep,2024,0.8083333333333333
Pre-2020,XGBoost,ExtDeep,2024,0.8528571428571428
Pre-2020,RandomForest,ExtDeep,2024,0.525952380952381
Pre-2020,LightGBM,ExtDeep,2024,0.7592857142857143
Pre-2020,Logistic,ExtDeep,2024,0.4046031746031746
Pre-2020,TabNet,ExtDeep,2024,0.17606491842968344
Pre-2020,TabNetVREx,ExtDeep,2024,0.05436510807087979
Pre-2021,CatBoost,Default,2022,0.25270562770562766
Pre-2021,XGBoost,Default,2022,0.25270562770562766
Pre-2021,RandomForest,Default,2022,0.4665334665334665
Pre-2021,LightGBM,Default,2022,0.28035714285714286
Pre-2021,Logistic,Default,2022,0.3075757575757576
Pre-2021,TabNet,Default,2022,0.27601010101010104
Pre-2021,TabNetVREx,Default,2022,0.16765873015873017
Pre-2021,CatBoost,HighCap,2022,0.3374542124542124
Pre-2021,XGBoost,HighCap,2022,0.32294372294372287
Pre-2021,RandomForest,HighCap,2022,0.5685897435897436
Pre-2021,LightGBM,HighCap,2022,0.35892857142857143
Pre-2021,Logistic,HighCap,2022,0.2973484848484848
Pre-2021,TabNet,HighCap,2022,0.05221498452630528
Pre-2021,TabNetVREx,HighCap,2022,0.0895727503628447
Pre-2021,CatBoost,Regularized,2022,0.23707542457542458
Pre-2021,XGBoost,Regularized,2022,0.25766594516594515
Pre-2021,RandomForest,Regularized,2022,0.35119047619047616
Pre-2021,LightGBM,Regularized,2022,0.2416208791208791
Pre-2021,Logistic,Regularized,2022,0.29358974358974355
Pre-2021,TabNet,Regularized,2022,0.23198529411764707
Pre-2021,TabNetVREx,Regularized,2022,0.06286377980364657
Pre-2021,CatBoost,ExtShallow,2022,0.22622863247863248
Pre-2021,XGBoost,ExtShallow,2022,0.4506604506604507
Pre-2021,RandomForest,ExtShallow,2022,0.31994047619047616
Pre-2021,LightGBM,ExtShallow,2022,0.24642857142857144
Pre-2021,Logistic,ExtShallow,2022,0.2701048951048951
Pre-2021,TabNet,ExtShallow,2022,0.0915273572901584
Pre-2021,TabNetVREx,ExtShallow,2022,0.06652735729015839
Pre-2021,CatBoost,ExtDeep,2022,0.48392857142857143
Pre-2021,XGBoost,ExtDeep,2022,0.33247863247863246
Pre-2021,RandomForest,ExtDeep,2022,0.5201048951048951
Pre-2021,LightGBM,ExtDeep,2022,0.48392857142857143
Pre-2021,Logistic,ExtDeep,2022,0.28733766233766234
Pre-2021,TabNet,ExtDeep,2022,0.08875
Pre-2021,TabNetVREx,ExtDeep,2022,0.019736187029385364
Pre-2021,CatBoost,Default,2023,0.7449891774891775
Pre-2021,XGBoost,Default,2023,0.750605228105228
Pre-2021,RandomForest,Default,2023,0.8410958485958485
Pre-2021,LightGBM,Default,2023,0.8128310578310577
Pre-2021,Logistic,Default,2023,0.7967199467199466
Pre-2021,TabNet,Default,2023,0.5528712902164915
Pre-2021,TabNetVREx,Default,2023,0.2243056166018676
Pre-2021,CatBoost,HighCap,2023,0.9073260073260072
Pre-2021,XGBoost,HighCap,2023,0.7365179265179264
Pre-2021,RandomForest,HighCap,2023,0.8391117216117215
Pre-2021,LightGBM,HighCap,2023,0.7757242757242756
Pre-2021,Logistic,HighCap,2023,0.7723909423909423
Pre-2021,TabNet,HighCap,2023,0.1371468393295993
Pre-2021,TabNetVREx,HighCap,2023,0.3921102910877873
Pre-2021,CatBoost,Regularized,2023,0.8493578643578642
Pre-2021,XGBoost,Regularized,2023,0.8514757464757464
Pre-2021,RandomForest,Regularized,2023,0.7081990231990233
Pre-2021,LightGBM,Regularized,2023,0.8567704517704517
Pre-2021,Logistic,Regularized,2023,0.739155844155844
Pre-2021,TabNet,Regularized,2023,0.3196944581404835
Pre-2021,TabNetVREx,Regularized,2023,0.4466950455957474
Pre-2021,CatBoost,ExtShallow,2023,0.8532539682539683
Pre-2021,XGBoost,ExtShallow,2023,0.8744444444444445
Pre-2021,RandomForest,ExtShallow,2023,0.7924464424464424
Pre-2021,LightGBM,ExtShallow,2023,0.8031593406593407
Pre-2021,Logistic,ExtShallow,2023,0.7603418803418803
Pre-2021,TabNet,ExtShallow,2023,0.3945995670995671
Pre-2021,TabNetVREx,ExtShallow,2023,0.38402658296520187
Pre-2021,CatBoost,ExtDeep,2023,0.8391117216117215
Pre-2021,XGBoost,ExtDeep,2023,0.7507242757242757
Pre-2021,RandomForest,ExtDeep,2023,0.7805860805860805
Pre-2021,LightGBM,ExtDeep,2023,0.769057609057609
Pre-2021,Logistic,ExtDeep,2023,0.7131845931845932
Pre-2021,TabNet,ExtDeep,2023,0.17597702702596105
Pre-2021,TabNetVREx,ExtDeep,2023,0.11160180790373019
Pre-2021,CatBoost,Default,2024,0.711111111111111
Pre-2021,XGBoost,Default,2024,0.7453968253968253
Pre-2021,RandomForest,Default,2024,0.5644444444444444
Pre-2021,LightGBM,Default,2024,0.6587301587301588
Pre-2021,Logistic,Default,2024,0.39388888888888884
Pre-2021,TabNet,Default,2024,0.33939393939393936
Pre-2021,TabNetVREx,Default,2024,0.03670045035589031
Pre-2021,CatBoost,HighCap,2024,0.5644444444444444
Pre-2021,XGBoost,HighCap,2024,0.7453968253968253
Pre-2021,RandomForest,HighCap,2024,0.6587301587301588
Pre-2021,LightGBM,HighCap,2024,0.6226190476190476
Pre-2021,Logistic,HighCap,2024,0.38055555555555554
Pre-2021,TabNet,HighCap,2024,0.038457534268146645
Pre-2021,TabNetVREx,HighCap,2024,0.05065130746924541
Pre-2021,CatBoost,Regularized,2024,0.7392857142857143
Pre-2021,XGBoost,Regularized,2024,0.7753968253968253
Pre-2021,RandomForest,Regularized,2024,0.9666666666666666
Pre-2021,LightGBM,Regularized,2024,0.911111111111111
Pre-2021,Logistic,Regularized,2024,0.5587301587301587
Pre-2021,TabNet,Regularized,2024,0.23262432012432016
Pre-2021,TabNetVREx,Regularized,2024,0.29886401326699835
Pre-2021,CatBoost,ExtShallow,2024,0.5120634920634921
Pre-2021,XGBoost,ExtShallow,2024,0.8083333333333333
Pre-2021,RandomForest,ExtShallow,2024,0.5628571428571428
Pre-2021,LightGBM,ExtShallow,2024,0.7544444444444445
Pre-2021,Logistic,ExtShallow,2024,0.6511111111111112
Pre-2021,TabNet,ExtShallow,2024,0.25857142857142856
Pre-2021,TabNetVREx,ExtShallow,2024,0.2546498599439776
Pre-2021,CatBoost,ExtDeep,2024,0.7944444444444443
Pre-2021,XGBoost,ExtDeep,2024,0.7611111111111111
Pre-2021,RandomForest,ExtDeep,2024,0.6726190476190477
Pre-2021,LightGBM,ExtDeep,2024,0.6226190476190476
Pre-2021,Logistic,ExtDeep,2024,0.3821789321789321
Pre-2021,TabNet,ExtDeep,2024,0.1477199732351957
Pre-2021,TabNetVREx,ExtDeep,2024,0.03806342575446021
Pre-2022,CatBoost,Default,2023,0.7442307692307691
Pre-2022,XGBoost,Default,2023,0.7586247086247085
Pre-2022,RandomForest,Default,2023,0.8098151848151848
Pre-2022,LightGBM,Default,2023,0.8029292929292928
Pre-2022,Logistic,Default,2023,0.76755328005328
Pre-2022,TabNet,Default,2023,0.6116827616827616
Pre-2022,TabNetVREx,Default,2023,0.17365319489499478
Pre-2022,CatBoost,HighCap,2023,0.7504220779220778
Pre-2022,XGBoost,HighCap,2023,0.7237545787545786
Pre-2022,RandomForest,HighCap,2023,0.8078860028860029
Pre-2022,LightGBM,HighCap,2023,0.6873260073260073
Pre-2022,Logistic,HighCap,2023,0.6781845931845931
Pre-2022,TabNet,HighCap,2023,0.22366610165790496
Pre-2022,TabNetVREx,HighCap,2023,0.1417214637691189
Pre-2022,CatBoost,Regularized,2023,0.8361294261294261
Pre-2022,XGBoost,Regularized,2023,0.8014818514818515
Pre-2022,RandomForest,Regularized,2023,0.7321503496503495
Pre-2022,LightGBM,Regularized,2023,0.7996503496503496
Pre-2022,Logistic,Regularized,2023,0.7862626262626262
Pre-2022,TabNet,Regularized,2023,0.3620028071343861
Pre-2022,TabNetVREx,Regularized,2023,0.295989321998756
Pre-2022,CatBoost,ExtShallow,2023,0.860103785103785
Pre-2022,XGBoost,ExtShallow,2023,0.9353174603174603
Pre-2022,RandomForest,ExtShallow,2023,0.7855844155844156
Pre-2022,LightGBM,ExtShallow,2023,0.7781926406926407
Pre-2022,Logistic,ExtShallow,2023,0.7984371184371184
Pre-2022,TabNet,ExtShallow,2023,0.4133925796425796
Pre-2022,TabNetVREx,ExtShallow,2023,0.4107238198309627
Pre-2022,CatBoost,ExtDeep,2023,0.7634920634920633
Pre-2022,XGBoost,ExtDeep,2023,0.6921320346320345
Pre-2022,RandomForest,ExtDeep,2023,0.6987554112554112
Pre-2022,LightGBM,ExtDeep,2023,0.720108225108225
Pre-2022,Logistic,ExtDeep,2023,0.6189435564435564
Pre-2022,TabNet,ExtDeep,2023,0.5625185925185925
Pre-2022,TabNetVREx,ExtDeep,2023,0.04517732979385559
Pre-2022,CatBoost,Default,2024,0.5911111111111111
Pre-2022,XGBoost,Default,2024,0.6253968253968254
Pre-2022,RandomForest,Default,2024,0.5253968253968254
Pre-2022,LightGBM,Default,2024,0.4434920634920635
Pre-2022,Logistic,Default,2024,0.38055555555555554
Pre-2022,TabNet,Default,2024,0.5783333333333333
Pre-2022,TabNetVREx,Default,2024,0.03914356980472329
Pre-2022,CatBoost,HighCap,2024,0.6644444444444444
Pre-2022,XGBoost,HighCap,2024,0.6392857142857142
Pre-2022,RandomForest,HighCap,2024,0.711111111111111
Pre-2022,LightGBM,HighCap,2024,0.5392857142857143
Pre-2022,Logistic,HighCap,2024,0.3912698412698412
Pre-2022,TabNet,HighCap,2024,0.10794554205203771
Pre-2022,TabNetVREx,HighCap,2024,0.060402752024727585
Pre-2022,CatBoost,Regularized,2024,0.7253968253968255
Pre-2022,XGBoost,Regularized,2024,0.6444444444444444
Pre-2022,RandomForest,Regularized,2024,1.0
Pre-2022,LightGBM,Regularized,2024,0.7253968253968254
Pre-2022,Logistic,Regularized,2024,0.5587301587301587
Pre-2022,TabNet,Regularized,2024,0.12948179271708682
Pre-2022,TabNetVREx,Regularized,2024,0.15886860601327607
Pre-2022,CatBoost,ExtShallow,2024,0.6644444444444444
Pre-2022,XGBoost,ExtShallow,2024,0.6968253968253968
Pre-2022,RandomForest,ExtShallow,2024,0.525952380952381
Pre-2022,LightGBM,ExtShallow,2024,0.7453968253968253
Pre-2022,Logistic,ExtShallow,2024,0.6511111111111112
Pre-2022,TabNet,ExtShallow,2024,0.30050505050505055
Pre-2022,TabNetVREx,ExtShallow,2024,0.29383838383838384
Pre-2022,CatBoost,ExtDeep,2024,0.6787301587301586
Pre-2022,XGBoost,ExtDeep,2024,0.7453968253968253
Pre-2022,RandomForest,ExtDeep,2024,0.6587301587301588
Pre-2022,LightGBM,ExtDeep,2024,0.48595238095238097
Pre-2022,Logistic,ExtDeep,2024,0.38055555555555554
Pre-2022,TabNet,ExtDeep,2024,0.25793650793650796
Pre-2022,TabNetVREx,ExtDeep,2024,0.017622031318513254
