"CASE_NUMBER","CASE_NAME","SUB_TYPE","APPLICATION_START_DATE","DETAILED_STATUS","COUNCIL_DISTRICT","PROPOSED_ZONING","EXISTING_ZONING","TCAD_ID","DESCRIPTION_OF_WORK","LATITUDE","LONGITUDE"
"NPA-2021-0018.01","McCarleys .32","Amended Neighborhood Plan","02/11/2021","Closed","7","","","0228060319","The applicant is proposing to amend an approved neighborhood plan.","30.32817519","-97.73202996"
"NPA-2024-0019.02","34th and West (FLUM Amendment)","Amended Neighborhood Plan","12/04/2024","Closed","9","","","0218030747","The applicant is requesting a NPA.","30.30226739","-97.74332759"
"NPA-2024-0030.01","1500 W Stassney Lane NPA","Amended Neighborhood Plan","03/13/2024","Closed","2","","","0414140214","The applicant is requesting an NPA.","30.21282301","-97.79174420"
"NPA-2023-0024.01","Radius at the Domain","Amended Neighborhood Plan","03/01/2023","Closed","7","NBG-TOD-Gateway-NP","NBG-NP and NBG-TOD-NP","0258100103","The applicant is requesting a NPA.","30.40485376","-97.71371186"
"C814-82-006.02(83)","Lake Austin Commons PUD Amendment","Planned Unit Development (PUD)","02/21/2024","Closed","9","PUD NP","PUD NP","0109040126","The applicant is proposing to amend a previously approved PUD.","30.27580818","-97.76514466"
"NPA-2024-0019.01","Red River","Amended Neighborhood Plan","07/25/2024","Closed","9","","","0218090203","The applicant is proposing to Amend previous Neighborhood Plan; FLUM change from Single Family to Neighborhood Mixed Use.","30.30298259","-97.72056597"
"NPA-2022-0022.01","406 and 428 E. Alpine Rd.","Amended Neighborhood Plan","07/20/2022","Closed","3","","","0410010437","The applicant is proposing to amend FLUM from Office to Mixed Use.","30.22489000","-97.75726332"
"NPA-2022-0031.01","8640 and 8700 Shoal Creek Blvd.","Amended Neighborhood Plan","08/24/2022","Closed","7","","","0245040601","The applicant is proposing to change the Future Land Use Map of the North Shoal Creek Neighborhood Plan from Industry to
Mixed-Use Activity Corridor.","30.37300013","-97.73730754"
"NPA-2019-0027.02","2401 Winsted Ln","Amended Neighborhood Plan","02/28/2019","Closed","10","","","0116030618","The Applicant proposes to amend a previously approved neighborhood plan.","30.29272774","-97.76046024"
"C814-2009-0094.02","Whisper Valley PUD Amendment II","Planned Unit Development (PUD)","06/14/2019","Closed","1","PUD, to change a condition of zoning","PUD","0218600125","The Applicant is proposing to amend a previously approved PUD, to modify the location of the proposed collector to the north of Braker Lane on the Park Improvement Plan.","30.30209165","-97.56466268"
"NPA-2024-0016.01.SH","4900 Gonzales Redevelopment","Amended Neighborhood Plan","02/21/2024","Closed","3","CS-MU-V-NP","P-NP","0202160103","The applicant is proposing neighborhood plan amendment.","30.25591794","-97.69770778"
"NPA-2024-0026.01","301 & 303 Ferguson - automotive repair and automotive sales uses","Amended Neighborhood Plan","04/02/2024","Closed","4","","","0245210412","The Applicant is proposing to amend a previously approved Neighborhood Plan.","30.37600574","-97.68574362"
"NPA-2025-0017.01","NPAs for the North Lamar Transit Center Station Area Vision Plan","Amended Neighborhood Plan","02/03/2025","Closed","4","","","0236120411","The City of Austin Planning Department is proposing to amend a previously approved neighborhood plan.","30.34856217","-97.71426068"
"C814-2012-0128.03.SH","thinkEAST Austin PUD","Planned Unit Development (PUD)","10/31/2019","Closed","3","PUD-NP","PUD-NP","0204190405","The Applicant is proposing to amend 10.83 acres of an approved Planned Unit Development, to increase the maximum height and number of stories, and the maximum number of multifamily residential units.","30.26269907","-97.69110353"
"NPA-2022-0014.03","Chapman 71","Amended Neighborhood Plan","08/03/2022","Closed","2","","","0314060304","The applicant is proposing to amend a previously approved neighborhood plan.","30.21244513","-97.72845524"
"NPA-2025-0026.01","NPAs for the North Lamar Transit Center Station Area Vision Plan","Amended Neighborhood Plan","02/03/2025","Closed","4","","","0234140110","The City of Austin Planning Department is proposing to amend a previously approved neighborhood plan.","30.34463818","-97.70529164"
"NPA-2022-0016.02","Borden Tract","Amended Neighborhood Plan","07/18/2022","Closed","3","","","0302170107","The applicant is proposing to Amend the Future Land Use Map from Industry to Mixed Use","30.24866513","-97.69289410"
"C814-2024-0001","500 South Congress PUD","Planned Unit Development (PUD)","05/13/2024","Closed","9","PUD-NP","CS-1-NP","0202000121","The applicant is requesting a PUD.","30.25686168","-97.74807490"
"NPA-2025-0007.01","NPAs for the North Lamar Transit Center Station Area Vision Plan","Amended Neighborhood Plan","02/03/2025","Closed","4","","","0236120312","The City of Austin Planning Department is proposing to amend a previously approved neighborhood plan.","30.34960108","-97.71193651"
"NPA-2020-0002.02","6th & Onion","Amended Neighborhood Plan","07/31/2020","Closed","3","","","0204063201","The applicant is proposing to amend a previously approved neighborhood plan.","30.26289975","-97.72735692"
"NPA-2021-0017.01","7113 BURNET ROAD","Amended Neighborhood Plan","02/11/2021","Closed","7","","","0235040306","The applicant is proposing an amendment to a previously approved neighborhood plan.","30.34745852","-97.73545167"
"NPA-2023-0018.03","5514 Grover and 5515 Roosevelt Avenue","Amended Neighborhood Plan","02/24/2023","Closed","7","MF-5-NP","SF-3-NP","0228060909","The Applicant is requesting an NP Amendment from Single Family to Multifamily land use. 

Related case:  C14-2023-0065","30.32654711","-97.73217214"
"C814-2023-0057","200 E. Riverside PUD","Planned Unit Development (PUD)","04/07/2023","Closed","9","PUD-NP, planned unit development - neighborhood plan","L-NP, lake commercial - neighborhood plan","0201011106","The Applicant is proposing to rezone approximately 3.955 acres from L-NP to PUD-NP.

Related case:  CD-2022-0003","30.25532308","-97.74406726"
"NPA-2025-0022.01","NPAs for the South Congress Transit Center Station Area Vision Plan","Amended Neighborhood Plan","02/03/2025","Closed","3","","","0410030607","The City of Austin Planning Department is proposing to amend a previously approved neighborhood plan.","30.22221713","-97.76097983"
"C814-2012-0163.01","Sun Chase PUD Amendment #1","Planned Unit Development (PUD)","08/17/2023","Closed","2","PUD, planned unit development, to 1) modify to the alignment of rights-of-way, including the location of Sun Chase Parkway, 2) adjust use district boundaries, 3) change private and public parkland within the Property, 4) provide clarification on the method for assessing the protected trees, and 5) incorporate the above-referenced adjustments to certain PUD exhibits","PUD, planned unit development","0336520134","The Applicant is proposing the first amendment to 1418.135 acres within the Sun Chase PUD, to 1) modify to the alignment of rights-of-way, including the location of Sun Chase Parkway, 2) adjust use di","30.15349491","-97.59166208"
"NPA-2023-0025.01","5725 W US 290 HIGHWAY","Amended Neighborhood Plan","03/02/2023","Closed","8","","GR-NP","0406280503","The applicant proposes to amend a previously approved neighborhood plan.","30.23526178","-97.84676683"
"NPA-2022-0015.04","Hudson #3","Amended Neighborhood Plan","07/26/2022","Closed","1","","","0207240205","The applicant is proposing to amend previously approved Neighborhood Plan","30.26986818","-97.67244375"
"C814-06-0175.06","East Avenue PUD Amendment #6, Parcel A","Planned Unit Development (PUD)","03/27/2024","Closed","9","PUD","PUD","0215080826","The Applicant is proposing to amend 1.13 acres of a previously approved PUD to allow development to comply with modified Great Streets Program criteria or standards on Parcel A. (Administrative)","30.29333413","-97.72096028"
"NPA-2019-0022.02","305 S Congress PUD First Plan Amendment","Amended Neighborhood Plan","07/24/2019","Closed","9","","","0203020202","Out-of-Cycle approval by Asst. Dir. Jerry Rusthoven. See memo from him in the application packet that is attached.","30.25882293","-97.74400192"
"NPA-2022-0027.01","SHQ W 35th","Amended Neighborhood Plan","02/06/2022","Closed","10","","","0120010903","The applicant is proposing to Amend a previous neighborhood plan.","30.30809290","-97.75384407"
"NPA-2023-0013.02","700 Dawson","Amended Neighborhood Plan","02/28/2023","Closed","9","","","0102020304","The applicant is proposing a NPA.","30.25814302","-97.75693370"
"C814-2008-0165.01","East Riverside PUD Amendment #1","Planned Unit Development (PUD)","11/08/2023","Closed","9","PUD-NP","PUD-NP","0201011108","The Applicant is proposing to amend a previously approved Planned Unit Development.","30.25542233","-97.74312684"
"NPA-2018-0007.01","Mechanic Shop","Amended Neighborhood Plan","02/28/2018","Closed","4","","","0246180513","The applicant is proposing an amendment to an adopted neighborhood plan.","30.37941672","-97.69203881"
"C814-2009-0139.03","Bull Creek PUD Amendment #3","Planned Unit Development (PUD)","02/11/2020","Closed","10","PUD, planned unit development","PUD, planned unit development","0135110101","The Applicant proposes to amend a previously approved Planned Unit Development, to incorporate landscape design improvements, and allow civic and cultural services uses. 

Note:  Property addressed","30.34966950","-97.78561110"
"NPA-2021-0011.01","MOD 53.5 NPA","Amended Neighborhood Plan","03/11/2021","Closed","4","MF-6-NP","SF-3-NP","0223120903","Neighborhood Plan Amendment","30.31410263","-97.71303716"
"C814-05-0069.01","Watersedge PUD - First Amendment","Planned Unit Development (PUD)","05/22/2025","Closed","2","PUD","PUD","0323410122","The applicant is requesting the 1st amendment (administrative) to a previously approved PUD. The purpose of this PUD amendment is to revise the limits of various parcels.

Administrative Approval on S","30.19744476","-97.59248561"
"C814-2017-0024.01","Holdsworth Center PUD","Planned Unit Development (PUD)","05/18/2018","Closed","10","PUD - PLANNED UNIT DEVELOPMENT","PUD - PLANNED UNIT DEVELOPMENT","0134180501","The Applicant is proposing an administrative amendment to revise the site layout and the bore alignment to correct some minor deviations between the PUD concept plan and the final design.","30.34826870","-97.78570518"
"NPA-2022-0023.02","E. 51st and Cameron","Amended Neighborhood Plan","08/04/2022","Closed","4","","","0221130230","The applicant is proposing to amend a previously approved neighborhood plan.","30.30927471","-97.70774456"
"NPA-2022-0010.03","Holly Mixed Use","Amended Neighborhood Plan","07/29/2022","Closed","3","","","0202100730","The applicant is proposing to amend a previously approved neighborhood plan.","30.25558988","-97.71820508"
"C14-2022-0062","Industrial Blvd and Terry O Ln","Planned Development Agreement (PDA)","05/04/2022","Closed","3","LI-PDA-NP, limited industrial services - planned development area - neighborhood plan","LI-NP, limited industrial services - neighborhood plan","0412040610","The Applicant is proposing to rezone approximately 5.791 acres from LI-NP to LI-PDA-NP.","30.21777407","-97.76077830"
"C14-2020-0150","6705 and 6501 Regiene Road","Planned Development Agreement (PDA)","12/15/2020","Closed","1","LI-PDA-NP, limited industrial services - planned development area - neighborhood plan","SF-2-NP, single family residence - neighborhood plan; LI-NP, limited industrial services-neighborhood plan","0205261304","The Applicant is proposing to rezone approximately 15.69 Acres from SF-2-NP and LI-NP to LI-PDA-NP.","30.26425922","-97.66935385"
"NPA-2022-0014.05","Bergstrom Spur Trail Mixed Use","Amended Neighborhood Plan","08/05/2022","Closed","2","","","0316100601","The applicant is proposing to amend a previously approved neighborhood plan.","30.20564988","-97.71581736"
"NPA-2018-0023.01","Berkman Terraces","Amended Neighborhood Plan","06/04/2018","Closed","4","","","0224190216","The applicant is proposing to rezone from SF-6-NP and LR-MU-NP to GR-MU-NP","30.31593989","-97.69106271"
"NPA-2018-0016.02","PAZ Veterinary","Amended Neighborhood Plan","07/12/2018","Closed","3","GR-NP","GO-NP","0202140801","The applicant is proposing to amend the FLUM to allow for veterinary pet usage and administrative offices.","30.25794670","-97.70408389"
"NPA-2020-0016.01","MSC & CTC Tracts NPA","Amended Neighborhood Plan","07/01/2020","Closed","3","","CS-CO-NP","0202170324","The Applicant is proposing to amend 5.2116 acres out of an approved neighborhood plan from Commercial to Mixed Use land use.","30.25381077","-97.69288011"
"NPA-2019-0019.01","3805 Red River","Amended Neighborhood Plan","02/28/2019","Closed","9","","","0217090103","The Applicant is proposing to change the FLUM for Mixed Use-Office and allow for livable space with associated improvements.","30.29622194","-97.72284718"
"NPA-2019-0015.01","5010 & 5102 Heflin Lane","Amended Neighborhood Plan","07/31/2019","Closed","1","","","0213220613","The applicant is proposing to change a previously established Neighborhood Plan.","30.28400285","-97.67856659"
"NPA-2018-0028.01","Dessau Homes","Amended Neighborhood Plan","07/03/2018","Closed","1","SF-6-NP","SF-3-NP","0241260210","The applicant proposes a change to the Heritage Hills/ Windsor Hills adopted Neighborhood plan. 

Related case:  C14-2018-0075","30.36239880","-97.66897113"
"NPA-2022-0002.01","1700 E 2nd Street","Amended Neighborhood Plan","06/29/2022","Closed","3","","","0204080623","The applicant is proposing to Amend a previously approved neighborhood plan.","30.25891278","-97.72578537"
"C14-2024-0124","1109 S Lamar Boulevard","Planned Development Agreement (PDA)","08/01/2024","Closed","9","CS-1-MU-V-DB90-CO","CS-1-V-CO","0100030201","The applicant is requesting to rezone approximately 0.287 acres from CS-1-V-CO to CS-1-MU-V-DB90-CO.","30.25494589","-97.76179965"
"NPA-2022-0023.01.SH","5107-5115 Lancaster","Amended Neighborhood Plan","02/25/2022","Closed","4","","","0221130305","The applicant is proposing to amend a previously approved neighborhood plan.","30.30817898","-97.70581223"
"C814-96-0003.14","Pioneer Crossing PUD Land Plan Amendment No.14","Planned Unit Development (PUD)","06/20/2018","Closed","","PUD - PLANNED UNIT DEVELOPMENT","PUD - PLANNED UNIT DEVELOPMENT","","The Applicant is proposing a PUD amendment to the land use map and a height increase on 376.38 acres.","",""
"NPA-2022-0007.01","10810 Newmont Road","Amended Neighborhood Plan","02/24/2022","Closed","4","MF-4-NP","SF-2-NP","0246180701","The applicant is proposing to amend a previously approved neighborhood plan.","30.37958222","-97.69246253"
"NPA-2025-0019.01.SH","Waverly North","Amended Neighborhood Plan","03/03/2025","Closed","9","","SF-3-H-NCCD-NP","0218040201","The applicant is requesting an NPA.","30.30063864","-97.73528250"
"NPA-2019-0016.01","Shady Lane Mixed Use","Amended Neighborhood Plan","07/23/2019","Closed","3","","","","NPA","30.25747021","-97.69495343"
"NPA-2021-0016.01.SH","Libertad","Amended Neighborhood Plan","02/24/2021","Closed","3","GR-MU-NP","P-NP","0201200102","The applicant is proposing to amend a previously approved neighborhood plan.","30.25407160","-97.68672687"
"C14-2019-0055","Austin FC","Planned Development Agreement (PDA)","03/08/2019","Closed","7","LI-PDA-NP - Limited Industrial Services-Planned Development Area-Neighborhood Plan","LI-NP - Limited Industrial Services-Neighborhood Plan; NBG-NP - North Burnet Gateway-Neighborhood Plan","0252080709","The Applicant proposes to rezone 23.56 acres from LI-NP & 0.60 acres from NBG-NP to LI-PDA-NP.","30.39033878","-97.72187897"
"NPA-2025-0020.01","NPAs for the South Congress Transit Center Station Area Vision Plan","Amended Neighborhood Plan","02/03/2025","Closed","3","","","0412061301","The City of Austin Planning Department is proposing to amend a previously approved neighborhood plan.","30.21657384","-97.76936384"
"C14-2021-0113","300 & 301 Pressler and 1505 W. 3rd Street - Parcel 3","Planned Development Agreement (PDA)","06/23/2021","Closed","9","LI-PDA-NP, limited industrial services - planned development area - neighborhood plan","LI-CO-NP, limited industrial services - conditional overlay - neighborhood plan","0107030104","The Applicant is proposing to rezone approximately 0.947 acres from LI-CO-NP to LI-PDA-NP","30.27243504","-97.76357402"
"NPA-2021-0029.01.SH","1021 E ST JOHNS AVENUE","Amended Neighborhood Plan","01/11/2021","Closed","4","SF-4A-NP","SF-3-NP","0229160901","The applicant is requesting to amend a previously approved neighborhood plan.","30.32953157","-97.69744380"
"NPA-2019-0015.02","Pecan Springs Residential - Neighborhood Plan Amendment","Amended Neighborhood Plan","12/05/2019","Closed","1","SF-6 - TOWNHOUSE and CONDOMINIUM RESIDENCE-Neighborhood Plan Combining District","SF-3-NP - FAMILY RESIDENCE-Neighborhood Plan Combining District","0215210101","The Applicant proposes an amendment to an existing Neighborhood Plan.","30.29052678","-97.68016195"
"NPA-2019-0028.01","Wonderspaces","Amended Neighborhood Plan","07/30/2019","Closed","4","CS-1-NP","LI-NP","0235210501","The applicant is proposing an amendment to a previously approved Neighborhood Plan.","30.34347398","-97.68520000"
"C814-2012-0160.01","211 South Lamar","Planned Unit Development (PUD)","11/20/2018","Closed","9","PUD, to change conditions of zoning","PUD","0105021401","The Applicant is proposing an amendment to a previously approved Planned Unit Development.","30.26408412","-97.75668011"
"C14-2020-0006","7700 Parmer","Planned Development Agreement (PDA)","01/15/2020","Closed","6","LI-PDA, to add retail shopping center, hotel, restaurant and multifamily as permitted uses","LI-PDA","R379614","The Applicant is proposing to rezone 128.847 acres from / to LI-PDA, to add retail shopping center, hotel, restaurant and multifamily residential as permitted uses.","30.46105192","-97.74658105"
"C14-2021-0157","6600, 6702, 6704 & 6706 Regiene Road","Planned Development Agreement (PDA)","09/03/2021","Closed","1","LI-PDA-NP,  limited industrial services - planned development area - neighborhood plan","LI-NP, limited industrial services - neighborhood plan","0205261201","The Applicant is proposing to rezone approximately 4.26 acres from LI-NP to LI-PDA-NP.","30.26496314","-97.66908095"
"NPA-2020-0021.02","1100 Manlove Street NPA","Amended Neighborhood Plan","07/21/2020","Closed","9","","","0302060220","NPA
Associated Zoning - C14-2020-0081","30.24667773","-97.73396564"
"NPA-2020-0014.02","7800 Burleson Plan Amendment","Amended Neighborhood Plan","07/31/2020","Closed","2","","","0322180120","The Applicant is proposing a neighborhood plan amendment on 15.152 acres from Industry to Mixed Use land use.","30.18969187","-97.69515477"
"C14-2021-0080","Techridge 2","Planned Development Agreement (PDA)","04/19/2021","Closed","7","LI-PDA, limited industrial services - planned development area, to include additional land area and remove the unit cap for multifamily residence use","LI-PDA, limited industrial services - planned development area","0260260403","The Applicant is proposing to an amendment to LI-PDA zoning, to include additional land area and remove the unit cap for multifamily residences.","30.41191337","-97.66443245"
"NPA-2024-0018.02","6817 & 6901 N Lamar","Amended Neighborhood Plan","04/09/2024","Closed","4","","","0231090605","The applicant is requesting an NPA.","30.33612775","-97.71951612"
"NPA-2025-0018.01","NPAs for the North Lamar Transit Center Station Area Vision Plan","Amended Neighborhood Plan","02/03/2025","Closed","4","","","0234110813","The City of Austin Planning Department is proposing to amend a previously approved neighborhood plan.","30.34349989","-97.71216255"
"NPA-2025-0020.03","4811 SOCO","Amended Neighborhood Plan","03/13/2025","Closed","3","","","0414050103","The applicant is requesting an NPA.","30.21223442","-97.76952969"
"NPA-2018-0005.02.SH","Mary Vice Estates PUD Lot 27 Amendment","Amended Neighborhood Plan","07/31/2018","Closed","3","MU","","0305160423","The applicant is proposing a change to the Montopolis Neighborhood plan. 

Related case:  C814-97-0002.01","30.23420367","-97.69703024"
"C14-2023-0109","4323 S Congress Avenue","Planned Development Agreement (PDA)","09/06/2023","Closed","3","LI-PDA-NP","LI-PDA-NP","0412040901","The applicant is proposing to amend a previously approved PDA.","30.21845282","-97.76444885"
"NPA-2020-0015.03","6501 and 6705 Regiene Road","Amended Neighborhood Plan","07/31/2020","Closed","1","","","0205261301","The applicant is proposing to amend a previously approved neighborhood plan.","30.26562178","-97.67046642"
"C14-2023-0046","600 Industrial Blvd.","Planned Development Agreement (PDA)","03/15/2023","Closed","3","LI-PDA-NP, limited industrial services - planned development area - neighborhood plan, to change conditions of zoning, including the maximum height and maximum number of units","LI-PDA-NP, limited industrial services - planned development area - neighborhood plan","0412030109","The Applicant is proposing to amend LI-PDA-NP zoning, to change conditions of zoning, including the maximum height and maximum number of units on 4.262 acres.","30.21759917","-97.75891768"
"NPA-2019-0020.02","Go-Go Mobile Home Park/City Initiated FLUM Change","Amended Neighborhood Plan","01/16/2019","Closed","3","","","0414050103","The Applicant is proposing to change a previously established neighborhood plan. 

Related Rezoning Case:  C14-2019-0025","30.21223442","-97.76952969"
"C14-2022-0029","RedLeaf Highland - Tract 5","Planned Development Agreement (PDA)","02/08/2022","Closed","4","LI-PDA-NP, limited industrial services - planned development area - neighborhood plan","CS-MU-V-NP, general commercial services - mixed use - vertical mixed use building - neighborhood plan","0228130212","The Applicant is proposing to rezone approximately 5.81 acres from CS-MU-V-NP to LI-PDA-NP.","30.32735640","-97.71047055"
"NPA-2023-0015.01","FM 969","Amended Neighborhood Plan","07/25/2023","Closed","1","","","0213280918","The applicant is proposing an NPA.","30.28560099","-97.66057892"
"NPA-2018-0026.02","Powell Lane Apartments","Amended Neighborhood Plan","02/28/2018","Closed","4","","","0235160128","The applicant is proposing to amend an adopted neighborhood plan.","30.34534950","-97.69907596"
"NPA-2021-0007.01","10807 Newmont Rd.","Amended Neighborhood Plan","04/06/2021","Closed","4","CS-MU-NP","SF-2-NP","0246180512","The applicant is proposing to amend a previously approved neighborhood plan.","30.37919609","-97.69214319"
"C814-2018-0122.01","Circuit of the Americas PUD Amendment 1","Planned Unit Development (PUD)","07/20/2023","Closed","2","PUD, planned unit development, to modify the site development regulations to allow for roller coaster structures to be a maximum height of 260 feet for a proposed Outdoor Entertainment use within portions of PUD Areas 5 and 6, on 22.216 acres","PUD, planned unit development","0348310226","The Applicant is proposing the 1st amendment to the PUD to modify the site development regulations to allow for roller coaster structures to be a maximum height of 260 feet for a proposed Outdoor Ente","30.13348882","-97.64141692"
"NPA-2020-0016.04","712 & 714 Pedernales St and 2409 Coronado St","Amended Neighborhood Plan","07/31/2020","Closed","3","","","0204100903","The applicant is proposing to amend a previously approved neighborhood plan.","30.26167603","-97.71374397"
"C14-2022-0167","Parmer Field","Planned Development Agreement (PDA)","11/22/2022","Closed","7","LI-PDA, limited industrial services - planned development area, to add outdoor entertainment as a permitted use of the property","LI-PDA, limited industrial services - planned development area","0258301603","The Applicant proposes to amend Ordinance No. 980430-P, Exhibit I, Section 2.A of the Dell PDA to add outdoor entertainment as a permitted use of the property.","30.40752794","-97.65354934"
"C14-2024-0159","Research Park PDA Amendment","Planned Development Agreement (PDA)","10/22/2024","Closed","6","LI-PDA","Li","0166030310","The applicant is requesting a PDA to C14-2021-0012.","30.43477453","-97.75443047"
"NPA-2019-0012.02","3201 & 3203 Merrie Lynn","Amended Neighborhood Plan","07/31/2019","Closed","9","","","0214120701","The applicant is proposing to amend a previously approved neighborhood plan.","30.28560248","-97.71191571"
"NPA-2020-0027.01","Twin Liquors-Maudies","Amended Neighborhood Plan","09/10/2020","Closed","10","","","0111071007","The applicant is proposing to amend a previously approved neighborhood plan.","30.28258552","-97.77520965"
"C814-06-0109.03","Lakeshore PUD Amendment","Planned Unit Development (PUD)","08/25/2023","Closed","3","PUD-NP","PUD-NP","0302070221","The Applicant is proposing to amend a previously approved Planned Unit Development","30.24305476","-97.72499718"
"NPA-2022-0010.01","2615 - 2617 East 6th Street","Amended Neighborhood Plan","07/28/2022","Closed","3","","","0203110108","The applicant is proposing to amend a previously approved neighborhood plan.

Related case:  C14-2022-0112","30.25817154","-97.71291076"
"C14-96-0007.01","Samsung Austin Semiconductor, LLC","Planned Development Agreement (PDA)","01/17/2019","Closed","1","LI-PDA, to increase the building height","LI- PDA","0242310231","The Applicant is proposing an amendment to Ordinance No. 960229-L to increase the building height.","30.37443568","-97.63540030"
"NPA-2020-0016.03","1135 Gunter St.","Amended Neighborhood Plan","07/20/2020","Closed","3","","","0206150218","The applicant is proposing to amend a previously approved neighborhood plan.","30.26731760","-97.69754549"
"C14-2022-0027","Redleaf Highland - Tract 12","Planned Development Agreement (PDA)","02/08/2022","Closed","4","LI-PDA-NP, limited industrial services - planned development area - neighborhood plan","CS-MU-V-NP, general commercial services - mixed use - vertical mixed use building - neighborhood plan; CS-1-MU-V-NP, commercial-liquor sales - mixed use - vertical mixed use building - neighborhood plan","0227110107","The Applicant is proposing to rezone approximately 8.33 acres from CS-MU-V-NP to LI-PDA-NP.","30.32320978","-97.71091933"
"C814-00-2063.12","Wildhorse Ranch PUD Amendment No. 12","Planned Unit Development (PUD)","11/10/2025","Closed","1","PUD - PLANNED UNIT DEVELOPMENT","PUD - PLANNED UNIT DEVELOPMENT","0226500602","The applicant is proposing an administrative amendment to a previously approved Planned Unit Development Plan.","30.31796196","-97.56811309"
"NPA-2020-0016.02","Trailhead Phase II","Amended Neighborhood Plan","07/24/2020","Closed","3","","","0203180132","The applicant is proposing to amend a previously approved neighborhood plan.","30.25984720","-97.69311740"
"C14-2021-0158","6603 REGIENE ROAD","Planned Development Agreement (PDA)","09/08/2021","Closed","1","LI-PDA-NP, limited industrial services - planned development area - neighborhood plan","SF-2-NP, single family residence - standard lot - neighborhood plan","0205261301","The Applicant is proposing to rezone approximately 0.5142 acres from SF-2-NP to LI-PDA-NP.","30.26510632","-97.67001487"
"NPA-2024-0016.02","5200 E 5th Street NPA","Amended Neighborhood Plan","03/15/2024","Closed","3","","","0200160202","The applicant is requesting an NPA.","30.25175637","-97.69702620"
"C14-2024-0021","6605 Regiene Road","Planned Development Agreement (PDA)","10/10/2023","Closed","1","LI-PDA-NP","LI-CO-NP","0202210102","the applicant is proposing to rezone an approximately 0.56-acre tract from LI-CO-NP to LI-PDA-NPA.","30.26486588","-97.67009121"
"NPA-2022-0017.01","Crestview Village","Amended Neighborhood Plan","02/28/2022","Closed","7","","","0231090303","The applicant is proposing to amend a previously approved neighborhood plan.","30.33715962","-97.71994476"
"NPA-2022-0015.03","Darby Yard 700","Amended Neighborhood Plan","07/27/2022","Closed","1","","","0209261001","The applicant is proposing to amend previously approved Neighborhood Plan.","30.27011636","-97.67062128"
"NPA-2023-0018.02","Koenig","Amended Neighborhood Plan","02/17/2023","Closed","7","MF-6-NP","LO-MU-NP","0230040805","The applicant is proposing a NPA from Mixed Use / Office and Single Family to Multifamily.  

Related case:  C14-2023-0019","30.33355492","-97.73786798"
"C814-04-0055.04.SH","Mueller","Planned Unit Development (PUD)","09/23/2019","Closed","9","PUD","PUD","0217180714","The Applicant proposes a PUD amendment to modify the land use table and site development regulations, increase of the maximum caps related to the # of dwelling units and commercial space, and modify t","30.29475684","-97.69121160"
"NPA-2023-0016.01.SH","Lifeworks lll at Tillery","Amended Neighborhood Plan","02/07/2023","Closed","3","CS-MU-CO-NP","SF-3-NP","0204140104","The applicant is requesting for an NPA.","30.26085347","-97.70192315"
"C10-V-82-033(RCT)","Caruth Administration Center (AISD Site)","Ordinance Zoning Text Amendment","06/25/2018","Closed","9","CS-MU-V-CO-NP","CS-MU-V-CO-NP","0108010314","The Applicant is proposing to terminate a restrictive covenant for a street vacation","30.27207507","-97.75605807"
"C814-2009-0094.03","City Initiated: Whisper Valley PUD Amendment #3","Planned Unit Development (PUD)","02/05/2025","Closed","1","PUD","PUD","0218600125","The Applicant is proposing to amend a previously approved PUD","30.30209165","-97.56466268"
"C17-2018-0086","3900 Berkman Dr.","Capital View Corridor Height","07/24/2018","Closed","9","PUD - PLANNED UNIT DEVELOPMENT","PUD - PLANNED UNIT DEVELOPMENT","0215161508","Capital Corridor Elevation Determination","30.29124190","-97.69936421"
"C814-2020-0132","Central Health PUD","Planned Unit Development (PUD)","11/12/2020","Closed","9","PUD","P","0208051604","At the direction of City Council, City staff has initiated PUD zoning for approximately 14.343 acres.","30.27502739","-97.73378850"
"NPA-2020-0017.02","904 Morrow Street","Amended Neighborhood Plan","02/27/2020","Closed","7","","","0235100613","The Applicant is proposing to amend a previously approved neighborhood plan.","30.34487302","-97.71637129"
"C814-95-0001.02","SOUTH AUSTIN MEDICAL CENTER","Planned Unit Development (PUD)","02/10/2022","Closed","3","PUD, planned unit development, to increase the allowable height on a portion of the site","PUD, planned unit development","0408080602","The Applicant is proposing an amendment to an approved PUD, to increase the allowable height on a portion of the site.","30.22637821","-97.77442753"
"NPA-2021-0009.01","1612 E. 7th Street","Amended Neighborhood Plan","07/29/2021","Closed","1","","","0205081607","The applicant is proposing to amend previously approved neighborhood plan.","30.26394750","-97.72532305"
"NPA-2019-0012.01.SH","The Abali","Amended Neighborhood Plan","03/04/2019","Closed","9","","","0219120202","The applicant proposes to amend a previously approved neighborhood plan.

Related Rezoning Cases:  C14-2019-0046.SH; C14R-87-087(RCT)","30.30467246","-97.71280824"
"C14-2022-0205","Denny's Condos","Planned Development Agreement (PDA)","06/27/2022","Closed","1","LI-PDA-NP, limited industrial services - planned development area - neighborhood plan, as amended","CH-CO-NP, commercial highway services - conditional overlay - neighborhood plan","0209060739","The Applicant is proposing to rezone approximately 1.28 acres from CH-CO-NP to CH-PDA-NP, as amended.","30.27658123","-97.72971910"
"C814-2018-0122","Circuit of the Americas PUD","Planned Unit Development (PUD)","09/24/2018","Closed","2","PUD - PLANNED UNIT DEVELOPMENT","I-RR","0348310226","The Applicant is proposing to zone approximately 1,153 acres from I-RR to Planned Unit Development (PUD).","30.13348882","-97.64141692"
"C814-86-023.02","Camelback (aka 360 Lake Austin)","Planned Unit Development (PUD)","04/19/2022","Closed","10","PUD, planned unit development, to modify the permitted uses in certain districts, minor re-alignment of rights-of-way, slight adjustments to use district boundaries, and clarification of height measurements","PUD, planned unit development","0137150101","The Applicant is proposing to amend the Camelback PUD with a non-substantial modification to Land Use Plan, including modifications to the permitted uses in certain districts, minor re-alignment of ri","30.35496571","-97.80348761"
"NPA-2019-0022.01","200 Academy","Amended Neighborhood Plan","02/27/2019","Closed","9","","","0201010308","The applicant is proposing to change the FLUM for SRCC to allow for mixed use instead of mixed use/office with associated improvements.","30.25257151","-97.74713799"
"NPA-2024-0025.02","5151 W US 290 Hwy NPA","Amended Neighborhood Plan","03/20/2024","Closed","8","CH-PDA-NP","DR-NP","0408230601","The applicant is requesting an NPA.","30.23525262","-97.83076227"
"NPA-2021-0025.02","7715 West State HIghway 71","Amended Neighborhood Plan","03/11/2021","Closed","8","","","","The applicant is proposing to amend a previously approved neighborhood plan.","30.24209909","-97.88245108"
"NPA-2020-0031.01","8803 N Mopac Neighborhood Plan Amendment","Amended Neighborhood Plan","01/31/2020","Closed","10","CS","LI","0245040403","The Applicant is proposing to amend an approved neighborhood plan from Industry to Commerce land use.","30.37595451","-97.73814791"
"NPA-2022-0016.01","830 Airport","Amended Neighborhood Plan","04/04/2022","Closed","3","","","0203180406","The applicant is proposing to amend a previously approved neighborhood plan.","30.25788611","-97.69431475"
"C814-86-023.03","Camelback Planned Unit Development Amendment #3 (aka 360 Lake Austin)","Planned Unit Development (PUD)","01/08/2025","Closed","10","PUD, planned unit development to amend a previously approved land use plan, allowable uses and site development regulations","PUD, planned unit development","0134180410","The Applicant is proposing to amend a previously approved PUD land use plan, allowable uses and site development regulations.","30.35481920","-97.80331068"
"NPA-2019-0020.04","600 Industrial  Blvd.","Amended Neighborhood Plan","02/28/2019","Closed","3","","","0412030109","The Applicant is proposing to change the FLUM from Industry to Mixed Use with associated improvements","30.21759917","-97.75891768"
"NPA-2021-0011.02","Amaya Building Project","Amended Neighborhood Plan","07/26/2021","Closed","4","","","0225120218","The applicant is proposing to modify an existing neighborhood plan.","30.31920325","-97.70813381"
"NPA-2023-0023.01","Sheridan","Amended Neighborhood Plan","06/05/2023","Closed","4","","","0225150226","The applicant is requesting an NPA.","30.32018880","-97.70093587"
"C814-00-2063.10","Wildhorse Ranch PUD","Planned Unit Development (PUD)","07/27/2022","Closed","1","PUD, planned unit development, to accommodate the request of the Austin Transportation Department to locate the proposed realigned Braker Lane arterial through the property to correspond to the recently adopted alignment indicated in the Austin Strategic Mobility Plan","PUD, planned unit development","0227490111","The Applicant is proposing to amend 132.177 acres of the Wildhorse Ranch PUD to accommodate the request of the Austin Transportation Department to locate the proposed realigned Braker Lane arterial th","30.32339023","-97.59342574"
"C814-2008-0136.02","North Austin Medical Center PUD Amendment #2","Planned Unit Development (PUD)","11/29/2022","Closed","7","PUD","PUD","0260130901","The applicant is proposing a PUD Amendment.","30.41218895","-97.70577289"
"NPA-2022-0026.01","8226-8240 Georgian Drive","Amended Neighborhood Plan","02/28/2022","Closed","4","","","0235140120","The applicant is proposing to amend a previously approved neighborhood plan.","30.34858040","-97.70292318"
"C14-2021-0111","300 & 301 Pressler and 1505 W. 3rd Street - Parcel 1","Planned Development Agreement (PDA)","06/21/2021","Closed","9","LI-PDA-NP, limited industrial services - planned development area - neighborhood plan","CS-CO-NP, general commercial services - conditional overlay - neighborhood plan","0107030201","The applicant is proposing to rezone approximately 1.072 acres from CS-CO-NP to LI-PDA-NP.","30.27135577","-97.76091259"
"NPA-2025-0020.02","NPAs for the South Congress Transit Center Station Area Vision Plan","Amended Neighborhood Plan","02/03/2025","Closed","3","","","0414030701","The City of Austin Planning Department is proposing to amend a previously approved neighborhood plan.","30.21501560","-97.76283733"
"NPA-2022-0015.06","Gloucester Dwellings","Amended Neighborhood Plan","08/16/2022","Closed","1","","","0220211520","The applicant is proposing to amend a previously approved neighborhood plan.

Related case:  C14-2022-0115","30.30451204","-97.67761885"
"C14-2021-0140","Interport 2","Planned Development Agreement (PDA)","08/12/2021","Closed","2","LI-PDA, limited industrial services - planned development area, to amend the approved Land Use Plan","LI-PDA, limited industrial services - planned development area","","The Applicant is proposing the 2nd amendment (administrative) to the PDA to amend the approved Land Use Plan attached to the LI-PDA zoning ordinance.","30.20484449","-97.63449193"
"NPA-2022-0005.02","Second Alpha .95","Amended Neighborhood Plan","08/17/2022","Closed","3","","","0310140166","The Applicant is proposing to amend a previously approved neighborhood plan.

NOTE: The plan amendment application was submitted on July 29, 2022 but was process by Intake Staff on August 17, 2022.

R","30.21918368","-97.70330221"
"C14-2024-0170","Duval PDA","Planned Development Agreement (PDA)","11/15/2024","Closed","6","LI-PDA","LI, LI-CO, LO","0162011801","The applicant is requesting to rezone approximately 57.21 acres from LI, LI-CO.LO to LI-PDA.","30.41934576","-97.74626531"
"C814-00-2063.09","Wildhorse Ranch PUD","Planned Unit Development (PUD)","03/30/2022","Closed","1","PUD, planned unit development, to relocate the base zoning for 19.2 acres, specifically Parcels E-3 and E-2 to allow for more commercial property along Parmer Lane without adjusting the proposed land density","PUD, planned unit development","0231550702","The Applicant is proposing to amend a previously approved Planned Unit Development, to relocate the base zoning for 19.2 acres, specifically Parcels E-3 and E-2 to allow for more commercial property a","30.33140048","-97.57704665"
"NPA-2021-0017.02","Stobaugh Residential","Amended Neighborhood Plan","03/12/2021","Closed","7","","","0235100709","The applicant is proposing to amend a previously approved neighborhood plan.","30.34665277","-97.71490235"
"NPA-2024-0018.04","1200 W 49th Rezoning","Amended Neighborhood Plan","07/24/2024","Closed","7","","","0226040424","The applicant is proposing to amend a previously approved neighborhood plan.","30.31905553","-97.73693918"
"NPA-2024-0020.01","6201 CROW LANE","Amended Neighborhood Plan","11/26/2024","Closed","2","LR-MU-NP","LO-MU-NP","0420050205","The applicant is proposing to amend a previously approved Neighborhood Plan
.","30.19719005","-97.77061915"
"C814-2023-0027","311-315 South Congress PUD","Planned Unit Development (PUD)","02/08/2023","Closed","9","PUD-NP,  planned unit development - neighborhood plan","CS-1-V-NP, commercial-liquor sales - vertical mixed use building - neighborhood plan","0203020104","The Applicant is proposing to rezone 0.81 acres from CS-1-V-NP to PUD-NP. 

Related case:  CD-2022-0002","30.25821719","-97.74614719"
"NPA-2021-0023.01.SH","Manor Road and Northeast Drive","Amended Neighborhood Plan","07/30/2021","Closed","4","","","0221250303","The applicant is proposing to amend a previously approved neighborhood plan.","30.30866029","-97.67155162"
"NPA-2023-0020.02","106 RED BIRD LANE","Amended Neighborhood Plan","03/06/2023","Closed","3","","","0415080407","The applicant proposes to amend a previously approved neighborhood plan.

Related case:  C14-2023-0034","30.20695731","-97.77492930"
"NPA-2019-0026.01","Phan Mobile Home Park (City Initiated-NPA)","Amended Neighborhood Plan","01/16/2019","Closed","4","","","0235140230","The City of Austin proposes to amend a previously approved neighborhood plan.","30.34996972","-97.70804173"
"NPA-2022-0019.01.SH","Cady Lofts","Amended Neighborhood Plan","02/28/2022","Closed","9","","","0217090816","The applicant is proposing to amend a previously approved neighborhood plan.","30.29623052","-97.72029870"
"NPA-2019-0013.01","Copeland South","Amended Neighborhood Plan","02/28/2019","Closed","9","","","","The applicant proposes to amend a previously approved neighborhood plan.","30.25456625","-97.75347873"
"NPA-2023-0010.01","518 N. Pleasant Road","Amended Neighborhood Plan","07/20/2023","Closed","3","","","0203110801","The applicant is proposing a NPA.","30.25818220","-97.71235604"
"C14-2021-0191","Domain Central","Planned Development Agreement (PDA)","12/03/2021","Closed","7","MI-PDA, major industry - planned development area, to change a condition of zoning","MI-PDA, major industry - planned development area","0256081014","The Applicant is proposing to amend the PDA to increase the maximum allowable building height on 10.377 acres.

The Applicant amended their request on 1-10-2022 to add a change to the required parking","30.40073682","-97.71925890"
"C814-2012-0152.05","Pilot Knob PUD Amendment #5","Planned Unit Development (PUD)","03/20/2024","Closed","","PUD","PUD","","The Applicant is proposing a fifth amendment (administrative review) to the Pilot Knob PUD to modify the exhibits attached to the PUD ordinance that relocate land use categories within the PUD boundar","",""
"NPA-2023-0015.02","Delano Street Residential","Amended Neighborhood Plan","07/24/2023","Closed","1","","","0211230301","The applicant is requesting an NPA.","30.27775189","-97.67939446"
"NPA-2022-0021.02","Burleson & Ben White","Amended Neighborhood Plan","08/03/2022","Closed","3","","","0311040612","The applicant is proposing to amend a previously approved neighborhood plan.

Related case:  C14-2023-0052","30.21565741","-97.73291616"
"NPA-2021-0015.03","6603 REGIENE ROAD","Amended Neighborhood Plan","07/29/2021","Closed","1","","","0205261301","The applicant is proposing to amend a previously approved neighborhood plan.","30.26510632","-97.67001487"
"C14-2023-0015","200 S. Congress Ave","Planned Development Agreement (PDA)","01/13/2023","Closed","9","LI-PDA-NP, limited industrial services - planned development area - neighborhood plan, to allow Automotive Sales use, indoors only","LI-PDA-NP, limited industrial services - planned development area - neighborhood plan","0203000201","The Applicant is requesting to amend LI-PDA-NP zoning, to allow Automotive Sales use, indoors 
only. The purpose of the PDA amendment is to allow the Property to be redeveloped as a community hub for","30.25983722","-97.74615131"
"NPA-2025-0027.01","Lake Austin","Amended Neighborhood Plan","03/27/2025","Closed","10","","","0110061207","The applicant is proposing to amend previously approved Neighborhood Plan.","30.27859177","-97.77271704"
"NPA-2018-0016.01","Sekrit Theater","Amended Neighborhood Plan","07/02/2018","Closed","3","SF-6-NP","SF-3-NP","0204200844","The applicant is proposing a change to a previously approved neighborhood plan. 

Related case:  C14-2018-0074","30.25955005","-97.68445078"
"NPA-2022-0020.01","Industrial Blvd and Terry O Ln","Amended Neighborhood Plan","02/28/2022","Closed","3","","","0412040610","The applicant is proposing to amend a previously approved neighborhood plan from Industry to Mixed Use.","30.21777407","-97.76077830"
"C814-2018-0121","218 S. Lamar","Planned Unit Development (PUD)","09/28/2018","Closed","9","PUD - PLANNED UNIT DEVELOPMENT","CS-V","0105020102","The Applicant proposes creation of a Planned Unit Development on 1.27 acres.","30.26353980","-97.75806020"
"NPA-2020-0005.01","Montopolis Acres","Amended Neighborhood Plan","07/28/2020","Closed","3","","","0306150225","The applicant is proposing to amend a previously approved neighborhood plan.","30.23312847","-97.69797497"
"NPA-2023-0030.01.SH","Mission South- NPA","Amended Neighborhood Plan","01/26/2023","Closed","2","","","0418120318","The applicant is proposing to amend the FLUM from Neighborhood Node to Mixed Use Activity HUB Corridor
and runs concurrently with a rezoning application.

Related case:  C14-2023-0007.SH","30.20059344","-97.78653445"
"NPA-2023-0020.01","4201 S CONGRESS AVENUE","Amended Neighborhood Plan","03/03/2023","Closed","3","CS-MU-V-NP","LI-CO-NP and LI-NP","0412040101","The applicant proposes to amend a previously approved neighborhood plan.","30.22079042","-97.76457749"
"C814-2021-0099","Brodie Oaks Redevelopment","Planned Unit Development (PUD)","05/20/2021","Closed","5","PUD, planned unit development","Unzoned; GR, community commercial; CS, general commercial services; CS-1, commercial-liquor sales","0407180116","The Applicant is proposing to rezone approximately 37.606 acres from GR, CS-1, CS and UNZ to PUD.","30.23787714","-97.79640623"
"NPA-2021-0016.05.SH","Live Make Apartments","Amended Neighborhood Plan","10/12/2021","Closed","3","","","0206150190","The applicant is proposing to amend a previously approve neighborhood plan.","30.26850965","-97.70067834"
"NPA-2022-0008.01","3117-3121 E 12th Street","Amended Neighborhood Plan","08/03/2022","Closed","1","","","0209150207","The applicant is proposing to amend a previously approved neighborhood plan.","30.27645571","-97.70149467"
"NPA-2019-0007.01","Settlement Home - 8900 Hunters Trace","Amended Neighborhood Plan","10/09/2019","Closed","4","","","0242120315","The applicant is amending a previously approved neighborhood plan.","30.36386794","-97.71318215"
"C814-96-0003.19","Pioneer Crossing PUD Amendment #19","Planned Unit Development (PUD)","06/10/2022","Closed","1","PUD, to modify the acreage for Parcel E15 and the base zoning district to MF-2","PUD","0242310235","The Applicant is proposing an administrative PUD amendment to the Pioneer Crossing PUD to modify the acreage for Parcel E15 to add former ROW area and to change the district designation from GR-MU/SF-","30.36626257","-97.64784483"
"NPA-2019-0021.02","6101 E Oltorf","Amended Neighborhood Plan","07/30/2019","Closed","3","","","0314130109","Neighborhood Plan Amendment - Second Amendment 2019","30.21565645","-97.71370627"
"C814-2014-0110.01.SH","Colony Park Sustainable Communities","Planned Unit Development (PUD)","06/08/2022","Closed","1","PUD, planned unit development, to modify site development standards","PUD, planned unit development","0218310513","The Applicant is proposing to amend the site development regulations for the existing Colony Park PUD.","30.29510143","-97.63422788"
"NPA-2024-0016.04","Strandtman Cove","Amended Neighborhood Plan","12/27/2024","Closed","3","","","0200160433","The applicant is requesting a NPA.","30.25015994","-97.69736758"
"C814-06-0106.03","Hyatt West","Planned Unit Development (PUD)","10/10/2022","Closed","9","PUD-NP, planned unit development - neighborhood plan, to remove the minimum parking requirement for Lot 1, the West Parcel, consisting of 3.321 acres of land","PUD-NP, planned unit development - neighborhood plan","0203000223","The Applicant is proposing an amendment to PUD-NP zoning, to remove the minimum parking requirement for Lot 1, the West Parcel, consisting of 3.321 acres of land.","30.26049310","-97.74825964"
"NPA-2024-0012.01","1106 and 1110 East 30th Street","Amended Neighborhood Plan","03/22/2024","Closed","9","","","0214090420","The applicant is requesting an NPA.","30.28795797","-97.72302314"
"C14-2022-0105","Darby Yard 700","Planned Development Agreement (PDA)","07/25/2022","Closed","1","LI-PDA-NP, limited industrial services - planned development area - neighborhood plan","CS-NP, general commercial services - neighborhood plan; LI-NP, limited industrial services - neighborhood plan","0209261001","The Applicant is proposing to rezone approximately 7.083 acres from LI-NP; CS-NP to LI-PDA-NP.","30.27011636","-97.67062128"
"NPA-2024-0008.02","2967 Manor Road Revision","Amended Neighborhood Plan","07/10/2024","Closed","1","","","0212130707","The applicant is requesting an NPA.","30.28573156","-97.70693668"
"C14-2021-0081","5th & Walsh Rezoning","Planned Development Agreement (PDA)","04/20/2021","Closed","9","LI-PDA-NP, limited industrial services-planned development area-neighborhood plan","CS-MU-CO-NP, general commercial services-mixed use-conditional overlay-neighborhood plan; CS-MU-V-CO-NP, general commercial-mixed use-vertical mixed use building-neighborhood plan","0108031318","The Applicant proposes to rezone 1.3775 acres from CS-MU-CO-NP and CS-MU-V-CO-NP to LI-PDA-NP.","30.27233175","-97.75829146"
"NPA-2020-0014.01","7135 E Ben White Blvd.","Amended Neighborhood Plan","03/18/2020","Closed","2","MF-4-NP - MULTI FAMILY MODERATE-HIGH","LI-NP - LIMITED INDUSTRIAL SERVICES","0315110824","The Applicant is proposing to modify 18.064 acres out of an approved neighborhood plan from Industry to Multifamily land use. 

Related case:  C14-2020-0042","30.21511405","-97.69879581"
"C14-2021-0012","Research Park Rezoning","Planned Development Agreement (PDA)","01/22/2021","Closed","6","LI-PDA","LI","0166030310","The Applicant is proposing to rezone approximately 179.14 acres from LI to LI-PDA .","30.43477453","-97.75443047"
"C814-2018-0122.02","Circuit of the Americas PUD Amendment #2","Planned Unit Development (PUD)","08/05/2024","Closed","2","PUD - PLANNED UNIT DEVELOPMENT","PUD - PLANNED UNIT DEVELOPMENT","0348310226","The Applicant is proposing to a 2nd amendment to the Planned Unit Development (PUD). 

This amendment seeks to modify Exhibits D, G, and H of the COTA PUD Ordinance to relocate and expand land designa","30.13348882","-97.64141692"
"NPA-2020-0003.01","1804 ULIT AVENUE","Amended Neighborhood Plan","07/02/2020","Closed","1","","","0212120113","The applicant is proposing an amendment to a previously approved neighborhood plan.","30.28038576","-97.71248836"
"NPA-2022-0010.02","2000 E 6th Street and 2007 E 7th Street","Amended Neighborhood Plan","08/07/2022","Closed","3","","","0203090407","The applicant is proposing to amend previous FLUM from Mixed use to Specific Regulating District.","30.26152414","-97.72098771"
"NPA-2019-0005.01","Frontier Valley Mobile Home Park  (City Initiated-NPA)","Amended Neighborhood Plan","01/16/2019","Closed","3","","","0308160701","The City of Austin proposes to amend a Previously adopted neighborhood plan.","30.22646107","-97.69380835"
"NPA-2018-0025.01","Southwest Pkwy & Vega","Amended Neighborhood Plan","07/20/2018","Closed","8","GR-MU-NP","LR-MU-NP","0402300101","The applicant proposes to amend a previously approved Neighborhood plan. 

Associated Case: C14-2018-0085","30.24738587","-97.85362330"
"NPA-2021-0010.01","2400 E Cesar Chavez Parking Expansion","Amended Neighborhood Plan","07/07/2021","Closed","3","","","0202100708","The applicant is proposing to Amend previously approved Neighborhood Plan.","30.25540875","-97.71755101"
"NPA-2025-0017.02","NPAs for the North Lamar Transit Center Station Area Vision Plan","Amended Neighborhood Plan","02/03/2025","Closed","7","","","0234110225","The City of Austin Planning Department is proposing to amend a previously approved neighborhood plan.","30.34437444","-97.71525593"
"NPA-2024-0024.02","Stonehollow Tracts","Amended Neighborhood Plan","08/16/2024","Closed","7","","","0256100102","The applicant is requesting an NPA.","30.40069181","-97.70829775"
"C14-2023-0144","Domain Northside PDA Amendment","Planned Development Agreement (PDA)","11/14/2023","Closed","7","PDA","PDA","0256060501","The applicant is proposing to amend a previously approved PDA.","30.40001636","-97.72345393"
"NPA-2023-0018.05","410 KENNISTON DRIVE","Amended Neighborhood Plan","10/11/2023","Closed","4","MF-6-NP","SF-6-NP","0231110318","The applicant proposes to amend a previously approved neighborhood plan.","30.33432096","-97.71494217"
"NPA-2021-0015.02","3101 HIBBETTS ROAD","Amended Neighborhood Plan","07/29/2021","Closed","1","","","0202210103","The applicant is proposing to amend a previously approved neighborhood plan.","30.26589577","-97.67015152"
"NPA-2018-0021.01","5101 East Oltorf","Amended Neighborhood Plan","07/10/2018","Closed","3","GR-MU-CO-NP","GR-CO-NP","","The applicant is proposing to change the FLUM for the property from Commercial to Mixed Use.","",""
"C12M-2022-0001","TC WCID 10","Municipal Utility District (MUD)","03/03/2022","Closed","","1","","0123110360","The applicant is requesting annexation to a Municipal Utility District.","30.31338079","-97.78791643"
"NPA-2024-0012.02","2002 Manor Road Neighborhood Plan Amendment","Amended Neighborhood Plan","05/01/2024","Closed","9","CS-DB90-NP","CS-V-CO-NP","0213100601","The applicant is requesting an NPA.","30.28434650","-97.72044611"
"C814-96-0003.16","Pioneer Crossing PUD Amendment #16","Planned Unit Development (PUD)","02/25/2020","Closed","","PUD, to correct an error in Ordinance No. 20191017-064","PUD","","The Zoning and Platting Commission is initiating a PUD amendment, to correct an error in Ordinance No. 20191017-064.","",""
"NPA-2019-0003.01","David Chapel Missionary Baptist Church","Amended Neighborhood Plan","07/30/2019","Closed","1","","","0209090519","The applicant is proposing to change a previously established neighborhood plan.","30.28008936","-97.71750015"
"NPA-2019-0005.02","Palm Harbor Homes Mobile Home Park","Amended Neighborhood Plan","01/16/2019","Closed","3","","","0307210409","The applicant is proposing to change a previously established Neighborhood Plan 

Related Rezoning Case:  C14-2019-0027","30.23182918","-97.68432106"
"C814-86-009.14","Terrace PUD Amendment #14","Planned Unit Development (PUD)","02/24/2025","Closed","8","PUD","PUD","0401150607","The applicant is requesting a 14th amendment to the Terrace PUD to modify land use.","30.25103739","-97.80127487"
"NPA-2023-0019.01","Duval Street Residences","Amended Neighborhood Plan","12/18/2023","Closed","9","MF-1-CO-NP","SF-3-CO-NP","0217060905","The applicant is proposing an NPA.","30.29561019","-97.73131027"
"C14-2022-0157","Domain l and ll PDA Amendment","Planned Development Agreement (PDA)","10/06/2022","Closed","7","MI-PDA, major industry - planned development area, to allow for additional height up to 420 feet, FAR up to 12:1, and remove the maximum dwelling unit limitation for future redevelopment of additional residential, hotel, office and shopping center uses","MI-PDA, major industry - planned development area","0256060203","The Applicant is proposing to rezone from / to LI-PDA and amend the PDA to allow for additional height up to 420 feet, FAR up to 12:1 and to remove the maximum dwelling unit limitation for future rede","30.40256875","-97.72589147"
"C14-2023-0050","Bolm West PDA","Planned Development Agreement (PDA)","04/03/2023","Closed","3","LI-PDA","LI","0200180201","The applicant is proposing to rezone approximately 71.35 acres from LI to LI-PDA.","30.24985893","-97.68543893"
"NPA-2022-0017.02","7301 Burnet Road","Amended Neighborhood Plan","02/28/2022","Closed","7","","","0235040317","The applicant is proposing to amend a previously approved neighborhood plan.","30.34859256","-97.73522452"
"NPA-2022-0029.02","St. Johns Site","Amended Neighborhood Plan","08/29/2022","Closed","4","","","","The applicant is proposing to amend a previously approved Neighborhood Plan Case. 

Related case:  C14-2022-0118","30.33344344","-97.70324393"
"NPA-2021-0015.04","6600, 6702, 6704 & 6706 REGIENE ROAD","Amended Neighborhood Plan","07/30/2021","Closed","1","","","0207260601","The applicant is proposing to amend a previously approved neighborhood plan.","30.26474849","-97.66973641"
"NPA-2018-0012.02.SH","2107 Alamo Neighborhood Plan Ammendment","Amended Neighborhood Plan","08/22/2018","Closed","1","","","0211091001","The applicant is proposing to change a previously established neighborhood plan.

Related case:  C14-2018-0100.SH","30.28271795","-97.71975498"
"NPA-2024-0015.02","3016 E 51ST STREET","Amended Neighborhood Plan","05/20/2024","Closed","1","","","0218201216","The applicant proposes to amend a previously approved neighborhood plan.","30.29650219","-97.68263154"
"NPA-2023-0030.02","714 Turtle Creek Multifamily","Amended Neighborhood Plan","02/28/2023","Closed","2","GR-MU-V-NP","MF-2-NP","0416110755","The applicant is proposing a NPA.","30.20436615","-97.78428816"
"NPA-2019-0014.01","Stassney Residential","Amended Neighborhood Plan","04/17/2019","Closed","2","","","0323010124","The Applicant is proposing an amendment to the approved Southeast Austin Combined Neighborhood Plan.","30.20106852","-97.72326207"
"NPA-2022-0015.07.SH","Norman Crossing","Amended Neighborhood Plan","09/08/2022","Closed","1","","","0211230401","The Applicant is proposing to amend a previously approved Neighborhood Plan from Civic to Multi-family land use.  

Related case:  C14-2022-0122.SH","30.27727948","-97.67504708"
"C814-00-2063.11","Wildhorse Ranch PUD Amendment No. 11","Planned Unit Development (PUD)","12/27/2024","Closed","","PUD - PLANNED UNIT DEVELOPMENT","PUD - PLANNED UNIT DEVELOPMENT","","The applicant is proposing an administrative amendment to a previously approved Planned Unit Development Plan.","",""
"NPA-2019-0014.02","Ben White and Montopolis Neighborhood Plan Amendment","Amended Neighborhood Plan","06/28/2019","Closed","2","","","0316100202","The Applicant proposes a FLUM amendment on 8.8127 acres from Commercial to Mixed Use land use.","30.21182196","-97.71421876"
"C14-2023-0044","300-440 Industrial Blvd.","Planned Development Agreement (PDA)","02/23/2023","Closed","3","LI-PDA-NP, limited industrial services - planned development area - neighborhood plan","LI-NP, limited industrial services - neighborhood plan","0412040406","The Applicant is proposing to rezone approximately 1.38 acres from LI-NP to LI-PDA-NP.

Related case:  NPA-2023-0020.03","30.21886143","-97.76164874"
"C814-2014-0110.02.SH","Colony Park Sustainable Community Initiative PUD","Planned Unit Development (PUD)","06/09/2023","Closed","1","PUD, planned unit development, to amend the Land Use Plan, permitted uses, maximum densities and site development regulations","PUD, planned unit development","0218310513","The Applicant is proposing to a PUD amendment on 208 acres of land to update the Land Use Plan, permitted uses, maximum densities and site development regulations.

Related item:  Council Resolution #","30.29510143","-97.63422788"
"NPA-2023-0014.01.SH","5900 S Pleasant Valley Apartments - NPA","Amended Neighborhood Plan","05/31/2023","Closed","2","","","0322020120","The applicant is proposing an NPA from Single Family, Open Space to Mixed Use land use.

Related case:  C14-2023-0071.SH from PUD-NP to GR-MU-CO-NP.","30.18841614","-97.74530304"
"NPA-2022-0014.02","Sage @ Franklin Park","Amended Neighborhood Plan","06/30/2022","Closed","2","","","","The Applicant is proposing to amend a previously approved neighborhood plan.","30.20070594","-97.73423684"
"NPA-2021-0002.01","1400 E 4TH STREET","Amended Neighborhood Plan","07/26/2021","Closed","3","","","0204061405","The applicant is proposing to amend a neighborhood plan.","30.26193006","-97.72876766"
"NPA-2018-0002.01.SH","Chalmers Court East","Amended Neighborhood Plan","05/07/2018","Closed","3","TOD-Saltillo","MF-4-NP","0204080201","The applicant proposes a change to a previously adopted Neighborhood Plan.","30.26052444","-97.72659411"
"NPA-2018-0012.01","3200 Merrie Lynn","Amended Neighborhood Plan","07/25/2018","Closed","9","","","0214120637","The applicant is proposing a plan amendment for the current neighborhood plan.

Relevant case C14-2018-0087","30.28551265","-97.71236500"
"C14-2022-0121","Borden Tract","Planned Development Agreement (PDA)","08/25/2022","Closed","3","LI-PDA-NP, limited industrial services - planned development area - neighborhood plan","LI-CO-NP, limited industrial services - conditional overlay - neighborhood plan","0302170108","The Applicant is proposing to rezone approximately 21.38 acres from LI-CO-NP to LI-PDA-NP.

Related case:  NPA-2022-0016.02","30.24858342","-97.69333351"
"NPA-2018-0016.04","Springdale Farms","Amended Neighborhood Plan","07/31/2018","Closed","3","","","0202160901","The Applicant is proposing a change to the future land use map ot the approved Johnson Terrace/Govalle Combined Neighborhood plan.  
Related case:  C14-2019-0031","30.25745834","-97.70052662"
"NPA-2024-0026.02.SH","204 East Rundberg Lane NPA","Amended Neighborhood Plan","04/18/2024","Closed","4","GR-MU-V-NP","LR-V-NP","0240170231","The applicant is proposing an NPA.","30.36060400","-97.69243349"
"NPA-2022-0014.01","3111 and 3112 Caseybridge Court","Amended Neighborhood Plan","04/29/2022","Closed","2","","","0314160203","The applicant is proposing to amend a previously approved neighborhood plan.","30.21465843","-97.69910908"
"NPA-2018-0021.03","Colop 2","Amended Neighborhood Plan","07/31/2018","Closed","3","","","","The applicant is proposing zoning change for neighborhood plan 
Related case C14-2018-0088","30.23006572","-97.71492759"
"NPA-2023-0015.06","Springdale Beauty Salon","Amended Neighborhood Plan","12/19/2023","Closed","3","","","0206180835","The applicant is requesting an NPA.","30.26920816","-97.69292160"
"NPA-2021-0020.01","Shelby Lane Residences","Amended Neighborhood Plan","02/02/2021","Closed","3","MF-6-NP","CS-CO-NP","0414030127","The applicant is proposing to amend a previously approved neighborhood plan.","30.21064241","-97.75981557"
"C14-2022-0103","4927 E. 5th Street","Planned Development Agreement (PDA)","07/18/2022","Closed","3","LI-PDA-NP, limited industrial services - planned development area - neighborhood plan","LI-CO-NP, limited industrial services - conditional overlay - neighborhood plan","0201150315","The Applicant is proposing to rezone approximately 1.43 acres from LI-CO-NP to LI-PDA-NP.","30.25249653","-97.70065241"
"NPA-2018-0026.01","Austin Suites","New Neighborhood Plan","02/26/2018","Closed","4","","","0235160407","The applicant  is proposing to amend an approved neighborhood plan with associated improvements

Related case:  C14-2018-0022","30.34602065","-97.69666978"
"C814-90-0003.22","Harris Branch PUD Amendment 22","Planned Unit Development (PUD)","07/02/2024","Closed","1","PUD","PUD","0242410502","The Applicant is proposing to amend a previously recorded PUD.","30.36311682","-97.62772543"
"NPA-2024-0025.01","8900 and 8956 W SH 71 Multifamily","Amended Neighborhood Plan","03/13/2024","Closed","8","MF-4-NP","AG-NP","0102470309","The applicant is proposing to amend a previously approved neighborhood plan.","30.25457416","-97.90007969"
"NPA-2021-0026.01","Grady & Brownie Mixed Use","Amended Neighborhood Plan","03/12/2021","Closed","4","MF-4-NP - MULTI FAMILY MODERATE","SF-3-NP","0243210430","The applicant is proposing to amend a previously recorded neighborhood plan.","30.37136757","-97.68169983"
"NPA-2025-0001.01","NPAs for the South Congress Transit Center Station Area Vision Plan","Amended Neighborhood Plan","02/03/2025","Closed","3","","","0409050512","The City of Austin Planning Department is proposing to amend a previously approved neighborhood plan.","30.22395374","-97.76418932"
"C14-2020-0154","Domain Retail District | Block Z","Planned Development Agreement (PDA)","11/23/2020","Closed","7","MI-PDA, to change a condition of zoning","MI-PDA","0252060207","The Applicant is proposing to amend a previously approved PDA agreement.","30.39397186","-97.72416959"
"NPA-2018-0001.01","410 West Alpine","Amended Neighborhood Plan","02/27/2018","Closed","3","MF-2-NP","SF-3-NP","0407033201","The applicant is proposing zoning change for neighborhood plan","30.23014420","-97.76468116"
"NPA-2022-0029.01","7601 Cameron Road","Amended Neighborhood Plan","07/22/2022","Closed","1","","","0229200104","The applicant is proposing to amend a previously approved neighborhood plan.","30.33058186","-97.68741184"
"NPA-2024-0024.01","2700 Gracy Farms Lane","Amended Neighborhood Plan","01/25/2024","Closed","7","TOD-CMU-Midway","TOD-NR","0258100202","The applicant is proposing to amend a previously approved Neighborhood Plan.","30.40671710","-97.71296949"
"C814-2020-0104","Springdale Green PUD","Planned Unit Development (PUD)","09/14/2020","Closed","3","PUD-NP - Planned Unit Development - Neighborhood  Plan","GR-MU-CO-NP; RR-CO-NP","0205170105","The Applicant is proposing to rezone 30.2 acres from RR-CO-NP and GR-MU-CO-NP, and create a planned unit development, PUD-NP.","30.26418628","-97.69480474"
"C14-2019-0082","600 Industrial Blvd. Mixed Use","Planned Development Agreement (PDA)","05/24/2019","Closed","3","LI-PDA-NP","LI-CO-NP","0412030109","The Applicant is proposing to rezone 4.26 acres from LI-CO-NP to LI-PDA-NP.","30.21759917","-97.75891768"
"NPA-2024-0008.01","2600 E MARTIN LUTHER KING JR BOULEVARD","Amended Neighborhood Plan","06/21/2024","Closed","1","GR-MU-V-DB90-NP","GO-V-CO-NP","0212101002","The applicant proposes to amend a previously approved neighborhood plan.","30.28163681","-97.71395015"
"NPA-2019-0020.03","Congress MH/RV Park (City Initiated -NPA)","Amended Neighborhood Plan","01/15/2019","Closed","2","","","0420070101","The applicant is proposing to change a previously established Neighborhood Plan 

Related Rezoning Case:  C14-2019-0027","30.19988804","-97.77542996"
"NPA-2020-0021.01","Woodland on IH35","Amended Neighborhood Plan","07/07/2020","Closed","9","","","0304040820","The applicant is proposing to amend a previously approved neighborhood plan.","30.23906096","-97.73703098"
"C14-2023-0101","410 Pressler","Planned Development Agreement (PDA)","08/25/2023","Closed","9","LI-PDA-NP","LI-CO-NP","0108030909","The applicant is proposing to rezone approximately 1.13 acres from LI-CO-NP to LI-PDA-NP.","30.27226657","-97.76120835"
"C814-90-0003.20","Harris Branch PUD Amendment No. 20","Planned Unit Development (PUD)","10/05/2020","Closed","1","PUD - PLANNED UNIT DEVELOPMENT","PUD - PLANNED UNIT DEVELOPMENT","0239431906","The Applicant is proposing to amend a previously approved Planned Unit Development.","30.35315119","-97.61649596"
"C14-2022-0030","RedLeaf Highland - Tract 4","Planned Development Agreement (PDA)","02/08/2022","Closed","4","LI-PDA-NP, limited industrial services - planned development area - neighborhood plan","CS-MU-V-NP, general commercial services - mixed use - vertical mixed use building - neighborhood plan","0226110103","The Applicant is proposing to rezone approximately 4.29 acres from CS-MU-V-NP to LI-PDA-NP.","30.32836193","-97.71539557"
"NPA-2023-0015.05.SH","1702 Deloney Street","Amended Neighborhood Plan","10/19/2023","Closed","1","MF-2-NP","SF-3-NP","0211170201","The applicant is requesting an NPA.","30.28245684","-97.69399793"
"NPA-2020-0019.01","1103 W. 24th Street","Amended Neighborhood Plan","02/28/2020","Closed","9","","","0113000422","The applicant is proposing to amend a previously approved neighborhood plan.","30.28794972","-97.74972376"
"NPA-2023-0018.04","7009 Guadalupe St - Rezoning","Amended Neighborhood Plan","02/28/2023","Closed","4","MF-2-NP","SF-6-NP","0231110128","The applicant is requesting a NPA from Higher-Density Single Family to Multifamily.  

Related case:  C14-2023-0029","30.33640199","-97.71502837"
"NPA-2022-0009.01","1007 and 1021 E. 7th Street","Amended Neighborhood Plan","07/26/2022","Closed","3","","","0206050802","The applicant is proposing to amend a previously approved neighborhood plan.","30.26565840","-97.73182602"
"NPA-2020-0002.01","Fair Market","Amended Neighborhood Plan","07/30/2020","Closed","3","","","0204052007","The applicant is proposing to amend a previously approved neighborhood plan.","30.26391101","-97.73110319"
"NPA-2018-0024.01","183 and Metric NPA","Amended Neighborhood Plan","02/07/2018","Closed","4","","","0245080111","The applicant proposes to Amend a previously approved neighborhood plan.","30.37216090","-97.72238390"
"NPA-2023-0022.01","821 Woodward Street","Amended Neighborhood Plan","02/24/2023","Closed","3","GR-V-CO-NP","LI-PDA-NP","0410010434","The Applicant is requesting a neighborhood plan amendment from Industry to Mixed Use.

Related case:  C14-2023-0025","30.22443520","-97.75093178"
"NPA-2021-0021.01.SH","Parker Apartments","Amended Neighborhood Plan","01/14/2021","Closed","3","MF-4-NP - Multifamily Residence - Moderate-High density - Neighborhood Plan","SF-3-NP - Family Residence - Neighorhood Plan","0307050303","The applicant is proposing to Amend a previously approved Neighborhood Plan.","30.23385396","-97.73483025"
"NPA-2019-0020.01","Villa Denese Mobile Home Park (City Initiated-NPA)","Amended Neighborhood Plan","01/15/2019","Closed","3","","","0412050317","The City of Austin proposes to amend a previously approved neighborhood plan,","30.21469515","-97.76509742"
"NPA-2022-0028.02","Jonwood Way-33 Degrees","Amended Neighborhood Plan","06/07/2022","Closed","1","","","0243231109","The Applicant is proposing to amend previously approved Neighborhood Plan.

Related case:  C14-2022-0085","30.36563932","-97.67098449"
"NPA-2023-0029.01","6121 N. Interstate Highway 35","Amended Neighborhood Plan","05/12/2023","Closed","4","CH-PDA-NP","CS-MU-NP, CS-1-NP","0226140501","The Applicant is requesting a NP amendment to change the FLUM designation for a portion of the Property from Mixed Use to High Density Mixed Use.

Related case:  C14-2023-0063","30.32368736","-97.70496190"
"NPA-2021-0016.03","3535 E 7TH STREET","Amended Neighborhood Plan","07/28/2021","Closed","3","","","0202141011","The applicant is proposing to amend an existing Neighborhood Plan.","30.25608748","-97.70247757"
"C814-88-0001.12","Davenport West PUD Amendment #12 (Michael & Susan Dell Foundation)","Planned Unit Development (PUD)","08/30/2019","Closed","10","PUD","PUD","0131190401","The Applicant is proposing to amend a previously approved land use plan, to allow for additional office square footage.","30.33536615","-97.81070440"
"C17-2020-0068","707 W 14th Street CVC Determination","Capital View Corridor Height","06/16/2020","Closed","9","GO - GENERAL OFFICE","GO - GENERAL OFFICE","0210000609","Capitol View Corridor Determination","30.27780739","-97.74707982"
"NPA-2023-0018.01","7002, 7004, and 7006 Guadalupe Street","Amended Neighborhood Plan","02/15/2023","Closed","4","","","0231091501","The applicant is proposing an NPA.","30.33609144","-97.71584852"
"C14-2022-0028","RedLeaf Highland - Tract 3","Planned Development Agreement (PDA)","02/08/2022","Closed","4","LI-PDA-NP, limited industrial services - planned development area - neighborhood plan","CS-MU-V-NP, general commercial services - mixed use - vertical mixed use building - neighborhood plan","0228130114","The Applicant is proposing to rezone approximately 1.259 acres from CS-MU-V-NP to LI-PDA-NP.","30.32683296","-97.70935292"
"C14-2021-0112","300 & 301 Pressler and 1505 W. 3rd Street - Parcel 2","Planned Development Agreement (PDA)","06/23/2021","Closed","9","LI-PDA-NP, limited industrial services - planned development area - neighborhood plan","CS-CO-NP, general commercial services - conditional overlay - neighborhood plan","0107030106","The Applicant is proposing to rezone approximately 1.17 acres from CS-CO-NP to LI-PDA-NP.","30.27204407","-97.76259264"
"C14-99-0069.01","200 S Congress Avenue","Planned Development Agreement (PDA)","09/29/2021","Closed","9","LI-PDA-NP, limited industrial services - planned development area - neighborhood plan, to modify permitted uses, remove access restrictions, and remove minimum parking requirements","LI-PDA-NP, limited industrial services - planned development area - neighborhood plan","0203000201","The Applicant is proposing to amend a Planned Development Area to modify permitted uses, remove access restrictions, and remove minimum parking requirements.","30.25983722","-97.74615131"
"NPA-2024-0015.04","City Initiated NPA - Hibbitts Rd","Amended Neighborhood Plan","08/19/2024","Closed","1","CS-NP","I-RR-NP","0207260401","At their March 26, 2024 meeting, the Planning Commission initiated an amendment to a previously approved neighborhood plan from Transportation to Commercial land use. 

Related case:  C14-2024-0127 fr","30.26829283","-97.66929641"
"NPA-2025-0025.01","Oak Hill Apartments","Amended Neighborhood Plan","02/04/2025","Closed","8","","","0406280705","The applicant is requesting a NPA.","30.23726075","-97.84362710"
"NPA-2022-0028.01","11114 Joseph Clayton Ln","Amended Neighborhood Plan","06/24/2022","Closed","1","","","0245230102","The Applicant is proposing to amend an approved neighborhood plan from Commercial to Mixed Use land use.","30.37432387","-97.67543621"
"NPA-2020-0025.01","Thomas Springs Office/ Warehouse","Amended Neighborhood Plan","09/11/2020","Closed","8","","","0404550112","The Applicant is proposing an amendment  to a previously approved neighborhood plan.","30.24713407","-97.92329157"
"NPA-2023-0020.03","300-440 Industrial Blvd. NPA","Amended Neighborhood Plan","02/23/2023","Closed","3","LI-PDA-NP","LI-NP","0412040406","The applicant is requesting a Neighborhood Plan Amendment.","30.21886143","-97.76164874"
"NPA-2019-0027.01","Twin Liquors-Maudies","Amended Neighborhood Plan","02/26/2019","Closed","10","CS-1-NP","CS-NP","0111071007","The applicant proposes to amend a previously adopted neighborhood plan.","30.28281832","-97.77557426"
"NPA-2022-0030.01","Gobi 250","Amended Neighborhood Plan","10/21/2022","Closed","2","","","0414140807","The applicant is proposing to amend a previously approved Neighborhood Plan. 

Related case:  C14-2022-0158","30.21083146","-97.78964964"
"C814-06-0175.05","East Avenue PUD, Parcel A, 2nd Amendment","Planned Unit Development (PUD)","04/11/2023","Closed","9","PUD-NP, planned unit development - neighborhood plan, to increase the maximum allowable height of Parcel A (1.13 acres) from 120 feet to 160 feet","PUD-NP, planned unit development - neighborhood plan","0215080826","The Applicant is proposing to amend PUD-NP zoning, to increase the maximum allowable height of Parcel A (1.13 acres) from 120 feet to 160 feet.","30.29318536","-97.72121785"
"NPA-2023-0014.03","7300 Metro Center (Neighborhood Plan Amendment)","Amended Neighborhood Plan","07/24/2023","Closed","2","LI-PDA-NP","LI-NP","0315110802","The applicant is requesting an NPA.","30.21152818","-97.69802276"
"C14-2020-0066","Concordia Residence Hall - PDA Amendment","Planned Development Agreement (PDA)","06/03/2020","Closed","10","R&D-PDA, to amend Section 4(B)(1) of Ordinance No. 20070215-042","R&D-PDA","0159370252","The Applicant is proposing to amend a previously approved PDA, specifically to Section 4(B)(1) of Ordinance No. 20070215-042, which states, ""Any building in excess of 40' in height shall be at least 3","30.42020548","-97.84028225"
"NPA-2019-0021.01","Jensen's Mobile Home Park/City Initiated FLUM Change","Amended Neighborhood Plan","01/16/2019","Closed","3","","","0310050305","The applicant is proposing to change a previously established neighborhood plan. 

Related Rezoning Case:  C14-2019-0026","30.21998999","-97.73359253"
"NPA-2022-0023.03","Berkman Residential","Amended Neighborhood Plan","07/12/2022","Closed","4","","","0224190211","The applicant is proposing to Amend a previously approved Neighborhood Plan.","30.31678642","-97.69050061"
"C814-86-023.01","Camelback Planned Unit Development","Planned Unit Development (PUD)","04/23/2018","Closed","10","PUD - PLANNED UNIT DEVELOPMENT","PUD - PLANNED UNIT DEVELOPMENT","0137150101","The Applicant proposes to amend a previously approved land plan, allowable uses and site development regulations.","30.35496571","-97.80348761"
"C814-2009-0094.01","Whisper Valley PUD Amendment","Planned Unit Development (PUD)","09/24/2018","Closed","1","PUD - PLANNED UNIT DEVELOPMENT","PUD - PLANNED UNIT DEVELOPMENT","0218600125","The Applicant is proposing to modify the building coverage (by increasing it) for certain types of residential development with the PUD.","30.30209165","-97.56466268"
"C14-2023-0056","W US 290","Planned Development Agreement (PDA)","04/11/2023","Closed","8","LI-PDA-NP, limited industrial services - planned development area - neighborhood plan","DR-NP; development reserve - neighborhood plan; LO-CO-NP, limited office - conditional overlay - neighborhood plan; GO-CO-NP, general office - conditional overlay - neighborhood plan; GR-CO-NP, community commercial - conditional overlay - neighborhood plan; GR-MU-CO-NP, community commercial  - mixed use - conditional overlay - neighborhood plan","0408230601","The Applicant is proposing to change approximately 24.83 acres from DR-NP; LO-CO-NP; GO-CO-NP; GR-CO-NP; and GR-MU-CO-NP to LI-PDA-NP.","30.23525262","-97.83076227"
"NPA-2019-0029.01","Patton Courts Mobile Home Park (City Initiated-NPA)","Amended Neighborhood Plan","01/15/2019","Closed","1","","","0227200805","The City of Austin proposes to amend a previously adopted neighborhood plan.","30.32304099","-97.68305013"
"NPA-2024-0023.01","1211 East 52nd Street NPA","Amended Neighborhood Plan","12/10/2024","Closed","4","","","0221130243","The applicant is requesting a NPA.","30.30882517","-97.70687874"
"NPA-2024-0018.03","Brentwood Multifamily DB90 NPA","Amended Neighborhood Plan","07/12/2024","Closed","7","CS-MU-V-DB90-NP","MF-6-NP","0229030903","The applicant is requesting an NPA.","30.32761943","-97.73880758"
"NPA-2025-0002.01","1301, 1303, and 1305 E 4th Street","Amended Neighborhood Plan","01/23/2025","Closed","3","","","0204060801","The applicant is requesting a NPA.","30.26197712","-97.73027135"
"C14-2022-0108","Interport","Planned Development Agreement (PDA)","07/14/2022","Closed","","LI-PDA, limited industrial services - planned development area, to amend the Land Use Plan","LI-PDA, limited industrial services - planned development area","","The Applicant is proposing the 3rd amendment (administrative) to the PDA to amend 97.12 acres within the approved Land Use Plan attached to the LI-PDA zoning ordinance.","",""
"C814-2012-0152.03","Pilot Knob PUD - 3rd Amendment","Planned Unit Development (PUD)","01/08/2021","Closed","","amend the PUD by adding 5 tracts totaling 242.508 acres of unzoned land","Unzoned","","The Applicant is proposing to amend an approved Planned Unit Development, to add 242.508 acres of unzoned land to the project area.","",""
"C814-04-0024.02","BRODIE 31","Planned Unit Development (PUD)","01/18/2018","Closed","","PUD - PLANNED UNIT DEVELOPMENT","PUD - PLANNED UNIT DEVELOPMENT","","The applicant is proposing an amendment to a PUD to add a driveway to Brodie Ln.","",""
"C814-97-0001.15","Leander Rehabilitation PUD Amendment #16","Planned Unit Development (PUD)","09/10/2021","Closed","","PUD, planned unit development, to change conditions of zoning","PUD, planned unit development","","The PUD amendment applies to 29.9 acres and proposes to increase the allowed total number of dwelling units within the PUD from 3,500 dwelling units to 4,700 dwelling units, allocating the additional","",""
"C12M-2019-0002","Trail of Madrones Annexation to the WCID #10","Municipal Utility District (MUD)","07/17/2019","Closed","","None","","","The applicant is proposing to annex a property into the Travis County Water Control and Improvement District #10","",""
"C12M-2018-0145","Senna Hills Municipal Utility District","Municipal Utility District (MUD)","11/20/2018","Closed","","N/A","","0121500301","The applicant is proposing an Amendment to existing MUD Agreement.","30.30963305","-97.90477981"
"C814-97-0001.12","Leander Rehabilitation PUD Amendment #13","Planned Unit Development (PUD)","10/19/2018","Closed","","PUD - PLANNED UNIT DEVELOPMENT, to change conditions of zoning","PUD - PLANNED UNIT DEVELOPMENT","","The Applicant is proposing an amendment to the PUD land use plan to revise parking and access-related requirements.","",""
"C814-04-0055.05","Mueller","Planned Unit Development (PUD)","02/08/2023","Closed","","PUD, planned unit development, to 1) allow for the redistribution of residential dwelling units from one land use to some other areas, within the existing maximum allowable density limits of the PUD, and 2) clarify that ADUs are allowed to be built on rowhouse lots","PUD, planned unit development","","The Applicant is proposing an administrative amendment to the PUD to: 1) allow for the redistribution of residential dwelling units from one land use area to some other areas, within the existing maxi","",""
"C814-2012-0085.02","Texas Children's Hospital - Austin South Campus","Planned Unit Development (PUD)","01/27/2022","Closed","","PUD, planned unit development, to change conditions of zoning","PUD, planned unit development","0456180705","The Applicant is proposing to amend a Planned Unit Development, to 1) add a new land use parcel to be designated as CS-MU (Hospital Tract); 2) to require a minimum 2-Star Green Building Rating; 3) to","30.11353097","-97.81085442"
"NPA-2021-0025.01","290 West and Scenic Brook","Amended Neighborhood Plan","03/12/2021","Closed","","","","","NPA","30.23320675","-97.90348578"
"NPA-2020-0015.02.SH","2011 & 2015 EM Franklin","Amended Neighborhood Plan","07/29/2020","Closed","","","","0213170105","The applicant is proposing an amendment to a previously approved neighborhood plan.","30.28582325","-97.69693557"
"C12M-2020-0137","Lower Camelot WSC Annexation into Travis County Water Control and Improvement District No 10","Municipal Utility District (MUD)","11/17/2020","Closed","","N/A","","0117280121","The applicant is requesting Annexation into Water Control District #10 for 115.39 acres.","30.29703183","-97.84571420"
"C814-92-0006.02","Seton Medical Center Planned Unit Development Amendment No. 2","Planned Unit Development (PUD)","04/26/2022","Closed","","PUD-NP, planned unit development - neighborhood plan, to modify site development regulations","PUD-NP, planned unit development - neighborhood plan","","The Applicant is proposing to amend an approved PUD to allow for building expansion on 12.21 acres.","",""
"C814-90-0003.21","Harris Branch PUD Amendment 21","Planned Unit Development (PUD)","09/17/2021","Closed","","PUD, planned unit development, to remove the 3 stories limit to properties zoned LO, LR, MF-2, and MF-3 as shown in Exhibit C of Ordinance No. 901213-H","PUD, planned unit development","","The Applicant is proposing to amend a previously recorded PUD to remove the 3 stories limit to properties zoned LO, LR, MF-2, and MF-3 as shown in Exhibit C of Ordinance No. 901213-H.","",""
"C814-00-2063.07","Wildhorse Ranch PUD","Planned Unit Development (PUD)","12/21/2021","Closed","","PUD, planned unit development, to reallocate the base zoning for Parcels E-3 and E-2 to allow commercial property to front the arterial (Parmer Ln) without allocating the proposed land density","PUD, planned unit development","","The Applicant is proposing an amendment to an approved PUD, to reallocate the base zoning for Parcels E-3 and E-2 to allow commercial property to front the arterial (Parmer Ln) without allocating the","",""
"C12M-2018-0005","Austin Green Water District","Municipal Utility District (MUD)","12/20/2018","Closed","","PUD - PLANNED UNIT DEVELOPMENT","","","To create a Water District","30.23187270","-97.62615701"
"C814-2012-0152.02","Pilot Knob PUD 2nd Amendment","Planned Unit Development (PUD)","08/10/2018","Closed","","PUD - PLANNED UNIT DEVELOPMENT","Unzoned","","The application is proposing to add additional land within the project area as shown on the Pilot Knob PUD land use existing plan.","",""
"C814-04-0061.02","Ribelin Ranch PUD Amendment #2 - Austin Baptist Church Minor Amendment","Planned Unit Development (PUD)","03/15/2021","Closed","","PUD, to add the following note: Section 25-1-21(105) (Definition of Site) is modified to provide that the 26.103 acres outlined in Tract 1B may cross a public street or right-of-way.","PUD, planned unit development","","The Applicant is proposing to amend a previously approved Planned Unit Development to add the following note:
Section 25-1-21(105) (Definition of Site) is modified to provide that the 26.103 acres ou","",""
"C814-06-0175.04","East Avenue PUD Amendment Parcel H","Planned Unit Development (PUD)","08/25/2022","Closed","","PUD-NP, planned unit development - neighborhood plan, to allow administrative and business office use to exceed 75% of the ground floor area as depicted on Exhibit C-3 of the ordinance","PUD-NP, planned unit development - neighborhood plan","0215080159","The Applicant is proposing to amend PUD-NP zoning on 1.579 acres to allow administrative and business office use to exceed 75% of the ground floor area as depicted on Exhibit C-3 of the ordinance for","30.29179450","-97.72237949"
"C814-89-0003.02","305 S. Congress","Planned Unit Development (PUD)","07/24/2019","Closed","","PUD-NP - PLANNED UNIT DEVELOPMENT, to change conditions of zoning","PUD-NP - PLANNED UNIT DEVELOPMENT","","The PUD amendment proposes to replace the land use plan, modify the conditional and prohibited uses and revise the development intensity on 18.86 acres.","",""
"C814-97-0001.14","Leander Rehabilitation PUD Amendment #15","Planned Unit Development (PUD)","01/15/2021","Closed","","to amend ordinance 20190620-154 and permit an alternate internal drive design for the interior streets on parcels CO-1, Commercial Office and COR-4, Commercial Office Residential.","PUD","","The Applicant is proposing a PUD amendment, specifically to amend ordinance 20190620-154 and permit an alternate internal drive design for the interior streets on parcels CO-1, Commercial Office and C","",""
"C814-96-0003.15","Pioneer Crossing PUD Amendment #15","Planned Unit Development (PUD)","02/22/2019","Closed","","PUD","PUD","","The Applicant has requested a 15th Amendment to the Pioneer Crossing PUD to address the interpretation of Part 13 of the original PUD ordinance (Ordinance No. 970410-I) concerning the dedication of pa","",""
"C814-06-0175.03","East Avenue PUD, Parcel A Amendment","Planned Unit Development (PUD)","05/27/2020","Closed","","PUD-NP, planned unit development - neighborhood plan, to modify the allowable height","PUD-NP, planned unit development - neighborhood plan","0215080159","The Applicant is proposing to amend 1.13 acres of an approved Planned Unit Development, to increase the maximum allowable height of Parcel A.","30.29179450","-97.72237949"
"NPA-2019-0008.01","2717 Manor Road","Amended Neighborhood Plan","07/31/2019","Closed","","","","0212120308","Rosewood -2019 Neighborhood Plan Amendment Number 1.
On Oct. 3, 2019, the applicant added an additional lot, 2204 Curtis Ave, to the application.","30.28508271","-97.71272527"
"C814-97-0002.01","Mary Vice Estates PUD Lot 27 Amendment","Planned Unit Development (PUD)","08/13/2018","Closed","","Mixed Use","PUD-NP","","The application is proposing an increase to maximum building square footage, reduce the building setbacks and allow townhouse, condo, and duplex residential uses to the existing use.","",""
"NPA-2023-0014.02.SH","5901 Drowsy Willow Trail - NPA","Amended Neighborhood Plan","06/01/2023","Closed","","","","0322020144","The applicant is proposing an NPA from Single Family, Open Space to Multi family 

Related case:  C14-2023-0078.SH from PUD-NP to MF-3-NP.","30.18756793","-97.74334392"
"C814-2012-0152.04","Pilot Knob PUD - 4th Amendment","Planned Unit Development (PUD)","01/28/2022","Closed","","PUD, planned unit development, to add 50.908 acres of unzoned land to the project area","PUD, planned unit development","","The Applicant is proposing to add 50.908 acres of unzoned land to the project area of the Pilot Knob PUD.

Related case:  C7L-2022-0001","",""
"C814-96-0003.17","Pioneer Crossing PUD Amendment #17","Planned Unit Development (PUD)","09/02/2020","Closed","","PUD, to modify the land use plan","PUD","","The Applicant is proposing to amend the PUD, to reallocate dwelling units and impervious cover between RA parcels, revise the boundary line between RA 12 and RA 14, reallocate the proposed future r-o-","",""
"NPA-2020-0015.04.SH","Lott Avenue","Amended Neighborhood Plan","07/30/2020","Closed","","","","0209190322","The applicant is proposing to amend a previously approved neighborhood plan.","30.27654149","-97.68350286"
"C814-96-0003.18","Pioneer Crossing PUD Amendment #18","Planned Unit Development (PUD)","06/08/2021","Closed","","PUD - PLANNED UNIT DEVELOPMENT","PUD - PLANNED UNIT DEVELOPMENT","","The PUD amendment proposes to reallocate residential unit counts across different tract (while maintaining the same overall unit count), changing the uses on two tracts from residential to commercial,","",""
"NPA-2019-0010.01","2700 E 5th Street","Amended Neighborhood Plan","06/18/2019","Closed","","","","0203110602","City-Initiated plan amendment application to correct an error in the future land use map (FLUM) where the land use designation was not assigned during the planning process on property located at 2700","30.25717364","-97.71239609"
